,GPU model,arch,model,framework,gpus,max_length,batch_size,seq_len_batch,grad_accum,num_layers,hidden_size,heads,ff,task,fp16,bf16,power_correction,energy_consumed_kWh,duration_s,tokens_seen,tokens_per_sec_run,FLOPs,params_calc,M_proxy,flops_per_token_proxy,eta_h_proxy,n_runs,median_n_epochs,T1,speed_up,parallel_efficiency,strategy,memory,compute,log_energy_consumed_kWh,log_parallel_efficiency,log_FLOPs,log_params_calc,log_tokens_seen,log_speed_up,log_M_proxy,log_compute,log_memory,log_AI
17,NVIDIA A100-SXM4-40GB,gpt,"CustomGPT(L=10,d=640,h=10,ff=2560)",Baseline,1,32,8,32,8,10,640,10,2560,WIKITEXT,True,False,1.0,0.003458,54.590999999999994,1356096.0,24841.017750178602,22496005324800.0,81920000.0,1638400.0,49766400.0,1.861504,1,3.0,54.590999999999994,1.0,1.0,Baseline,2221827686400.0,111091384320000.0,-5.667064891721038,0.0,30.744358868256633,18.221253719255472,14.120120541436703,0.0,14.309230713827326,32.34137426069218,28.429351255264027,16.435128154429307
18,NVIDIA A100-SXM4-40GB,gpt,"CustomGPT(L=10,d=640,h=10,ff=2560)",Baseline,1,64,8,64,8,10,640,10,2560,WIKITEXT,True,False,1.0,0.003834,55.413,1970304.0,35556.71051919225,33088497254400.0,81920000.0,3276800.0,50380800.0,1.356101,1,3.0,55.413,1.0,1.0,Baseline,6456292147200.0,161407303680000.0,-5.563846634358684,0.0,31.130206822941435,18.221253719255472,14.493698403529692,0.0,15.002377894387271,32.714952122785164,29.49607629791696,16.127828928554163
19,NVIDIA A100-SXM4-40GB,gpt,"CustomGPT(L=10,d=640,h=10,ff=2560)",Baseline,1,96,8,96,8,10,640,10,2560,WIKITEXT,True,False,1.0,0.00434,57.666,2584512.0,44818.645302257835,43932568780800.0,81920000.0,4915200.0,50995200.0,1.207014,1,3.0,57.666,1.0,1.0,Baseline,12703393382400.0,211723223040000.0,-5.4398809308698235,0.0,31.413677046615962,18.221253719255472,14.765047266671875,0.0,15.407843002495435,32.98630098592734,30.172890269167308,16.005834044120526
20,NVIDIA A100-SXM4-40GB,gpt,"CustomGPT(L=10,d=640,h=10,ff=2560)",Baseline,1,128,8,128,8,10,640,10,2560,WIKITEXT,True,False,1.0,0.0049949999999999994,62.273,3198720.0,51366.08160840171,55028219904000.0,81920000.0,6553600.0,51609600.0,1.136877,1,3.0,62.273,1.0,1.0,Baseline,20963131392000.0,262039142400000.0,-5.29931786688162,0.0,31.638867258739417,18.221253719255472,14.978261287748614,0.0,15.695525074947216,33.19951500700409,30.673786362695832,15.943342183792202
21,NVIDIA A100-SXM4-40GB,gpt,"CustomGPT(L=10,d=640,h=10,ff=2560)",FSDP,2,32,8,32,8,10,640,10,2560,WIKITEXT,True,False,1.0,0.007164,80.011,1970496.0,24627.813675619604,32688164044800.0,81920000.0,1638400.0,49766400.0,2.308485,1,3.0,54.590999999999994,0.6822936846183649,0.34114684230918246,FSDP,3228460646400.0,161423032320000.0,-4.9386867947836715,-1.075442271782353,31.118034172493424,18.221253719255472,14.493795845673496,-0.3822950912224078,14.309230713827326,32.71504956492897,28.80302655950082,16.808803458666098
22,NVIDIA A100-SXM4-40GB,gpt,"CustomGPT(L=10,d=640,h=10,ff=2560)",FSDP,2,64,8,64,8,10,640,10,2560,WIKITEXT,True,False,1.0,0.007945,80.014,3199104.0,39981.803184442724,53724472934400.0,81920000.0,3276800.0,50380800.0,1.879653,1,3.0,55.413,0.6925413052715774,0.3462706526357887,FSDP,10482823987200.0,262070599680000.0,-4.835212478993458,-1.0605345766578207,31.614889747974377,18.221253719255472,14.978381328562635,-0.36738739609787546,15.002377894387271,33.199635047818106,29.980759222949906,16.612511853587108
23,NVIDIA A100-SXM4-40GB,gpt,"CustomGPT(L=10,d=640,h=10,ff=2560)",FSDP,2,96,8,96,8,10,640,10,2560,WIKITEXT,True,False,1.0,0.008785,81.71000000000001,4427712.0,54188.12874801125,75264019660800.0,81920000.0,4915200.0,50995200.0,1.753379,1,3.0,57.666,0.7057398115285766,0.3528699057642883,FSDP,21763090022400.0,362718167040000.0,-4.734709557343076,-1.0416558288873592,31.95202330998911,18.221253719255472,15.303393530045023,-0.34850864832741396,15.407843002495435,33.52464724930049,30.711236532540457,16.544180307493676
24,NVIDIA A100-SXM4-40GB,gpt,"CustomGPT(L=10,d=640,h=10,ff=2560)",FSDP,2,128,8,128,8,10,640,10,2560,WIKITEXT,True,False,1.0,0.009967,85.75999999999999,5656320.0,65955.22388059703,97306804224000.0,81920000.0,6553600.0,51609600.0,1.72596,1,3.0,62.273,0.726131063432836,0.363065531716418,FSDP,37069258752000.0,463365734400000.0,-4.608475642996818,-1.0131719328661286,32.2088900330352,18.221253719255472,15.548284062044402,-0.3200247523061834,15.695525074947216,33.769537781299874,31.24380913699162,16.51336495808799
25,NVIDIA A100-SXM4-40GB,gpt,"CustomGPT(L=10,d=640,h=10,ff=2560)",FSDP,4,32,8,32,8,10,640,10,2560,WIKITEXT,True,False,1.0,0.012104,76.845,3199488.0,41635.60413820027,53075666534400.0,81920000.0,1638400.0,49766400.0,3.764501,1,3.0,54.590999999999994,0.7104040601210228,0.1776010150302557,FSDP,5242041139200.0,262102056960000.0,-4.4142193024960825,-1.7282157331799506,31.602739681788517,18.221253719255472,14.97850135496859,-0.3419213720600601,14.309230713827326,33.19975507422406,29.287732068795915,17.29350896796119
26,NVIDIA A100-SXM4-40GB,gpt,"CustomGPT(L=10,d=640,h=10,ff=2560)",FSDP,4,64,8,64,8,10,640,10,2560,WIKITEXT,True,False,1.0,0.013832,78.118,5657088.0,72417.21498246244,95002873036800.0,81920000.0,3276800.0,50380800.0,3.344562,1,3.0,55.413,0.709349957756215,0.17733748943905375,FSDP,18537145958400.0,463428648960000.0,-4.280770530601147,-1.729700641896844,32.18492824956442,18.221253719255472,15.548419830152682,-0.3434062807769533,15.002377894387271,33.769673549408154,30.550797724539954,17.182550355177153
27,NVIDIA A100-SXM4-40GB,gpt,"CustomGPT(L=10,d=640,h=10,ff=2560)",FSDP,4,96,8,96,8,10,640,10,2560,WIKITEXT,True,False,1.0,0.015366,79.26,7911936.0,99822.558667676,134490252902400.0,81920000.0,4915200.0,50995200.0,3.249952,1,3.0,57.666,0.727554882664648,0.181888720666162,FSDP,38888747827200.0,648145797120000.0,-4.175598002536693,-1.7043602038129773,32.53251284321729,18.221253719255472,15.883883063273203,-0.3180658426930867,15.407843002495435,34.105136782528675,31.291726065768636,17.124669840721854
28,NVIDIA A100-SXM4-40GB,gpt,"CustomGPT(L=10,d=640,h=10,ff=2560)",FSDP,4,128,8,128,8,10,640,10,2560,WIKITEXT,True,False,1.0,0.013311,66.075,7905792.0,119648.76276958002,136004920934400.0,81920000.0,6553600.0,51609600.0,3.166649,1,3.0,62.273,0.9424593265228907,0.23561483163072267,FSDP,51811398451200.0,647642480640000.0,-4.319164517917255,-1.445556876593935,32.54371218435117,18.221253719255472,15.88310621336037,-0.0592625154740446,15.695525074947216,34.10435993261584,31.578631288307587,16.84818710940396
29,NVIDIA A100-SXM4-40GB,gpt,"CustomGPT(L=10,d=640,h=10,ff=2560)",FSDP,6,32,8,32,8,10,640,10,2560,WIKITEXT,True,False,1.0,0.018899,78.981,4428288.0,56067.763132905384,73459983974400.0,81920000.0,1638400.0,49766400.0,5.279168,1,3.0,54.590999999999994,0.6911915523986781,0.11519859206644635,FSDP,7255307059200.0,362765352960000.0,-3.9686462683692367,-2.161097752440462,31.927761938165947,18.221253719255472,15.30352361134602,-0.3693382832124071,14.309230713827326,33.52477733060149,29.612754325173345,17.61853122433862
30,NVIDIA A100-SXM4-40GB,gpt,"CustomGPT(L=10,d=640,h=10,ff=2560)",FSDP,6,64,8,64,8,10,640,10,2560,WIKITEXT,True,False,1.0,0.021022,79.866,7911936.0,99065.13409961686,132869888409600.0,81920000.0,3276800.0,50380800.0,4.746224,1,3.0,55.413,0.6938246562993013,0.11563744271655023,FSDP,25925831884800.0,648145797120000.0,-3.8621857705809743,-2.1572954762556997,32.52039148268494,18.221253719255472,15.883883063273203,-0.36553600702764466,15.002377894387271,34.105136782528675,30.886260957660472,17.518013588297674
31,NVIDIA A100-SXM4-40GB,gpt,"CustomGPT(L=10,d=640,h=10,ff=2560)",FSDP,6,96,8,96,8,10,640,10,2560,WIKITEXT,True,False,1.0,0.015763,59.295,7902144.0,133268.3025550215,134323804569600.0,81920000.0,4915200.0,50995200.0,4.545977,1,3.0,57.666,0.9725271945357955,0.16208786575596593,FSDP,38840618188800.0,647343636480000.0,-4.150089857337732,-1.8196167095756113,32.531274452966144,18.221253719255472,15.882644673022055,-0.02785724034755632,15.407843002495435,34.10389839227753,31.29048767551749,17.123431450470708
32,NVIDIA A100-SXM4-40GB,gpt,"CustomGPT(L=10,d=640,h=10,ff=2560)",FSDP,6,128,8,128,8,10,640,10,2560,WIKITEXT,True,False,1.0,0.013139999999999999,48.86,7893504.0,161553.4997953336,135793528012800.0,81920000.0,6553600.0,51609600.0,4.32646,1,3.0,62.273,1.2745190339746215,0.21241983899577024,FSDP,51730867814400.0,646635847680000.0,-4.332094265925672,-1.549190590041341,32.54215667169065,18.221253719255472,15.881550700699847,0.242568879186714,15.695525074947216,34.10280441995532,31.577075775647064,16.846631596743432
33,NVIDIA A100-SXM4-40GB,gpt,"CustomGPT(L=10,d=768,h=12,ff=3072)",Baseline,1,32,8,32,8,10,768,12,3072,WIKITEXT,True,False,1.0,0.003655,55.373000000000005,1356096.0,24490.2028064219,32327592837120.0,117964800.0,1966080.0,71516160.0,1.871459,1,3.0,55.373000000000005,1.0,1.0,Baseline,2666193223680.0,159971593420800.0,-5.611659185780395,0.0,31.10694224888153,18.585896832843382,14.120120541436703,0.0,14.49155227062128,32.70601737428009,28.611672812057982,16.61538997826025
34,NVIDIA A100-SXM4-40GB,gpt,"CustomGPT(L=10,d=768,h=12,ff=3072)",Baseline,1,64,8,64,8,10,768,12,3072,WIKITEXT,True,False,1.0,0.004161,56.188,1970304.0,35066.27749697444,47453747281920.0,117964800.0,3932160.0,72253440.0,1.35767,1,3.0,56.188,1.0,1.0,Baseline,7747550576640.0,232426517299200.0,-5.481999848981332,0.0,31.49077661114171,18.585896832843382,14.493698403529692,0.0,15.184699451181226,33.07959523637307,29.678397854710916,16.30607715996048
35,NVIDIA A100-SXM4-40GB,gpt,"CustomGPT(L=10,d=768,h=12,ff=3072)",Baseline,1,96,8,96,8,10,768,12,3072,WIKITEXT,True,False,1.0,0.0048590000000000005,60.488,2584512.0,42727.681523607986,62881797242880.0,117964800.0,5898240.0,72990720.0,1.215598,1,3.0,60.488,1.0,1.0,Baseline,15244072058880.0,304881441177600.0,-5.326922623558371,0.0,31.772277845747908,18.585896832843382,14.765047266671875,0.0,15.59016455928939,33.35094409951525,30.355211825961263,16.182113286458517
36,NVIDIA A100-SXM4-40GB,gpt,"CustomGPT(L=10,d=768,h=12,ff=3072)",Baseline,1,128,8,128,8,10,768,12,3072,WIKITEXT,True,False,1.0,0.0055639999999999995,65.436,3198720.0,48883.183568677785,78611742720000.0,117964800.0,7864320.0,73728000.0,1.147653,1,3.0,65.436,1.0,1.0,Baseline,25155757670400.0,377336365056000.0,-5.191438004920941,0.0,31.99554220267815,18.585896832843382,14.978261287748614,0.0,15.877846631741171,33.564158120592,30.856107919489784,16.11769557093698
37,NVIDIA A100-SXM4-40GB,gpt,"CustomGPT(L=10,d=768,h=12,ff=3072)",FSDP,2,32,8,32,8,10,768,12,3072,WIKITEXT,True,False,1.0,0.007909,82.07900000000001,1970496.0,24007.31003058029,46974102405120.0,117964800.0,1966080.0,71516160.0,2.34182,1,3.0,55.373000000000005,0.6746305388710876,0.3373152694355438,FSDP,3874152775680.0,232449166540800.0,-4.839753927444857,-1.0867372683407595,31.48061755311832,18.585896832843382,14.493795845673496,-0.3935900877808142,14.49155227062128,33.07969267851688,28.985348116294777,16.98906528249704
38,NVIDIA A100-SXM4-40GB,gpt,"CustomGPT(L=10,d=768,h=12,ff=3072)",FSDP,2,64,8,64,8,10,768,12,3072,WIKITEXT,True,False,1.0,0.008669,81.773,3199104.0,39121.7639074022,77048756305920.0,117964800.0,3932160.0,72253440.0,1.884625,1,3.0,56.188,0.6871216660755995,0.3435608330377998,FSDP,12579388784640.0,377381663539200.0,-4.748001835095634,-1.0683910853641518,31.97545953617465,18.585896832843382,14.978381328562635,-0.37524390480420666,15.184699451181226,33.564278161406015,30.16308077974386,16.790760084993426
39,NVIDIA A100-SXM4-40GB,gpt,"CustomGPT(L=10,d=768,h=12,ff=3072)",FSDP,2,96,8,96,8,10,768,12,3072,WIKITEXT,True,False,1.0,0.009961,85.44800000000001,4427712.0,51817.62007302687,107727295610880.0,117964800.0,5898240.0,72990720.0,1.806616,1,3.0,60.488,0.7078925194270199,0.35394625971350996,FSDP,26115708026880.0,522314160537600.0,-4.609077810819108,-1.038610186091371,32.31062410912106,18.585896832843382,15.303393530045023,-0.3454630055314256,15.59016455928939,33.8892903628884,30.893558089334412,16.720459549831666
40,NVIDIA A100-SXM4-40GB,gpt,"CustomGPT(L=10,d=768,h=12,ff=3072)",FSDP,2,128,8,128,8,10,768,12,3072,WIKITEXT,True,False,1.0,0.011433,91.214,5656320.0,62011.53331725393,139009720320000.0,117964800.0,7864320.0,73728000.0,1.760641,1,3.0,65.436,0.717389874361392,0.358694937180696,FSDP,44483110502400.0,667246657536000.0,-4.471251368422304,-1.02528300889897,32.56556497697394,18.585896832843382,15.548284062044402,-0.33213582833902466,15.877846631741171,34.134180894887784,31.426130693785574,16.687718345232767
41,NVIDIA A100-SXM4-40GB,gpt,"CustomGPT(L=10,d=768,h=12,ff=3072)",FSDP,4,32,8,32,8,10,768,12,3072,WIKITEXT,True,False,1.0,0.013922,78.689,3199488.0,40659.91434635083,76271698575360.0,117964800.0,1966080.0,71516160.0,3.806225,1,3.0,55.373000000000005,0.7036942901803303,0.17592357254508256,FSDP,6290449367040.0,377426962022400.0,-4.274284956235662,-1.7377056251594158,31.965323062413415,18.585896832843382,14.97850135496859,-0.3514112640395253,14.49155227062128,33.56439818781197,29.47005362558987,17.473770791792134
42,NVIDIA A100-SXM4-40GB,gpt,"CustomGPT(L=10,d=768,h=12,ff=3072)",FSDP,4,64,8,64,8,10,768,12,3072,WIKITEXT,True,False,1.0,0.016198,82.409,5657088.0,68646.48278707422,136248022794240.0,117964800.0,3932160.0,72253440.0,3.348493,1,3.0,56.188,0.6818187333907704,0.1704546833476926,FSDP,22244575150080.0,667337254502400.0,-4.122867501155339,-1.7692858044031938,32.545498037764695,18.585896832843382,15.548419830152682,-0.38299144328330315,15.184699451181226,34.13431666299606,30.733119281333906,17.360798586583474
43,NVIDIA A100-SXM4-40GB,gpt,"CustomGPT(L=10,d=768,h=12,ff=3072)",FSDP,4,96,8,96,8,10,768,12,3072,WIKITEXT,True,False,1.0,0.018203999999999998,85.27600000000001,7911936.0,92780.33678877995,192499301744640.0,117964800.0,5898240.0,72990720.0,3.278608,1,3.0,60.488,0.7093203245930859,0.17733008114827148,FSDP,46666497392640.0,933329947852800.0,-4.006113928827742,-1.7297424178662175,32.89111364234924,18.585896832843382,15.883883063273203,-0.34344805674632695,15.59016455928939,34.469779896116584,31.47404762256259,17.300949083059848
44,NVIDIA A100-SXM4-40GB,gpt,"CustomGPT(L=10,d=768,h=12,ff=3072)",FSDP,4,128,8,128,8,10,768,12,3072,WIKITEXT,True,False,1.0,0.015771,70.642,7905792.0,111913.4792333173,194292744192000.0,117964800.0,7864320.0,73728000.0,3.219233,1,3.0,65.436,0.9263044647660034,0.23157611619150084,FSDP,62173678141440.0,932605172121600.0,-4.149582468476717,-1.4628466638536584,32.90038712828991,18.585896832843382,15.88310621336037,-0.07655230273376776,15.877846631741171,34.46900304620375,31.760952845101542,17.022540496548736
45,NVIDIA A100-SXM4-40GB,gpt,"CustomGPT(L=10,d=768,h=12,ff=3072)",FSDP,6,32,8,32,8,10,768,12,3072,WIKITEXT,True,False,1.0,0.021564,83.722,4428288.0,52892.764148013666,105564717711360.0,117964800.0,1966080.0,71516160.0,5.36371,1,3.0,55.373000000000005,0.661391271111536,0.11023187851858933,FSDP,8706368471040.0,522382108262400.0,-3.8367300213927145,-2.205169145343275,32.29034531879085,18.585896832843382,15.30352361134602,-0.41340967611521984,14.49155227062128,33.8894204441894,29.7950758819673,17.798793048169564
46,NVIDIA A100-SXM4-40GB,gpt,"CustomGPT(L=10,d=768,h=12,ff=3072)",FSDP,6,64,8,64,8,10,768,12,3072,WIKITEXT,True,False,1.0,0.023385999999999997,81.564,7911936.0,97002.79535089011,190554864353280.0,117964800.0,3932160.0,72253440.0,4.808642,1,3.0,56.188,0.6888823500563975,0.11481372500939958,FSDP,31110998261760.0,933329947852800.0,-3.7556177262640102,-2.1644442464118927,32.880961270885216,18.585896832843382,15.883883063273203,-0.37268477718383797,15.184699451181226,34.469779896116584,31.068582514454427,17.69626181970399
47,NVIDIA A100-SXM4-40GB,gpt,"CustomGPT(L=10,d=768,h=12,ff=3072)",FSDP,6,96,8,96,8,10,768,12,3072,WIKITEXT,True,False,1.0,0.017757000000000002,61.559,7902144.0,128366.99751457952,192261060034560.0,117964800.0,5898240.0,72990720.0,4.566577,1,3.0,60.488,0.9826020565636219,0.16376700942727032,FSDP,46608741826560.0,932174836531200.0,-4.030975474605439,-1.8093105354963344,32.889875252098086,18.585896832843382,15.882644673022055,-0.017551066268279496,15.59016455928939,34.46854150586544,31.472809232311445,17.2997106928087
48,NVIDIA A100-SXM4-40GB,gpt,"CustomGPT(L=10,d=768,h=12,ff=3072)",FSDP,6,128,8,128,8,10,768,12,3072,WIKITEXT,True,False,1.0,0.01546,52.899,7893504.0,149218.39732320083,193990754304000.0,117964800.0,7864320.0,73728000.0,4.402294,1,3.0,65.436,1.236998809051211,0.20616646817520182,FSDP,62077041377280.0,931155620659200.0,-4.169499235822861,-1.5790713385900261,32.89883161562938,18.585896832843382,15.881550700699847,0.2126881306380288,15.877846631741171,34.46744753354323,31.75939733244102,17.020984983888212
49,NVIDIA A100-SXM4-40GB,gpt,"CustomGPT(L=12,d=640,h=10,ff=2560)",Baseline,1,32,8,32,8,12,640,10,2560,WIKITEXT,True,False,1.0,0.003978,64.07,1356096.0,21165.849851724677,26995206389760.0,98304000.0,1966080.0,59719680.0,1.876909,1,3.0,64.07,1.0,1.0,Baseline,2666193223680.0,133309661184000.0,-5.526976098550357,0.0,30.926680425050584,18.403575276049427,14.120120541436703,0.0,14.49155227062128,32.52369581748613,28.611672812057982,16.435128154429307
50,NVIDIA A100-SXM4-40GB,gpt,"CustomGPT(L=12,d=640,h=10,ff=2560)",Baseline,1,64,8,64,8,12,640,10,2560,WIKITEXT,True,False,1.0,0.004419,65.203,1970304.0,30217.996104473717,39706196705280.0,98304000.0,3932160.0,60456960.0,1.362335,1,3.0,65.203,1.0,1.0,Baseline,7747550576640.0,193688764416000.0,-5.421841852833534,0.0,31.312528379735387,18.403575276049427,14.493698403529692,0.0,15.184699451181226,32.897273679579115,29.678397854710916,16.127828928554163
51,NVIDIA A100-SXM4-40GB,gpt,"CustomGPT(L=12,d=640,h=10,ff=2560)",Baseline,1,96,8,96,8,12,640,10,2560,WIKITEXT,True,False,1.0,0.004882,65.632,2584512.0,39378.839590443684,52719082536960.0,98304000.0,5898240.0,61194240.0,1.202878,1,3.0,65.632,1.0,1.0,Baseline,15244072058880.0,254067867648000.0,-5.322200307011369,0.0,31.595998603409917,18.403575276049427,14.765047266671875,0.0,15.59016455928939,33.1686225427213,30.355211825961263,16.005834044120526
52,NVIDIA A100-SXM4-40GB,gpt,"CustomGPT(L=12,d=640,h=10,ff=2560)",Baseline,1,128,8,128,8,12,640,10,2560,WIKITEXT,True,False,1.0,0.005655,70.565,3198720.0,45330.12116488344,66033863884800.0,98304000.0,7864320.0,61931520.0,1.130708,1,3.0,70.565,1.0,1.0,Baseline,25155757670400.0,314446970880000.0,-5.175215169414053,0.0,31.82118881553337,18.403575276049427,14.978261287748614,0.0,15.877846631741171,33.38183656379804,30.856107919489784,15.943342183792202
53,NVIDIA A100-SXM4-40GB,gpt,"CustomGPT(L=12,d=640,h=10,ff=2560)",FSDP,2,32,8,32,8,12,640,10,2560,WIKITEXT,True,False,1.0,0.008509,92.251,1970496.0,21360.158697466693,39225796853760.0,98304000.0,1966080.0,59719680.0,2.367342,1,3.0,64.07,0.6945182166046979,0.34725910830234896,FSDP,3874152775680.0,193707638784000.0,-4.766630852114717,-1.0576840678792994,31.30035572928738,18.403575276049427,14.493795845673496,-0.36453688731935413,14.49155227062128,32.89737112172292,28.985348116294777,16.808803458666098
54,NVIDIA A100-SXM4-40GB,gpt,"CustomGPT(L=12,d=640,h=10,ff=2560)",FSDP,2,64,8,64,8,12,640,10,2560,WIKITEXT,True,False,1.0,0.00931,92.37100000000001,3199104.0,34633.207391930366,64469367521280.0,98304000.0,3932160.0,60456960.0,1.904958,1,3.0,65.203,0.7058817161230256,0.3529408580615128,FSDP,12579388784640.0,314484719616000.0,-4.6766661876931614,-1.041454776987615,31.797211304768332,18.403575276049427,14.978381328562635,-0.34830759642766973,15.184699451181226,33.381956604612064,30.16308077974386,16.612511853587108
55,NVIDIA A100-SXM4-40GB,gpt,"CustomGPT(L=12,d=640,h=10,ff=2560)",FSDP,2,96,8,96,8,12,640,10,2560,WIKITEXT,True,False,1.0,0.010107999999999999,94.018,4427712.0,47094.301091280395,90316823592960.0,98304000.0,5898240.0,61194240.0,1.76663,1,3.0,65.632,0.6980790912378482,0.3490395456189241,FSDP,26115708026880.0,435261800448000.0,-4.594428089456189,-1.0525700519699335,32.13434486678307,18.403575276049427,15.303393530045023,-0.3594228714099882,15.59016455928939,33.70696880609445,30.893558089334412,16.544180307493676
56,NVIDIA A100-SXM4-40GB,gpt,"CustomGPT(L=12,d=640,h=10,ff=2560)",FSDP,2,128,8,128,8,12,640,10,2560,WIKITEXT,True,False,1.0,0.011104,94.7,5656320.0,59728.827877507916,116768165068800.0,98304000.0,7864320.0,61931520.0,1.752444,1,3.0,70.565,0.7451425554382259,0.37257127771911297,FSDP,44483110502400.0,556038881280000.0,-4.500449875217688,-0.9873269098860076,32.39121158982916,18.403575276049427,15.548284062044402,-0.2941797293260623,15.877846631741171,33.951859338093826,31.426130693785574,16.51336495808799
57,NVIDIA A100-SXM4-40GB,gpt,"CustomGPT(L=12,d=640,h=10,ff=2560)",FSDP,4,32,8,32,8,12,640,10,2560,WIKITEXT,True,False,1.0,0.014384,88.232,3199488.0,36262.21778946414,63690799841280.0,98304000.0,1966080.0,59719680.0,3.859044,1,3.0,64.07,0.7261537764076524,0.1815384441019131,FSDP,6290449367040.0,314522468352000.0,-4.241638801252872,-1.7062878344728063,31.785061238582472,18.403575276049427,14.97850135496859,-0.3199934733529157,14.49155227062128,33.382076631018016,29.47005362558987,17.29350896796119
58,NVIDIA A100-SXM4-40GB,gpt,"CustomGPT(L=12,d=640,h=10,ff=2560)",FSDP,4,64,8,64,8,12,640,10,2560,WIKITEXT,True,False,1.0,0.016266000000000003,89.781,5657088.0,63009.85731947739,114003447644160.0,98304000.0,3932160.0,60456960.0,3.385018,1,3.0,65.203,0.7262449738808879,0.18156124347022198,FSDP,22244575150080.0,556114378752000.0,-4.118678239237553,-1.7061622526057918,32.36724980635838,18.403575276049427,15.548419830152682,-0.3198678914859013,15.184699451181226,33.951995106202105,30.733119281333906,17.182550355177153
59,NVIDIA A100-SXM4-40GB,gpt,"CustomGPT(L=12,d=640,h=10,ff=2560)",FSDP,4,96,8,96,8,12,640,10,2560,WIKITEXT,True,False,1.0,0.01759,88.304,7911936.0,89598.84036963218,161388303482880.0,98304000.0,5898240.0,61194240.0,3.300352,1,3.0,65.632,0.7432505888747962,0.18581264721869906,FSDP,46666497392640.0,777774956544000.0,-4.04042472023267,-1.6830163859270657,32.71483440001124,18.403575276049427,15.883883063273203,-0.29672202480717524,15.59016455928939,34.287458339322626,31.47404762256259,17.124669840721854
60,NVIDIA A100-SXM4-40GB,gpt,"CustomGPT(L=12,d=640,h=10,ff=2560)",FSDP,4,128,8,128,8,12,640,10,2560,WIKITEXT,True,False,1.0,0.015202,72.93100000000001,7905792.0,108400.98174987316,163205905121280.0,98304000.0,7864320.0,61931520.0,3.220547,1,3.0,70.565,0.9675583770961592,0.2418895942740398,FSDP,62173678141440.0,777170976768000.0,-4.186328280838288,-1.4192738789344743,32.72603374114513,18.403575276049427,15.88310621336037,-0.03297951781458365,15.877846631741171,34.286681489409794,31.760952845101542,16.84818710940396
61,NVIDIA A100-SXM4-40GB,gpt,"CustomGPT(L=12,d=640,h=10,ff=2560)",FSDP,6,32,8,32,8,12,640,10,2560,WIKITEXT,True,False,1.0,0.022909,95.934,4428288.0,46159.73481768716,88151980769280.0,98304000.0,1966080.0,59719680.0,5.257719,1,3.0,64.07,0.6678549836345821,0.11130916393909701,FSDP,8706368471040.0,435318423552000.0,-3.776225432530926,-2.195443688608463,32.1100834949599,18.403575276049427,15.30352361134602,-0.40368421938040816,14.49155227062128,33.707098887395446,29.7950758819673,17.61853122433862
62,NVIDIA A100-SXM4-40GB,gpt,"CustomGPT(L=12,d=640,h=10,ff=2560)",FSDP,6,64,8,64,8,12,640,10,2560,WIKITEXT,True,False,1.0,0.024112,91.673,7911936.0,86306.06612634036,159443866091520.0,98304000.0,3932160.0,60456960.0,4.83991,1,3.0,65.203,0.7112563132001789,0.11854271886669648,FSDP,31110998261760.0,777774956544000.0,-3.725045637097997,-2.1324818866049267,32.7027130394789,18.403575276049427,15.883883063273203,-0.34072241737687164,15.184699451181226,34.287458339322626,31.068582514454427,17.518013588297674
63,NVIDIA A100-SXM4-40GB,gpt,"CustomGPT(L=12,d=640,h=10,ff=2560)",FSDP,6,96,8,96,8,12,640,10,2560,WIKITEXT,True,False,1.0,0.018347,68.158,7902144.0,115938.61322221896,161188565483520.0,98304000.0,5898240.0,61194240.0,4.529146,1,3.0,65.632,0.9629390533759794,0.1604898422293299,FSDP,46608741826560.0,776812363776000.0,-3.9982892055855546,-1.8295246267056342,32.713596009760096,18.403575276049427,15.882644673022055,-0.0377651574775793,15.59016455928939,34.28621994907148,31.472809232311445,17.123431450470708
64,NVIDIA A100-SXM4-40GB,gpt,"CustomGPT(L=12,d=640,h=10,ff=2560)",FSDP,6,128,8,128,8,12,640,10,2560,WIKITEXT,True,False,1.0,0.014908999999999999,53.681,7893504.0,147044.65267040482,162952233615360.0,98304000.0,7864320.0,61931520.0,4.436279,1,3.0,70.565,1.3145246921629627,0.21908744869382712,FSDP,62077041377280.0,775963017216000.0,-4.205790221535875,-1.5182843197640665,32.72447822848461,18.403575276049427,15.881550700699847,0.27347514946398843,15.877846631741171,34.28512597674927,31.75939733244102,16.846631596743432
65,NVIDIA A100-SXM4-40GB,gpt,"CustomGPT(L=12,d=768,h=12,ff=3072)",Baseline,1,32,8,32,8,12,768,12,3072,WIKITEXT,True,False,1.0,0.0042959999999999995,65.58,1356096.0,20681.380379097867,38793111404544.0,141557760.0,2359296.0,85819392.0,1.8681795,2,3.0,65.58,1.0,1.0,Baseline,3199431868416.0,191965912104960.0,-5.450070921775573,0.0,31.289263805675485,18.768218389637337,14.120120541436703,0.0,14.673873827415234,32.88833893107404,28.793994368851937,16.61538997826025
66,NVIDIA A100-SXM4-40GB,gpt,"CustomGPT(L=12,d=768,h=12,ff=3072)",Baseline,1,64,8,64,8,12,768,12,3072,WIKITEXT,True,False,1.0,0.0048024999999999995,65.45400000000001,1970304.0,30104.7925779886,56944496738304.0,141557760.0,4718592.0,86704128.0,1.3555510000000002,2,3.0,65.45400000000001,1.0,1.0,Baseline,9297060691968.0,278911820759040.0,-5.338618663321562,0.0,31.673098167935663,18.768218389637337,14.493698403529692,0.0,15.367021007975179,33.261916793167025,29.86071941150487,16.30607715996048
67,NVIDIA A100-SXM4-40GB,gpt,"CustomGPT(L=12,d=768,h=12,ff=3072)",Baseline,1,96,8,96,8,12,768,12,3072,WIKITEXT,True,False,1.0,0.0055225,69.293,2584512.0,37300.749171794225,75458156691456.0,141557760.0,7077888.0,87588864.0,1.2096265,2,3.0,69.293,1.0,1.0,Baseline,18292886470656.0,365857729413120.0,-5.198924622670002,0.0,31.954599402541863,18.768218389637337,14.765047266671875,0.0,15.772486116083344,33.53326565630921,30.537533382755218,16.182113286458517
68,NVIDIA A100-SXM4-40GB,gpt,"CustomGPT(L=12,d=768,h=12,ff=3072)",Baseline,1,128,8,128,8,12,768,12,3072,WIKITEXT,True,False,1.0,0.006422,75.29400000000001,3198720.0,42484.611003200655,94334091264000.0,141557760.0,9437184.0,88473600.0,1.1330505,2,3.0,75.29400000000001,1.0,1.0,Baseline,30186909204480.0,452803638067200.0,-5.0480256833148145,0.0,32.1778637594721,18.768218389637337,14.978261287748614,0.0,16.060168188535126,33.74647967738595,31.03842947628374,16.11769557093698
69,NVIDIA A100-SXM4-40GB,gpt,"CustomGPT(L=12,d=768,h=12,ff=3072)",FSDP,2,32,8,32,8,12,768,12,3072,WIKITEXT,True,False,1.0,0.008987,92.7225,1970496.0,21251.82078369873,56368922886144.0,141557760.0,2359296.0,85819392.0,2.3691164999999996,2,3.0,65.58,0.7072716978079754,0.3536358489039877,FSDP,4648983330816.0,278938999848960.0,-4.711976190305901,-1.0394875707104978,31.662939109912276,18.768218389637337,14.493795845673496,-0.3463403901505526,14.673873827415234,33.26201423531083,29.16766967308873,16.98906528249704
70,NVIDIA A100-SXM4-40GB,gpt,"CustomGPT(L=12,d=768,h=12,ff=3072)",FSDP,2,64,8,64,8,12,768,12,3072,WIKITEXT,True,False,1.0,0.010162500000000001,93.7845,3199104.0,34112.64971166376,92458507567104.0,141557760.0,4718592.0,86704128.0,1.9263205,2,3.0,65.45400000000001,0.6979191657470052,0.3489595828735026,FSDP,15095266541568.0,452857996247040.0,-4.589050804108208,-1.052799171871398,32.157781092968605,18.768218389637337,14.978381328562635,-0.3596519913114528,15.367021007975179,33.746599718199974,30.345402336537816,16.790760084993426
71,NVIDIA A100-SXM4-40GB,gpt,"CustomGPT(L=12,d=768,h=12,ff=3072)",FSDP,2,96,8,96,8,12,768,12,3072,WIKITEXT,True,False,1.0,0.0113785,95.432,4427712.0,46396.98042119992,129272754733056.0,141557760.0,7077888.0,87588864.0,1.829176,2,3.0,69.293,0.7260981641378155,0.36304908206890774,FSDP,31338849632256.0,626776992645120.0,-4.476029669165,-1.0132172415466063,32.49294566591501,18.768218389637337,15.303393530045023,-0.32007006098666096,15.772486116083344,34.07161191968236,31.075879646128367,16.720459549831666
72,NVIDIA A100-SXM4-40GB,gpt,"CustomGPT(L=12,d=768,h=12,ff=3072)",FSDP,2,128,8,128,8,12,768,12,3072,WIKITEXT,True,False,1.0,0.0128465,102.161,5656320.0,55367.68328836528,166811664384000.0,141557760.0,9437184.0,88473600.0,1.7765735,2,3.0,75.29400000000001,0.7370131459167394,0.3685065729583697,FSDP,53379732602880.0,800695989043200.0,-4.354683878282174,-0.9982967304470489,32.74788653376789,18.768218389637337,15.548284062044402,-0.3051495498871037,16.060168188535126,34.316502451681735,31.60845225057953,16.687718345232767
73,NVIDIA A100-SXM4-40GB,gpt,"CustomGPT(L=12,d=768,h=12,ff=3072)",FSDP,4,32,8,32,8,12,768,12,3072,WIKITEXT,True,False,1.0,0.016127000000000002,92.1075,3199488.0,34747.23669520147,91526038290432.0,141557760.0,2359296.0,85819392.0,3.8636565000000003,2,3.0,65.58,0.7119941372852373,0.17799853432130933,FSDP,7548539240448.0,452912354426880.0,-4.127260392983758,-1.7259799628739003,32.14764461920737,18.768218389637337,14.97850135496859,-0.33968560175400964,14.673873827415234,33.746719744605926,29.652375182383825,17.473770791792134
74,NVIDIA A100-SXM4-40GB,gpt,"CustomGPT(L=12,d=768,h=12,ff=3072)",FSDP,4,64,8,64,8,12,768,12,3072,WIKITEXT,True,False,1.0,0.0183425,92.8305,5657088.0,60956.02487829316,163497627353088.0,141557760.0,4718592.0,86704128.0,3.4265315000000003,2,3.0,65.45400000000001,0.7050915378027697,0.17627288445069242,FSDP,26693490180096.0,800804705402880.0,-3.9985345073761245,-1.7357220048633608,32.72781959455865,18.768218389637337,15.548419830152682,-0.34942764374347024,15.367021007975179,34.316638219790015,30.91544083812786,17.360798586583474
75,NVIDIA A100-SXM4-40GB,gpt,"CustomGPT(L=12,d=768,h=12,ff=3072)",FSDP,4,96,8,96,8,12,768,12,3072,WIKITEXT,True,False,1.0,0.0205475,95.1405,7911936.0,83160.59914007134,230999162093568.0,141557760.0,7077888.0,87588864.0,3.3796619999999997,2,3.0,69.293,0.7283228488393482,0.18208071220983704,FSDP,55999796871168.0,1119995937423360.0,-3.885015999941619,-1.7033052165303082,33.07343519914319,18.768218389637337,15.883883063273203,-0.3170108554104175,15.772486116083344,34.652101452910536,31.656369179356545,17.300949083059848
76,NVIDIA A100-SXM4-40GB,gpt,"CustomGPT(L=12,d=768,h=12,ff=3072)",FSDP,4,128,8,128,8,12,768,12,3072,WIKITEXT,True,False,1.0,0.017836,78.995,7905792.0,100081.45049265094,233151293030400.0,141557760.0,9437184.0,88473600.0,3.2725035,2,3.0,75.29400000000001,0.9531489334768024,0.2382872333692006,FSDP,74608413769728.0,1119126206545920.0,-4.026536392216906,-1.4342784700884768,33.08270868508386,18.768218389637337,15.88310621336037,-0.047984108968586174,16.060168188535126,34.651324602997704,31.943274401895497,17.022540496548736
77,NVIDIA A100-SXM4-40GB,gpt,"CustomGPT(L=12,d=768,h=12,ff=3072)",FSDP,6,32,8,32,8,12,768,12,3072,WIKITEXT,True,False,1.0,0.024751000000000002,94.022,4428288.0,47098.42377315947,126677661253632.0,141557760.0,2359296.0,85819392.0,5.33596,1,3.0,65.58,0.6974963306460189,0.11624938844100315,FSDP,10447642165248.0,626858529914880.0,-3.6988893867432546,-2.1520174952510627,32.4726668755848,18.768218389637337,15.30352361134602,-0.36025802602300755,14.673873827415234,34.071742000983356,29.977397438761255,17.798793048169564
78,NVIDIA A100-SXM4-40GB,gpt,"CustomGPT(L=12,d=768,h=12,ff=3072)",FSDP,6,64,8,64,8,12,768,12,3072,WIKITEXT,True,False,1.0,0.027413,93.911,7911936.0,84249.29986902492,228665837223936.0,141557760.0,4718592.0,86704128.0,4.945148,1,3.0,65.45400000000001,0.6969790546368371,0.11616317577280617,FSDP,37333197914112.0,1119995937423360.0,-3.5967379255503933,-2.152759388637446,33.063282827679174,18.768218389637337,15.883883063273203,-0.36099991940939086,15.367021007975179,34.652101452910536,31.25090407124838,17.69626181970399
79,NVIDIA A100-SXM4-40GB,gpt,"CustomGPT(L=12,d=768,h=12,ff=3072)",FSDP,6,96,8,96,8,12,768,12,3072,WIKITEXT,True,False,1.0,0.020218,67.411,7902144.0,117223.36117250893,230713272041472.0,141557760.0,7077888.0,87588864.0,4.732802,1,3.0,69.293,1.0279182922668408,0.1713197153778068,FSDP,55930490191872.0,1118609803837440.0,-3.901181982250271,-1.7642237875846611,33.072196808892045,18.768218389637337,15.882644673022055,0.027535681643393907,15.772486116083344,34.65086306265939,31.6551307891054,17.2997106928087
80,NVIDIA A100-SXM4-40GB,gpt,"CustomGPT(L=12,d=768,h=12,ff=3072)",FSDP,6,128,8,128,8,12,768,12,3072,WIKITEXT,True,False,1.0,0.016954,57.354,7893504.0,137627.78533319384,232788905164800.0,141557760.0,9437184.0,88473600.0,4.508783,1,3.0,75.29400000000001,1.3127942253373786,0.21879903755622976,FSDP,74492449652736.0,1117386744791040.0,-4.077251484795923,-1.5196016071815093,33.081153172423335,18.768218389637337,15.881550700699847,0.27215786204654563,16.060168188535126,34.64976909033718,31.94171888923497,17.020984983888212
81,NVIDIA A100-SXM4-40GB,gpt,"CustomGPT(L=12,d=896,h=14,ff=3584)",Baseline,1,32,8,32,8,12,896,14,3584,WIKITEXT,True,False,1.0,0.004561,65.685,1356096.0,20645.44416533455,52723970998272.0,192675840.0,2752512.0,116637696.0,1.868191,1,3.0,65.685,1.0,1.0,Baseline,3732670513152.0,261286935920640.0,-5.390213381252574,0.0,31.5960913257117,19.07651974929185,14.120120541436703,0.0,14.828024507242493,33.19664029072855,28.948145048679198,16.768066818469208
82,NVIDIA A100-SXM4-40GB,gpt,"CustomGPT(L=12,d=896,h=14,ff=3584)",Baseline,1,64,8,64,8,12,896,14,3584,WIKITEXT,True,False,1.0,0.005275,66.896,1970304.0,29453.24085147094,77281817001984.0,192675840.0,5505024.0,117669888.0,1.354715,1,3.0,66.896,1.0,1.0,Baseline,10846570807296.0,379629978255360.0,-5.244776599620007,0.0,31.978479817486843,19.07651974929185,14.493698403529692,0.0,15.521171687802438,33.570218152821546,30.014870091332128,16.457308129684407
83,NVIDIA A100-SXM4-40GB,gpt,"CustomGPT(L=12,d=896,h=14,ff=3584)",Baseline,1,96,8,96,8,12,896,14,3584,WIKITEXT,True,False,1.0,0.006294,74.047,2584512.0,34903.66929112591,102262316728320.0,192675840.0,8257536.0,118702080.0,1.215929,1,3.0,74.047,1.0,1.0,Baseline,21341700882432.0,497973020590080.0,-5.068158480339922,0.0,32.25856236059778,19.07651974929185,14.765047266671875,0.0,15.926636795910602,33.841567015963726,30.691684062582475,16.33192556468718
84,NVIDIA A100-SXM4-40GB,gpt,"CustomGPT(L=12,d=896,h=14,ff=3584)",Baseline,1,128,8,128,8,12,896,14,3584,WIKITEXT,True,False,1.0,0.007448,82.42,3198720.0,38809.997573404515,127665470177280.0,192675840.0,11010048.0,119734272.0,1.149357,1,3.0,82.42,1.0,1.0,Baseline,35218060738560.0,616316062924800.0,-4.899809739007371,0.0,32.48043444441764,19.07651974929185,14.978261287748614,0.0,16.214318868362383,34.05478103704046,31.192580156111,16.266115576055252
85,NVIDIA A100-SXM4-40GB,gpt,"CustomGPT(L=12,d=896,h=14,ff=3584)",FSDP,2,32,8,32,8,12,896,14,3584,WIKITEXT,True,False,1.0,0.009772,95.795,1970496.0,20569.925361448928,76611371139072.0,192675840.0,2752512.0,116637696.0,2.391118,1,3.0,65.685,0.6856829688397098,0.3428414844198549,FSDP,5423813885952.0,379666972016640.0,-4.628234125586643,-1.0704870831864297,31.96976662994849,19.07651974929185,14.493795845673496,-0.37733990262648437,14.828024507242493,33.570315594965344,29.32182035291599,17.141742122706
86,NVIDIA A100-SXM4-40GB,gpt,"CustomGPT(L=12,d=896,h=14,ff=3584)",FSDP,2,64,8,64,8,12,896,14,3584,WIKITEXT,True,False,1.0,0.011167,95.685,3199104.0,33433.704342373414,125479403126784.0,192675840.0,5505024.0,117669888.0,1.958677,1,3.0,66.896,0.6991273449338977,0.34956367246694886,FSDP,17611144298496.0,616390050447360.0,-4.4947922785184815,-1.0510695523077644,32.463162742519785,19.07651974929185,14.978381328562635,-0.3579223717478191,15.521171687802438,34.05490107785449,30.499553016365073,16.94199105471735
87,NVIDIA A100-SXM4-40GB,gpt,"CustomGPT(L=12,d=896,h=14,ff=3584)",FSDP,2,96,8,96,8,12,896,14,3584,WIKITEXT,True,False,1.0,0.013128,103.32300000000001,4427712.0,42853.11111756336,175192874680320.0,192675840.0,8257536.0,118702080.0,1.848439,1,3.0,74.047,0.716655536521394,0.358327768260697,FSDP,36561991237632.0,853113128878080.0,-4.333007925194347,-1.026307157644346,32.79690862397093,19.07651974929185,15.303393530045023,-0.33315997708440087,15.926636795910602,34.379913279336876,31.230030325955624,16.87027182806033
88,NVIDIA A100-SXM4-40GB,gpt,"CustomGPT(L=12,d=896,h=14,ff=3584)",FSDP,2,128,8,128,8,12,896,14,3584,WIKITEXT,True,False,1.0,0.015316,113.036,5656320.0,50039.98726069571,225751785799680.0,192675840.0,11010048.0,119734272.0,1.815705,1,3.0,82.42,0.729148235960225,0.3645741179801125,FSDP,62276354703360.0,1089836207308800.0,-4.178857245367089,-1.0090254066952817,33.050457218713426,19.07651974929185,15.548284062044402,-0.3158782261353364,16.214318868362383,34.62480381133626,31.762602930406786,16.83613835035104
89,NVIDIA A100-SXM4-40GB,gpt,"CustomGPT(L=12,d=896,h=14,ff=3584)",FSDP,4,32,8,32,8,12,896,14,3584,WIKITEXT,True,False,1.0,0.017588,92.72200000000001,3199488.0,34506.24447272492,124393636233216.0,192675840.0,2752512.0,116637696.0,3.903153,1,3.0,65.685,0.7084079290783201,0.17710198226958002,FSDP,8806629113856.0,616464037969920.0,-4.040538427663574,-1.7310295413165204,32.454472139243585,19.07651974929185,14.97850135496859,-0.34473518019662974,14.828024507242493,34.05502110426044,29.806525862211082,17.626447632001092
90,NVIDIA A100-SXM4-40GB,gpt,"CustomGPT(L=12,d=896,h=14,ff=3584)",FSDP,4,64,8,64,8,12,896,14,3584,WIKITEXT,True,False,1.0,0.020519,95.471,5657088.0,59254.51707848456,221889637122048.0,192675840.0,5505024.0,117669888.0,3.448062,1,3.0,66.896,0.7006944517183228,0.1751736129295807,FSDP,31142405210112.0,1089984182353920.0,-3.8864039928105263,-1.741977722955372,33.03320124410983,19.07651974929185,15.548419830152682,-0.3556833618354812,15.521171687802438,34.624939579444536,31.06959151795512,17.512029556307397
91,NVIDIA A100-SXM4-40GB,gpt,"CustomGPT(L=12,d=896,h=14,ff=3584)",FSDP,4,96,8,96,8,12,896,14,3584,WIKITEXT,True,False,1.0,0.023653,100.838,7911936.0,78461.84969951805,313054420008960.0,192675840.0,8257536.0,118702080.0,3.415229,1,3.0,74.047,0.7343164283305896,0.1835791070826474,FSDP,65333096349696.0,1524438914826240.0,-3.744265322194671,-1.6951096031171324,33.37739815719911,19.07651974929185,15.883883063273203,-0.30881524199724186,15.926636795910602,34.96040281256506,31.810519859183806,17.450761361288507
92,NVIDIA A100-SXM4-40GB,gpt,"CustomGPT(L=12,d=896,h=14,ff=3584)",FSDP,4,128,8,128,8,12,896,14,3584,WIKITEXT,True,False,1.0,0.021043,86.936,7905792.0,90938.0693843747,315531416567808.0,192675840.0,11010048.0,119734272.0,3.362656,1,3.0,82.42,0.9480537406828011,0.23701343517070028,FSDP,87043149398016.0,1523255114465280.0,-3.8611873157256507,-1.4396384509697697,33.385279370029394,19.07651974929185,15.88310621336037,-0.0533440898498792,16.214318868362383,34.959625962652225,32.097425081722754,17.17096050166701
93,NVIDIA A100-SXM4-40GB,gpt,"CustomGPT(L=12,d=896,h=14,ff=3584)",FSDP,6,32,8,32,8,12,896,14,3584,WIKITEXT,True,False,1.0,0.027019,97.426,4428288.0,45452.83599860407,172168436514816.0,192675840.0,2752512.0,116637696.0,5.360133,1,3.0,65.685,0.6742040112495638,0.11236733520826063,FSDP,12188915859456.0,853224110161920.0,-3.611214956757459,-2.185981995784555,32.779494395621015,19.07651974929185,15.30352361134602,-0.39422252655650025,14.828024507242493,34.38004336063787,30.131548118588512,17.951469888378522
94,NVIDIA A100-SXM4-40GB,gpt,"CustomGPT(L=12,d=896,h=14,ff=3584)",FSDP,6,64,8,64,8,12,896,14,3584,WIKITEXT,True,False,1.0,0.030839,97.584,7911936.0,81078.20954254795,310332207661056.0,192675840.0,5505024.0,117669888.0,4.942828,1,3.0,66.896,0.6855222167568453,0.11425370279280755,FSDP,43555397566464.0,1524438914826240.0,-3.478975156234254,-2.1693338401679463,33.368664477230354,19.07651974929185,15.883883063273203,-0.37757437093989143,15.521171687802438,34.96040281256506,31.40505475107564,17.847492789427918
95,NVIDIA A100-SXM4-40GB,gpt,"CustomGPT(L=12,d=896,h=14,ff=3584)",FSDP,6,96,8,96,8,12,896,14,3584,WIKITEXT,True,False,1.0,0.024058000000000003,73.074,7902144.0,108138.92766236965,312666976419840.0,192675840.0,8257536.0,118702080.0,4.822367,1,3.0,74.047,1.0133152694528833,0.1688858782421472,FSDP,65252238557184.0,1522552233000960.0,-3.727287697410256,-1.7785320688347355,33.376159766947964,19.07651974929185,15.882644673022055,0.013227400393319558,15.926636795910602,34.959164422313904,31.809281468932657,17.44952297103736
96,NVIDIA A100-SXM4-40GB,gpt,"CustomGPT(L=12,d=896,h=14,ff=3584)",FSDP,6,128,8,128,8,12,896,14,3584,WIKITEXT,True,False,1.0,0.02114,62.577,7893504.0,126140.65870847116,315040984989696.0,192675840.0,11010048.0,119734272.0,4.70361,1,3.0,82.42,1.3170973360819471,0.21951622268032453,FSDP,86907857928192.0,1520887513743360.0,-3.8565882985400455,-1.5163291417704836,33.38372385736887,19.07651974929185,15.881550700699847,0.2754303274575712,16.214318868362383,34.958070449991695,32.09586956906223,17.169404989006484
97,NVIDIA A100-SXM4-40GB,gpt,"CustomGPT(L=16,d=1024,h=16,ff=4096)",Baseline,1,32,8,32,8,16,1024,16,4096,WIKITEXT,True,False,1.0,0.006339,86.666,1356096.0,15647.381902937715,91717046894592.0,335544320.0,4194304.0,202899456.0,1.850788,1,3.0,86.666,1.0,1.0,Baseline,5687878877184.0,455030310174720.0,-5.061034251680107,0.0,32.149729376437335,19.631264606992676,14.120120541436703,0.0,15.249237972318797,33.75138514842938,29.3693585137555,16.90049140411854
98,NVIDIA A100-SXM4-40GB,gpt,"CustomGPT(L=16,d=1024,h=16,ff=4096)",Baseline,1,64,8,64,8,16,1024,16,4096,WIKITEXT,True,False,1.0,0.0073679999999999995,88.441,1970304.0,22278.174149998304,134290876661760.0,335544320.0,8388608.0,204472320.0,1.346523,1,3.0,88.441,1.0,1.0,Baseline,16528107896832.0,661124315873280.0,-4.9106089800291315,0.0,32.53102928462423,19.631264606992676,14.493698403529692,0.0,15.942385152878742,34.12496301052237,30.436083556408434,16.588644131745493
99,NVIDIA A100-SXM4-40GB,gpt,"CustomGPT(L=16,d=1024,h=16,ff=4096)",Baseline,1,96,8,96,8,16,1024,16,4096,WIKITEXT,True,False,1.0,0.008753,97.524,2584512.0,26501.29198966408,177508750196736.0,335544320.0,12582912.0,206045184.0,1.223307,1,3.0,97.524,1.0,1.0,Baseline,32520687058944.0,867218321571840.0,-4.738358780231836,0.0,32.81004102051199,19.631264606992676,14.765047266671875,0.0,16.347850260986906,34.39631187366455,31.11289752765878,16.46219075952508
100,NVIDIA A100-SXM4-40GB,gpt,"CustomGPT(L=16,d=1024,h=16,ff=4096)",Baseline,1,128,8,128,8,16,1024,16,4096,WIKITEXT,True,False,1.0,0.010551,109.474,3198720.0,29218.992637521238,221370667499520.0,335544320.0,16777216.0,207618048.0,1.150842,1,3.0,109.474,1.0,1.0,Baseline,53665616363520.0,1073312327270400.0,-4.551534636822182,0.0,33.030859640973944,19.631264606992676,14.978261287748614,0.0,16.635532333438686,34.609525894741296,31.613793621187302,16.395327307535258
101,NVIDIA A100-SXM4-40GB,gpt,"CustomGPT(L=16,d=1024,h=16,ff=4096)",FSDP,2,32,8,32,8,16,1024,16,4096,WIKITEXT,True,False,1.0,0.013503000000000001,121.375,1970496.0,16234.776519052522,133270855483392.0,335544320.0,4194304.0,202899456.0,2.482385,1,3.0,86.666,0.7140350154479917,0.3570175077239959,FSDP,8264859254784.0,661188740382720.0,-4.304843396003232,-1.0299704571612944,32.523404680674126,19.631264606992676,14.493795845673496,-0.3368232766013492,15.249237972318797,34.125060452666176,29.74303381799229,17.27416670835533
102,NVIDIA A100-SXM4-40GB,gpt,"CustomGPT(L=16,d=1024,h=16,ff=4096)",FSDP,2,64,8,64,8,16,1024,16,4096,WIKITEXT,True,False,1.0,0.015782,123.779,3199104.0,25845.288780810963,218042738933760.0,335544320.0,8388608.0,204472320.0,2.05411,1,3.0,88.441,0.714507307378473,0.3572536536892365,FSDP,26836029407232.0,1073441176289280.0,-4.148885228883294,-1.0293092349627746,33.01571220965718,19.631264606992676,14.978381328562635,-0.3361620544028293,15.942385152878742,34.609645935555314,30.920766481441376,17.073327056778435
103,NVIDIA A100-SXM4-40GB,gpt,"CustomGPT(L=16,d=1024,h=16,ff=4096)",FSDP,2,96,8,96,8,16,1024,16,4096,WIKITEXT,True,False,1.0,0.018587,133.52800000000002,4427712.0,33159.42723623509,304102911246336.0,335544320.0,12582912.0,206045184.0,1.944835,1,3.0,97.524,0.7303636690431968,0.3651818345215984,FSDP,55713510457344.0,1485693612195840.0,-3.985292867355921,-1.0073598726769937,33.34838728388513,19.631264606992676,15.303393530045023,-0.3142126921170484,16.347850260986906,34.9346581370377,31.651243791031927,17.00053702289823
104,NVIDIA A100-SXM4-40GB,gpt,"CustomGPT(L=16,d=1024,h=16,ff=4096)",FSDP,2,128,8,128,8,16,1024,16,4096,WIKITEXT,True,False,1.0,0.021691,144.457,5656320.0,39155.734924579636,391451372421120.0,335544320.0,16777216.0,207618048.0,1.896015,1,3.0,109.474,0.7578310500702632,0.3789155250351316,FSDP,94897302405120.0,1897946048102400.0,-3.830857851010638,-0.9704419878325379,33.60088241526973,19.631264606992676,15.548284062044402,-0.27729480727259265,16.635532333438686,35.17954866903708,32.18381639548309,16.965350081831048
105,NVIDIA A100-SXM4-40GB,gpt,"CustomGPT(L=16,d=1024,h=16,ff=4096)",FSDP,4,32,8,32,8,16,1024,16,4096,WIKITEXT,True,False,1.0,0.025315,122.96600000000001,3199488.0,26019.289885008864,216391458226176.0,335544320.0,4194304.0,202899456.0,4.058996,1,3.0,86.666,0.7047964477985784,0.1761991119496446,FSDP,13419625316352.0,1073570025308160.0,-3.6763581735602644,-1.7361406055061266,33.00811018996922,19.631264606992676,14.97850135496859,-0.34984624438623596,15.249237972318797,34.609765961961266,30.227739327287384,17.758872217650424
106,NVIDIA A100-SXM4-40GB,gpt,"CustomGPT(L=16,d=1024,h=16,ff=4096)",FSDP,4,64,8,64,8,16,1024,16,4096,WIKITEXT,True,False,1.0,0.030038,130.51999999999998,5657088.0,43342.690775360104,385572635934720.0,335544320.0,8388608.0,204472320.0,3.634008,1,3.0,88.441,0.6776049647563593,0.16940124118908984,FSDP,47455093653504.0,1898203746140160.0,-3.505292032198748,-1.77548516981883,33.58575071124722,19.631264606992676,15.548419830152682,-0.3891908086989395,15.942385152878742,35.17968443714536,31.490804983031424,17.643365558368483
107,NVIDIA A100-SXM4-40GB,gpt,"CustomGPT(L=16,d=1024,h=16,ff=4096)",FSDP,4,96,8,96,8,16,1024,16,4096,WIKITEXT,True,False,1.0,0.03478,137.59199999999998,7911936.0,57502.87807430665,543405436305408.0,335544320.0,12582912.0,206045184.0,3.58067,1,3.0,97.524,0.7087912087912088,0.1771978021978022,FSDP,99555194437632.0,2654805185003520.0,-3.358712770056,-1.7304886438350138,33.92887681711331,19.631264606992676,15.883883063273203,-0.3441942827151232,16.347850260986906,35.51514767026588,32.231733324260105,17.581026556126407
108,NVIDIA A100-SXM4-40GB,gpt,"CustomGPT(L=16,d=1024,h=16,ff=4096)",FSDP,4,128,8,128,8,16,1024,16,4096,WIKITEXT,True,False,1.0,0.030355,113.96600000000001,7905792.0,69369.7418528333,547128367644672.0,335544320.0,16777216.0,207618048.0,3.555479,1,3.0,109.474,0.960584735798396,0.240146183949599,FSDP,132637180035072.0,2652743600701440.0,-3.4947940303997393,-1.4265074412761356,33.935704566585706,19.631264606992676,15.88310621336037,-0.04021308015624493,16.635532333438686,35.51437082035305,32.51863854679906,17.300172233147016
109,NVIDIA A100-SXM4-40GB,gpt,"CustomGPT(L=16,d=1024,h=16,ff=4096)",FSDP,6,32,8,32,8,16,1024,16,4096,WIKITEXT,True,False,1.0,0.036157,121.281,4428288.0,36512.627699309865,299499075403776.0,335544320.0,4194304.0,202899456.0,5.568917,1,3.0,86.666,0.714588435121742,0.11909807252029032,FSDP,18573586071552.0,1485886885724160.0,-3.319884711501684,-2.1278079864605695,33.33313244634665,19.631264606992676,15.30352361134602,-0.3360485172325146,15.249237972318797,34.934788218338696,30.552761583664815,18.083894474027854
110,NVIDIA A100-SXM4-40GB,gpt,"CustomGPT(L=16,d=1024,h=16,ff=4096)",FSDP,6,64,8,64,8,16,1024,16,4096,WIKITEXT,True,False,1.0,0.043425,126.82900000000001,7911936.0,62382.70427110518,539257303203840.0,335544320.0,8388608.0,204472320.0,5.195414,1,3.0,88.441,0.6973247443408053,0.11622079072346754,FSDP,66370129625088.0,2654805185003520.0,-3.1367199668549683,-2.152263528680233,33.92121394436774,19.631264606992676,15.883883063273203,-0.3605040594521781,15.942385152878742,35.51514767026588,31.826268216151945,17.978828791489004
111,NVIDIA A100-SXM4-40GB,gpt,"CustomGPT(L=16,d=1024,h=16,ff=4096)",FSDP,6,96,8,96,8,16,1024,16,4096,WIKITEXT,True,False,1.0,0.033924,94.812,7902144.0,83345.39931654221,542732904824832.0,335544320.0,12582912.0,206045184.0,5.135193,1,3.0,97.524,1.0286039741804835,0.17143399569674725,FSDP,99431982563328.0,2651519535022080.0,-3.3836325504826834,-1.7635569511975835,33.92763842686217,19.631264606992676,15.882644673022055,0.028202518030471586,16.347850260986906,35.51390928001474,32.23049493400896,17.57978816587526
112,NVIDIA A100-SXM4-40GB,gpt,"CustomGPT(L=16,d=1024,h=16,ff=4096)",FSDP,6,128,8,128,8,16,1024,16,4096,WIKITEXT,True,False,1.0,0.02961,80.411,7893504.0,98164.47998408177,546277964120064.0,335544320.0,16777216.0,207618048.0,5.044533,1,3.0,109.474,1.361430650035443,0.2269051083392405,FSDP,132431021604864.0,2648620432097280.0,-3.519643136868637,-1.4832233738347818,33.934149053925175,19.631264606992676,15.881550700699847,0.3085360953932731,16.635532333438686,35.51281530769253,32.51708303413854,17.29861672048649
113,NVIDIA A100-SXM4-40GB,gpt,"CustomGPT(L=16,d=768,h=12,ff=3072)",Baseline,1,32,8,32,8,16,768,12,3072,WIKITEXT,True,False,1.0,0.005492,84.793,1356096.0,15993.018291604258,51724148539392.0,188743680.0,3145728.0,114425856.0,1.855721,1,3.0,84.793,1.0,1.0,Baseline,4265909157888.0,255954549473280.0,-5.204462791076412,0.0,31.576945878127265,19.055900462089117,14.120120541436703,0.0,14.961555899867015,33.17602100352582,29.081676441303717,16.61538997826025
114,NVIDIA A100-SXM4-40GB,gpt,"CustomGPT(L=16,d=768,h=12,ff=3072)",Baseline,1,64,8,64,8,16,768,12,3072,WIKITEXT,True,False,1.0,0.006105,85.075,1970304.0,23159.612106964443,75925995651072.0,188743680.0,6291456.0,115605504.0,1.345733,1,3.0,85.075,1.0,1.0,Baseline,12396080922624.0,371882427678720.0,-5.0986471714194685,0.0,31.960780240387443,19.055900462089117,14.493698403529692,0.0,15.65470308042696,33.549598865618805,30.14840148395665,16.30607715996048
115,NVIDIA A100-SXM4-40GB,gpt,"CustomGPT(L=16,d=768,h=12,ff=3072)",Baseline,1,96,8,96,8,16,768,12,3072,WIKITEXT,True,False,1.0,0.006886,86.767,2584512.0,29786.808348796203,100610875588608.0,188743680.0,9437184.0,116785152.0,1.191149,1,3.0,86.767,1.0,1.0,Baseline,24390515294208.0,487810305884160.0,-4.978264914065805,0.0,32.242281474993646,19.055900462089117,14.765047266671875,0.0,16.060168188535126,33.82094772876099,30.825215455206997,16.182113286458517
116,NVIDIA A100-SXM4-40GB,gpt,"CustomGPT(L=16,d=768,h=12,ff=3072)",Baseline,1,128,8,128,8,16,768,12,3072,WIKITEXT,True,False,1.0,0.007837,91.18,3198720.0,35081.377495064706,125778788352000.0,188743680.0,12582912.0,117964800.0,1.139179,1,3.0,91.18,1.0,1.0,Baseline,40249212272640.0,603738184089600.0,-4.848899170911409,0.0,32.46554583192388,19.055900462089117,14.978261287748614,0.0,16.347850260986906,34.03416174983773,31.326111548735522,16.11769557093698
117,NVIDIA A100-SXM4-40GB,gpt,"CustomGPT(L=16,d=768,h=12,ff=3072)",FSDP,2,32,8,32,8,16,768,12,3072,WIKITEXT,True,False,1.0,0.011439,115.094,1970496.0,17120.753471075815,75158563848192.0,188743680.0,3145728.0,114425856.0,2.445107,1,3.0,84.793,0.7367282395259528,0.3683641197629764,FSDP,6198644441088.0,371918666465280.0,-4.4707267094386,-0.9986833741243591,31.950621182364056,19.055900462089117,14.493795845673496,-0.30553619356441386,14.961555899867015,33.54969630776261,29.45535174554051,16.98906528249704
118,NVIDIA A100-SXM4-40GB,gpt,"CustomGPT(L=16,d=768,h=12,ff=3072)",FSDP,2,64,8,64,8,16,768,12,3072,WIKITEXT,True,False,1.0,0.012797,116.402,3199104.0,27483.239119602757,123278010089472.0,188743680.0,6291456.0,115605504.0,1.998304,1,3.0,85.075,0.7308723217814127,0.36543616089070635,FSDP,20127022055424.0,603810661662720.0,-4.358544510526678,-1.0066636774532864,32.445463165420385,19.055900462089117,14.978381328562635,-0.31351649689334105,15.65470308042696,34.034281790651754,30.633084408989596,16.790760084993426
119,NVIDIA A100-SXM4-40GB,gpt,"CustomGPT(L=16,d=768,h=12,ff=3072)",FSDP,2,96,8,96,8,16,768,12,3072,WIKITEXT,True,False,1.0,0.014005,118.014,4427712.0,37518.53169962886,172363672977408.0,188743680.0,9437184.0,116785152.0,1.855342,1,3.0,86.767,0.7352263290796007,0.36761316453980036,FSDP,41785132843008.0,835702656860160.0,-4.268340870270065,-1.0007240770096342,32.78062773836679,19.055900462089117,15.303393530045023,-0.30757689644968894,16.060168188535126,34.35929399213414,31.363561718580147,16.720459549831666
120,NVIDIA A100-SXM4-40GB,gpt,"CustomGPT(L=16,d=768,h=12,ff=3072)",FSDP,2,128,8,128,8,16,768,12,3072,WIKITEXT,True,False,1.0,0.015982,124.705,5656320.0,45357.60394531093,222415552512000.0,188743680.0,12582912.0,117964800.0,1.810439,1,3.0,91.18,0.7311655506996513,0.36558277534982564,FSDP,71172976803840.0,1067594652057600.0,-4.136292190029866,-1.0062625538877623,33.03556860621967,19.055900462089117,15.548284062044402,-0.31311537332781714,16.347850260986906,34.604184524133515,31.89613432303131,16.687718345232767
121,NVIDIA A100-SXM4-40GB,gpt,"CustomGPT(L=16,d=768,h=12,ff=3072)",FSDP,4,32,8,32,8,16,768,12,3072,WIKITEXT,True,False,1.0,0.020022,112.64999999999999,3199488.0,28402.023968042613,122034717720576.0,188743680.0,3145728.0,114425856.0,4.012328,1,3.0,84.793,0.752711939636041,0.18817798490901025,FSDP,10064718987264.0,603883139235840.0,-3.910923609984845,-1.6703670357773028,32.43532669165915,19.055900462089117,14.97850135496859,-0.28407267465741226,14.961555899867015,34.034401817057706,29.940057254835605,17.473770791792134
122,NVIDIA A100-SXM4-40GB,gpt,"CustomGPT(L=16,d=768,h=12,ff=3072)",FSDP,4,64,8,64,8,16,768,12,3072,WIKITEXT,True,False,1.0,0.022919000000000002,115.34899999999999,5657088.0,49043.234011564906,217996836470784.0,188743680.0,6291456.0,115605504.0,3.52774,1,3.0,85.075,0.7375443220140617,0.18438608050351543,FSDP,35591320240128.0,1067739607203840.0,-3.775789018104867,-1.6907234560476585,33.01550166701043,19.055900462089117,15.548419830152682,-0.30442909492776793,15.65470308042696,34.604320292241795,31.203122910579644,17.360798586583474
123,NVIDIA A100-SXM4-40GB,gpt,"CustomGPT(L=16,d=768,h=12,ff=3072)",FSDP,4,96,8,96,8,16,768,12,3072,WIKITEXT,True,False,1.0,0.025405,122.668,7911936.0,64498.77718720448,307998882791424.0,188743680.0,9437184.0,116785152.0,3.434184,1,3.0,86.767,0.7073319855218965,0.17683299638047412,FSDP,74666395828224.0,1493327916564480.0,-3.6728092739364415,-1.7325495150807342,33.36111727159497,19.055900462089117,15.883883063273203,-0.3462551539608437,16.060168188535126,34.939783525362316,31.94405125180833,17.300949083059848
124,NVIDIA A100-SXM4-40GB,gpt,"CustomGPT(L=16,d=768,h=12,ff=3072)",FSDP,4,128,8,128,8,16,768,12,3072,WIKITEXT,True,False,1.0,0.021499,98.018,7905792.0,80656.53247362729,310868390707200.0,188743680.0,12582912.0,117964800.0,3.331502,1,3.0,91.18,0.9302373033524455,0.23255932583811137,FSDP,99477885026304.0,1492168275394560.0,-3.839748856558126,-1.4586099216086483,33.370390757535645,19.055900462089117,15.88310621336037,-0.07231556048875781,16.347850260986906,34.939006675449484,32.23095647434728,17.022540496548736
125,NVIDIA A100-SXM4-40GB,gpt,"CustomGPT(L=16,d=768,h=12,ff=3072)",FSDP,6,32,8,32,8,16,768,12,3072,WIKITEXT,True,False,1.0,0.030276,117.67699999999999,4428288.0,37630.87094334492,168903548338176.0,188743680.0,3145728.0,114425856.0,5.525408,1,3.0,84.793,0.7205571182134148,0.12009285303556914,FSDP,13930189553664.0,835811373219840.0,-3.497399959535216,-2.1194900601134488,32.76034894803658,19.055900462089117,15.30352361134602,-0.32773059088539375,14.961555899867015,34.359424073435136,30.265079511213035,17.798793048169564
126,NVIDIA A100-SXM4-40GB,gpt,"CustomGPT(L=16,d=768,h=12,ff=3072)",FSDP,6,64,8,64,8,16,768,12,3072,WIKITEXT,True,False,1.0,0.034696,120.2,7911936.0,65823.09484193011,304887782965248.0,188743680.0,6291456.0,115605504.0,5.023944,1,3.0,85.075,0.7077787021630616,0.11796311702717693,FSDP,49777597218816.0,1493327916564480.0,-3.361130872449072,-2.1373832709421925,33.350964900130954,19.055900462089117,15.883883063273203,-0.34562380171413776,15.65470308042696,34.939783525362316,31.53858614370016,17.69626181970399
127,NVIDIA A100-SXM4-40GB,gpt,"CustomGPT(L=16,d=768,h=12,ff=3072)",FSDP,6,96,8,96,8,16,768,12,3072,WIKITEXT,True,False,1.0,0.026157,85.256,7902144.0,92687.24781833537,307617696055296.0,188743680.0,9437184.0,116785152.0,4.758375,1,3.0,86.767,1.0177230928028524,0.16962051546714207,FSDP,74573986922496.0,1491479738449920.0,-3.6436384378683493,-1.7741915991005885,33.359878881343825,19.055900462089117,15.882644673022055,0.017567870127466474,16.060168188535126,34.93854513511117,31.94281286155718,17.2997106928087
128,NVIDIA A100-SXM4-40GB,gpt,"CustomGPT(L=16,d=768,h=12,ff=3072)",FSDP,6,128,8,128,8,16,768,12,3072,WIKITEXT,True,False,1.0,0.021589999999999998,70.039,7893504.0,112701.55199246135,310385206886400.0,188743680.0,12582912.0,117964800.0,4.651572,1,3.0,91.18,1.3018461143077429,0.21697435238462381,FSDP,99323266203648.0,1489848993054720.0,-3.8355250344554213,-1.527976124202803,33.368835244875115,19.055900462089117,15.881550700699847,0.263783345025252,16.347850260986906,34.93745116278896,32.22940096168675,17.020984983888212
129,NVIDIA A100-SXM4-40GB,gpt,"CustomGPT(L=16,d=896,h=14,ff=3584)",Baseline,1,32,8,32,8,16,896,14,3584,WIKITEXT,True,False,1.0,0.005958,86.788,1356096.0,15625.385998064248,70298627997696.0,256901120.0,3670016.0,155516928.0,1.851621,1,3.0,86.788,1.0,1.0,Baseline,4976894017536.0,348382581227520.0,-5.123020424691046,0.0,31.88377339816348,19.36420182174363,14.120120541436703,0.0,15.115706579694274,33.48432236318033,29.235827121130978,16.768066818469208
130,NVIDIA A100-SXM4-40GB,gpt,"CustomGPT(L=16,d=896,h=14,ff=3584)",Baseline,1,64,8,64,8,16,896,14,3584,WIKITEXT,True,False,1.0,0.006854,89.032,1970304.0,22130.290232725314,103042422669312.0,256901120.0,7340032.0,156893184.0,1.335381,1,3.0,89.032,1.0,1.0,Baseline,14462094409728.0,506173304340480.0,-4.98292285552972,0.0,32.26616188993862,19.36420182174363,14.493698403529692,0.0,15.80885376025422,33.857900225273326,30.30255216378391,16.457308129684407
131,NVIDIA A100-SXM4-40GB,gpt,"CustomGPT(L=16,d=896,h=14,ff=3584)",Baseline,1,96,8,96,8,16,896,14,3584,WIKITEXT,True,False,1.0,0.007897,92.142,2584512.0,28049.228364915023,136349755637760.0,256901120.0,11010048.0,158269440.0,1.218128,1,3.0,92.142,1.0,1.0,Baseline,28455601176576.0,663964027453440.0,-4.841272338466693,0.0,32.54624443304956,19.36420182174363,14.765047266671875,0.0,16.214318868362383,34.129249088415506,30.979366135034258,16.33192556468718
132,NVIDIA A100-SXM4-40GB,gpt,"CustomGPT(L=16,d=896,h=14,ff=3584)",Baseline,1,128,8,128,8,16,896,14,3584,WIKITEXT,True,False,1.0,0.009424,102.619,3198720.0,31170.835810132627,170220626903040.0,256901120.0,14680064.0,159645696.0,1.141448,1,3.0,102.619,1.0,1.0,Baseline,46957414318080.0,821754750566400.0,-4.664495652072906,0.0,32.76811651686942,19.36420182174363,14.978261287748614,0.0,16.502000940814163,34.34246310949225,31.48026222856278,16.266115576055252
133,NVIDIA A100-SXM4-40GB,gpt,"CustomGPT(L=16,d=896,h=14,ff=3584)",FSDP,2,32,8,32,8,16,896,14,3584,WIKITEXT,True,False,1.0,0.012648,118.747,1970496.0,16594.06974491987,102148494852096.0,256901120.0,3670016.0,155516928.0,2.479264,1,3.0,86.788,0.730864779741804,0.365432389870902,FSDP,7231751847936.0,506222629355520.0,-4.370256179074966,-1.0066739967365568,32.257448702400275,19.36420182174363,14.493795845673496,-0.31352681617661154,15.115706579694274,33.85799766741713,29.60950242536777,17.141742122706
134,NVIDIA A100-SXM4-40GB,gpt,"CustomGPT(L=16,d=896,h=14,ff=3584)",FSDP,2,64,8,64,8,16,896,14,3584,WIKITEXT,True,False,1.0,0.014254,119.438,3199104.0,26784.641403908303,167305870835712.0,256901120.0,7340032.0,156893184.0,2.005246,1,3.0,89.032,0.7454244042934409,0.37271220214672046,FSDP,23481525731328.0,821853400596480.0,-4.250717709902458,-0.9869487331704512,32.75084481497157,19.36420182174363,14.978381328562635,-0.29380155261050594,15.80885376025422,34.34258315030627,30.787235088816853,16.94199105471735
135,NVIDIA A100-SXM4-40GB,gpt,"CustomGPT(L=16,d=896,h=14,ff=3584)",FSDP,2,96,8,96,8,16,896,14,3584,WIKITEXT,True,False,1.0,0.01602,125.517,4427712.0,35275.79531059538,233590499573760.0,256901120.0,11010048.0,158269440.0,1.893076,1,3.0,92.142,0.7340997633786658,0.3670498816893329,FSDP,48749321650176.0,1137484171837440.0,-4.133917337341924,-1.0022575227538746,33.08459069642271,19.36420182174363,15.303393530045023,-0.3091103421939293,16.214318868362383,34.667595351788655,31.517712398407404,16.87027182806033
136,NVIDIA A100-SXM4-40GB,gpt,"CustomGPT(L=16,d=896,h=14,ff=3584)",FSDP,2,128,8,128,8,16,896,14,3584,WIKITEXT,True,False,1.0,0.018764,136.559,5656320.0,41420.33846176378,301002381066240.0,256901120.0,14680064.0,159645696.0,1.860464,1,3.0,102.619,0.7514627377177631,0.37573136885888153,FSDP,83035139604480.0,1453114943078400.0,-3.9758151385159253,-0.9788808354536063,33.338139291165206,19.36420182174363,15.548284062044402,-0.285733654893661,16.502000940814163,34.91248588378804,32.050285002858566,16.83613835035104
137,NVIDIA A100-SXM4-40GB,gpt,"CustomGPT(L=16,d=896,h=14,ff=3584)",FSDP,4,32,8,32,8,16,896,14,3584,WIKITEXT,True,False,1.0,0.023046,120.22800000000001,3199488.0,26611.837508733406,165858181644288.0,256901120.0,3670016.0,155516928.0,4.008665,1,3.0,86.788,0.7218617959210832,0.1804654489802708,FSDP,11742172151808.0,821952050626560.0,-3.770263060390314,-1.7122159379238915,32.742154211695365,19.36420182174363,14.97850135496859,-0.3259215768040009,15.115706579694274,34.34270317671222,30.09420793466286,17.626447632001092
138,NVIDIA A100-SXM4-40GB,gpt,"CustomGPT(L=16,d=896,h=14,ff=3584)",FSDP,4,64,8,64,8,16,896,14,3584,WIKITEXT,True,False,1.0,0.026587,122.14099999999999,5657088.0,46316.04457143793,295852849496064.0,256901120.0,7340032.0,156893184.0,3.592119,1,3.0,89.032,0.7289280421807584,0.1822320105451896,FSDP,41523206946816.0,1453312243138560.0,-3.6273329044624205,-1.7024746205362584,33.32088331656161,19.36420182174363,15.548419830152682,-0.31618025941636796,15.80885376025422,34.912621651896316,31.3572735904069,17.512029556307397
139,NVIDIA A100-SXM4-40GB,gpt,"CustomGPT(L=16,d=896,h=14,ff=3584)",FSDP,4,96,8,96,8,16,896,14,3584,WIKITEXT,True,False,1.0,0.030728,128.243,7911936.0,61694.876133590136,417405893345280.0,256901120.0,11010048.0,158269440.0,3.473199,1,3.0,92.142,0.7184953564716983,0.17962383911792457,FSDP,87110795132928.0,2032585219768320.0,-3.482580987938533,-1.716890397412881,33.66508022965089,19.36420182174363,15.883883063273203,-0.3305960362929905,16.214318868362383,35.24808488501684,32.098201931635586,17.450761361288507
140,NVIDIA A100-SXM4-40GB,gpt,"CustomGPT(L=16,d=896,h=14,ff=3584)",FSDP,4,128,8,128,8,16,896,14,3584,WIKITEXT,True,False,1.0,0.026672,106.79400000000001,7905792.0,74028.42856340243,420708555423744.0,256901120.0,14680064.0,159645696.0,3.463517,1,3.0,102.619,0.9609060434106784,0.2402265108526696,FSDP,116057532530688.0,2031006819287040.0,-3.6241409529736988,-1.426173005515367,33.672961442481174,19.36420182174363,15.88310621336037,-0.039878644395476434,16.502000940814163,35.247308035104005,32.385107154174534,17.17096050166701
141,NVIDIA A100-SXM4-40GB,gpt,"CustomGPT(L=16,d=896,h=14,ff=3584)",FSDP,6,32,8,32,8,16,896,14,3584,WIKITEXT,True,False,1.0,0.034584000000000004,121.388,4428288.0,36480.442877384914,229557915353088.0,256901120.0,3670016.0,155516928.0,5.459956,1,3.0,86.788,0.7149635878340528,0.11916059797234213,FSDP,16251887812608.0,1137632146882560.0,-3.364364131616806,-2.1272831329191826,33.067176468072795,19.36420182174363,15.30352361134602,-0.3355236636911274,15.115706579694274,34.66772543308965,30.419230191040292,17.951469888378522
142,NVIDIA A100-SXM4-40GB,gpt,"CustomGPT(L=16,d=896,h=14,ff=3584)",FSDP,6,64,8,64,8,16,896,14,3584,WIKITEXT,True,False,1.0,0.037312,116.517,7911936.0,67903.70503874971,413776276881408.0,256901120.0,7340032.0,156893184.0,5.080417,1,3.0,89.032,0.7641116746912467,0.12735194578187445,FSDP,58073863421952.0,2032585219768320.0,-3.28844028825411,-2.060800798663779,33.656346549682134,19.36420182174363,15.883883063273203,-0.269041329435724,15.80885376025422,35.24808488501684,31.692736823527422,17.847492789427918
143,NVIDIA A100-SXM4-40GB,gpt,"CustomGPT(L=16,d=896,h=14,ff=3584)",FSDP,6,96,8,96,8,16,896,14,3584,WIKITEXT,True,False,1.0,0.029624,89.05799999999999,7902144.0,88730.31058411373,416889301893120.0,256901120.0,11010048.0,158269440.0,4.938774,1,3.0,92.142,1.0346291181028096,0.17243818635046826,FSDP,87002984742912.0,2030069644001280.0,-3.5191704353708255,-1.757716446727127,33.663841839399744,19.36420182174363,15.882644673022055,0.03404302250092813,16.214318868362383,35.24684649476569,32.09696354138444,17.44952297103736
144,NVIDIA A100-SXM4-40GB,gpt,"CustomGPT(L=16,d=896,h=14,ff=3584)",FSDP,6,128,8,128,8,16,896,14,3584,WIKITEXT,True,False,1.0,0.025858,75.129,7893504.0,105066.00646887353,420054646652928.0,256901120.0,14680064.0,159645696.0,4.832506,1,3.0,102.619,1.36590397849033,0.22765066308172166,FSDP,115877143904256.0,2027850018324480.0,-3.6551352481497754,-1.4799430044811352,33.67140592982065,19.36420182174363,15.881550700699847,0.3118164647469197,16.502000940814163,35.24575252244348,32.38355164151401,17.169404989006484
145,NVIDIA A100-SXM4-40GB,gpt,"CustomGPT(L=2,d=128,h=2,ff=512)",Baseline,1,32,8,32,8,2,128,2,512,WIKITEXT,True,False,1.0,0.000926,18.431,1356096.0,73576.9084694265,188855353344.0,655360.0,65536.0,417792.0,1.857514,1,3.0,18.431,1.0,1.0,Baseline,88873107456.0,888731074560.0,-6.984636323318094,0.0,25.96424723277221,13.39293998195317,14.120120541436703,0.0,11.090354888959125,27.513060523389875,25.210475430395828,14.873892343813083
146,NVIDIA A100-SXM4-40GB,gpt,"CustomGPT(L=2,d=128,h=2,ff=512)",Baseline,1,64,8,64,8,2,128,2,512,WIKITEXT,True,False,1.0,0.001037,16.756999999999998,1970304.0,117580.95124425615,290533146624.0,655360.0,131072.0,442368.0,1.370612,1,3.0,16.756999999999998,1.0,1.0,Baseline,258251685888.0,1291258429440.0,-6.871423349734747,0.0,26.394983508705145,13.39293998195317,14.493698403529692,0.0,11.78350206951907,27.88663838548286,26.27720047304876,14.611481439186075
147,NVIDIA A100-SXM4-40GB,gpt,"CustomGPT(L=2,d=128,h=2,ff=512)",Baseline,1,96,8,96,8,2,128,2,512,WIKITEXT,True,False,1.0,0.0011870000000000001,18.1,2584512.0,142790.7182320442,402274123776.0,655360.0,196608.0,466944.0,1.219623,1,3.0,18.1,1.0,1.0,Baseline,508135735296.0,1693785784320.0,-6.736326163354605,0.0,26.7203995931176,13.39293998195317,14.765047266671875,0.0,12.188967177627234,28.157987248625044,26.95401444429911,14.53143241549037
148,NVIDIA A100-SXM4-40GB,gpt,"CustomGPT(L=2,d=128,h=2,ff=512)",Baseline,1,128,8,128,8,2,128,2,512,WIKITEXT,True,False,1.0,0.0013800000000000002,20.433999999999997,3198720.0,156539.1014975042,524078284800.0,655360.0,262144.0,491520.0,1.148599,1,3.0,20.433999999999997,1.0,1.0,Baseline,838525255680.0,2096313139200.0,-6.5856717798130235,0.0,26.984906908581895,13.39293998195317,14.978261287748614,0.0,12.476649250079015,28.371201269701785,27.45491053782763,14.50825765850288
149,NVIDIA A100-SXM4-40GB,gpt,"CustomGPT(L=2,d=128,h=2,ff=512)",FSDP,2,32,8,32,8,2,128,2,512,WIKITEXT,True,False,1.0,0.001854,35.347,1970496.0,55747.19212380117,274419154944.0,655360.0,65536.0,417792.0,1.635679,1,3.0,18.431,0.5214303901321187,0.26071519506605934,FSDP,129138425856.0,1291384258560.0,-6.290409811838473,-1.34432667410233,26.337922537009,13.39293998195317,14.493795845673496,-0.6511794935423848,11.090354888959125,27.886735827626666,25.58415073463262,15.247567648049875
150,NVIDIA A100-SXM4-40GB,gpt,"CustomGPT(L=2,d=128,h=2,ff=512)",FSDP,2,64,8,64,8,2,128,2,512,WIKITEXT,True,False,1.0,0.002133,34.54,3199104.0,92620.26635784598,471727079424.0,655360.0,131072.0,442368.0,1.329366,1,3.0,16.756999999999998,0.48514765489287776,0.24257382744643888,FSDP,419312959488.0,2096564797440.0,-6.150225839492923,-1.4164491718598908,26.879666433738088,13.39293998195317,14.978381328562635,-0.7233019912999455,11.78350206951907,28.371321310515807,26.761883398081707,15.09616436421902
151,NVIDIA A100-SXM4-40GB,gpt,"CustomGPT(L=2,d=128,h=2,ff=512)",FSDP,2,96,8,96,8,2,128,2,512,WIKITEXT,True,False,1.0,0.002307,34.467,4427712.0,128462.35529637044,689164517376.0,655360.0,196608.0,466944.0,1.329922,1,3.0,18.1,0.5251399889749616,0.2625699944874808,FSDP,870523600896.0,2901745336320.0,-6.07180729979052,-1.3372375868275026,27.25874585649075,13.39293998195317,15.303393530045023,-0.6440904062675572,12.188967177627234,28.696333511998194,27.49236070767226,15.069778678863518
152,NVIDIA A100-SXM4-40GB,gpt,"CustomGPT(L=2,d=128,h=2,ff=512)",FSDP,2,128,8,128,8,2,128,2,512,WIKITEXT,True,False,1.0,0.002612,36.214,5656320.0,156191.52813828905,926731468800.0,655360.0,262144.0,491520.0,1.314293,1,3.0,20.433999999999997,0.5642569172143369,0.28212845860716845,FSDP,1482770350080.0,3706925875200.0,-5.947639067567952,-1.2653927847891644,27.55492968287768,13.39293998195317,15.548284062044402,-0.572245604229219,12.476649250079015,28.941224043997572,28.024933312123416,15.078280432798667
153,NVIDIA A100-SXM4-40GB,gpt,"CustomGPT(L=2,d=128,h=2,ff=512)",FSDP,4,32,8,32,8,2,128,2,512,WIKITEXT,True,False,1.0,0.0032180000000000004,34.498,3199488.0,92744.1590816859,445573496832.0,655360.0,65536.0,417792.0,2.666795,1,3.0,18.431,0.5342628558177286,0.13356571395443215,FSDP,209681645568.0,2096816455680.0,-5.738995230411946,-2.013161682892842,26.822628046304093,13.39293998195317,14.97850135496859,-0.6268673217729513,11.090354888959125,28.37144133692176,26.068856243927712,15.732273157344968
154,NVIDIA A100-SXM4-40GB,gpt,"CustomGPT(L=2,d=128,h=2,ff=512)",FSDP,4,64,8,64,8,2,128,2,512,WIKITEXT,True,False,1.0,0.003578,32.686,5657088.0,173073.73187297315,834171568128.0,655360.0,131072.0,442368.0,2.351637,1,3.0,16.756999999999998,0.5126659731995349,0.12816649329988372,FSDP,741485838336.0,3707429191680.0,-5.6329512938956094,-2.0544251313721698,27.449704935328135,13.39293998195317,15.548419830152682,-0.6681307702522793,11.78350206951907,28.94135981210585,27.33192189967175,15.666202865809066
155,NVIDIA A100-SXM4-40GB,gpt,"CustomGPT(L=2,d=128,h=2,ff=512)",FSDP,4,96,8,96,8,2,128,2,512,WIKITEXT,True,False,1.0,0.003913,33.053,7911936.0,239371.1917223853,1231477014528.0,655360.0,196608.0,466944.0,2.349572,1,3.0,18.1,0.5476053610867395,0.13690134027168488,FSDP,1555549913088.0,5185166376960.0,-5.543450935753862,-1.988494756584562,27.83923538971893,13.39293998195317,15.883883063273203,-0.6022003954646716,12.188967177627234,29.276823045226372,28.072850240900436,15.650268212091698
156,NVIDIA A100-SXM4-40GB,gpt,"CustomGPT(L=2,d=128,h=2,ff=512)",FSDP,4,128,8,128,8,2,128,2,512,WIKITEXT,True,False,1.0,0.0033559999999999996,29.477,7905792.0,268202.05584014655,1295284961280.0,655360.0,262144.0,491520.0,2.201548,1,3.0,20.433999999999997,0.69321844149676,0.17330461037419,FSDP,2072455938048.0,5181139845120.0,-5.697005490377177,-1.7527044791857629,27.88975183419365,13.39293998195317,15.88310621336037,-0.3664101180658723,12.476649250079015,29.27604619531354,28.359755463439388,15.413102584114636
157,NVIDIA A100-SXM4-40GB,gpt,"CustomGPT(L=2,d=128,h=2,ff=512)",FSDP,6,32,8,32,8,2,128,2,512,WIKITEXT,True,False,1.0,0.005194,37.088,4428288.0,119399.48231233822,616701100032.0,655360.0,65536.0,417792.0,3.701986,1,3.0,18.431,0.4969531924072476,0.0828255320678746,FSDP,290212282368.0,2902122823680.0,-5.260251165741581,-2.4910189068159108,27.147650302681523,13.39293998195317,15.30352361134602,-0.6992594375878556,11.090354888959125,28.69646359329919,26.393878500305142,16.0572954137224
158,NVIDIA A100-SXM4-40GB,gpt,"CustomGPT(L=2,d=128,h=2,ff=512)",FSDP,6,64,8,64,8,2,128,2,512,WIKITEXT,True,False,1.0,0.005838,35.89,7911936.0,220449.59598774032,1166662434816.0,655360.0,131072.0,442368.0,3.360725,1,3.0,16.756999999999998,0.46689885762050704,0.0778164762700845,FSDP,1037033275392.0,5185166376960.0,-5.143367006550214,-2.553402092968984,27.785168168448656,13.39293998195317,15.883883063273203,-0.761642623740929,11.78350206951907,29.276823045226372,27.667385132792273,16.001666098929586
159,NVIDIA A100-SXM4-40GB,gpt,"CustomGPT(L=2,d=128,h=2,ff=512)",FSDP,6,96,8,96,8,2,128,2,512,WIKITEXT,True,False,1.0,0.00411,27.753,7902144.0,284731.164198465,1229952909312.0,655360.0,196608.0,466944.0,2.952555,1,3.0,18.1,0.6521817461175369,0.10869695768625615,FSDP,1553624727552.0,5178749091840.0,-5.4943322504739935,-2.219191473413566,27.837996999467784,13.39293998195317,15.882644673022055,-0.42743200418551114,12.188967177627234,29.275584654975226,28.07161185064929,15.64902982184055
160,NVIDIA A100-SXM4-40GB,gpt,"CustomGPT(L=2,d=128,h=2,ff=512)",FSDP,6,128,8,128,8,2,128,2,512,WIKITEXT,True,False,1.0,0.003287,24.366,7893504.0,323955.67594188626,1293271695360.0,655360.0,262144.0,491520.0,2.718185,1,3.0,20.433999999999997,0.8386275958302551,0.1397712659717092,FSDP,2069234712576.0,5173086781440.0,-5.717779984300055,-1.967748006991039,27.888196321533126,13.39293998195317,15.881550700699847,-0.17598853776298398,12.476649250079015,29.274490682653017,28.35819995077886,15.41154707145411
161,NVIDIA A100-SXM4-40GB,gpt,"CustomGPT(L=20,d=1024,h=16,ff=4096)",Baseline,1,32,8,32,8,20,1024,16,4096,WIKITEXT,True,False,1.0,0.007539,105.31,1356096.0,12877.181654163896,114646308618240.0,419430400.0,5242880.0,253624320.0,1.868396,1,3.0,105.31,1.0,1.0,Baseline,7109848596480.0,568787887718400.0,-4.8876657317525725,0.0,32.372872927751544,19.85440815830689,14.120120541436703,0.0,15.472381523633006,33.974528699743594,29.59250206506971,16.90049140411854
162,NVIDIA A100-SXM4-40GB,gpt,"CustomGPT(L=20,d=1024,h=16,ff=4096)",Baseline,1,64,8,64,8,20,1024,16,4096,WIKITEXT,True,False,1.0,0.008708,107.99600000000001,1970304.0,18244.231267824733,167863595827200.0,419430400.0,10485760.0,255590400.0,1.357642,1,3.0,107.99600000000001,1.0,1.0,Baseline,20660134871040.0,826405394841600.0,-4.7435131356098355,0.0,32.75417283593844,19.85440815830689,14.493698403529692,0.0,16.16552870419295,34.34810656183658,30.659227107722643,16.588644131745493
163,NVIDIA A100-SXM4-40GB,gpt,"CustomGPT(L=20,d=1024,h=16,ff=4096)",Baseline,1,96,8,96,8,20,1024,16,4096,WIKITEXT,True,False,1.0,0.010383,117.273,2584512.0,22038.423166457753,221885937745920.0,419430400.0,15728640.0,257556480.0,1.214573,1,3.0,117.273,1.0,1.0,Baseline,40650858823680.0,1084022901964800.0,-4.56758542566082,0.0,33.0331845718262,19.85440815830689,14.765047266671875,0.0,16.570993812301115,34.61945542497876,31.33604107897299,16.46219075952508
164,NVIDIA A100-SXM4-40GB,gpt,"CustomGPT(L=20,d=1024,h=16,ff=4096)",Baseline,1,128,8,128,8,20,1024,16,4096,WIKITEXT,True,False,1.0,0.012447,130.251,3198720.0,24558.122394453785,276713334374400.0,419430400.0,20971520.0,259522560.0,1.149432,1,3.0,130.251,1.0,1.0,Baseline,67082020454400.0,1341640409088000.0,-4.386275648963297,0.0,33.25400319228815,19.85440815830689,14.978261287748614,0.0,16.8586758847529,34.832669446055505,31.83693717250151,16.395327307535258
165,NVIDIA A100-SXM4-40GB,gpt,"CustomGPT(L=20,d=1024,h=16,ff=4096)",FSDP,2,32,8,32,8,20,1024,16,4096,WIKITEXT,True,False,1.0,0.016691,144.36,1970496.0,13649.875311720696,166588569354240.0,419430400.0,5242880.0,253624320.0,2.549834,1,3.0,105.31,0.7294957051814907,0.3647478525907453,FSDP,10331074068480.0,826485925478400.0,-4.092885626985856,-1.0085489789420274,32.746548231988335,19.85440815830689,14.493795845673496,-0.3154017983820821,15.472381523633006,34.348204003980385,29.9661773693065,17.27416670835533
166,NVIDIA A100-SXM4-40GB,gpt,"CustomGPT(L=20,d=1024,h=16,ff=4096)",FSDP,2,64,8,64,8,20,1024,16,4096,WIKITEXT,True,False,1.0,0.019044,145.318,3199104.0,22014.50611761791,272553423667200.0,419430400.0,10485760.0,255590400.0,2.093683,1,3.0,107.99600000000001,0.7431701509792318,0.3715850754896159,FSDP,33545036759040.0,1341801470361600.0,-3.961003187649865,-0.9899774356864188,33.23885576097139,19.85440815830689,14.978381328562635,-0.2968302551264735,16.16552870419295,34.83278948686952,31.14391003275559,17.073327056778435
167,NVIDIA A100-SXM4-40GB,gpt,"CustomGPT(L=20,d=1024,h=16,ff=4096)",FSDP,2,96,8,96,8,20,1024,16,4096,WIKITEXT,True,False,1.0,0.02255,158.915,4427712.0,27862.14013780952,380128639057920.0,419430400.0,15728640.0,257556480.0,1.965581,1,3.0,117.273,0.7379605449454111,0.36898027247270554,FSDP,69641888071680.0,1857117015244800.0,-3.7920202130334495,-0.99701209850435,33.57153083519935,19.85440815830689,15.303393530045023,-0.3038649179444047,16.570993812301115,35.15780168835191,31.87438734234614,17.00053702289823
168,NVIDIA A100-SXM4-40GB,gpt,"CustomGPT(L=20,d=1024,h=16,ff=4096)",FSDP,2,128,8,128,8,20,1024,16,4096,WIKITEXT,True,False,1.0,0.026050000000000004,171.183,5656320.0,33042.53342913724,489314215526400.0,419430400.0,20971520.0,259522560.0,1.912695,1,3.0,130.251,0.7608874713026411,0.38044373565132056,FSDP,118621628006400.0,2372432560128000.0,-3.6477375107827608,-0.9664169821244974,33.824025966583946,19.85440815830689,15.548284062044402,-0.27326980156455216,16.8586758847529,35.40269222035129,32.4069599467973,16.965350081831048
169,NVIDIA A100-SXM4-40GB,gpt,"CustomGPT(L=20,d=1024,h=16,ff=4096)",FSDP,4,32,8,32,8,20,1024,16,4096,WIKITEXT,True,False,1.0,0.030809,147.815,3199488.0,21645.218685519063,270489322782720.0,419430400.0,5242880.0,253624320.0,4.159823,1,3.0,105.31,0.7124446098163245,0.17811115245408113,FSDP,16774531645440.0,1341962531635200.0,-3.479948423894782,-1.7253474715898471,33.23125374128343,19.85440815830689,14.97850135496859,-0.3390531104699565,15.472381523633006,34.832909513275474,30.450882878601593,17.758872217650424
170,NVIDIA A100-SXM4-40GB,gpt,"CustomGPT(L=20,d=1024,h=16,ff=4096)",FSDP,4,64,8,64,8,20,1024,16,4096,WIKITEXT,True,False,1.0,0.037156,159.07,5657088.0,35563.512918840766,481965794918400.0,419430400.0,10485760.0,255590400.0,3.730145,1,3.0,107.99600000000001,0.6789212296473252,0.1697303074118313,FSDP,59318867066880.0,2372754682675200.0,-3.2926300134568627,-1.773544528628865,33.80889426256144,19.85440815830689,15.548419830152682,-0.38725016750897434,16.16552870419295,35.40282798845957,31.713948534345633,17.643365558368483
171,NVIDIA A100-SXM4-40GB,gpt,"CustomGPT(L=20,d=1024,h=16,ff=4096)",FSDP,4,96,8,96,8,20,1024,16,4096,WIKITEXT,True,False,1.0,0.041977,160.671,7911936.0,49243.08680471274,679256795381760.0,419430400.0,15728640.0,257556480.0,3.641533,1,3.0,117.273,0.7298952517878149,0.18247381294695372,FSDP,124443993047040.0,3318506481254400.0,-3.170633429744462,-1.7011486069569899,34.15202036842752,19.85440815830689,15.883883063273203,-0.3148542458370993,16.570993812301115,35.73829122158009,32.45487687557432,17.581026556126407
172,NVIDIA A100-SXM4-40GB,gpt,"CustomGPT(L=20,d=1024,h=16,ff=4096)",FSDP,4,128,8,128,8,20,1024,16,4096,WIKITEXT,True,False,1.0,0.03721,133.127,7905792.0,59385.33881181127,683910459555840.0,419430400.0,20971520.0,259522560.0,3.61507,1,3.0,130.251,0.9783965686900478,0.24459914217251194,FSDP,165796475043840.0,3315929500876800.0,-3.291177736623606,-1.408134562797717,34.158848117899915,19.85440815830689,15.88310621336037,-0.021840201677826496,16.8586758847529,35.73751437166726,32.74178209811327,17.300172233147016
173,NVIDIA A100-SXM4-40GB,gpt,"CustomGPT(L=20,d=1024,h=16,ff=4096)",FSDP,6,32,8,32,8,20,1024,16,4096,WIKITEXT,True,False,1.0,0.043367,141.559,4428288.0,31282.278060737925,374373844254720.0,419430400.0,5242880.0,253624320.0,5.767212,1,3.0,105.31,0.7439300927528452,0.12398834879214087,FSDP,23216982589440.0,1857358607155200.0,-3.1380564957662465,-2.0875676791454474,33.55627599766086,19.85440815830689,15.30352361134602,-0.29580820991739243,15.472381523633006,35.157931769652905,30.775905134979027,18.083894474027854
174,NVIDIA A100-SXM4-40GB,gpt,"CustomGPT(L=20,d=1024,h=16,ff=4096)",FSDP,6,64,8,64,8,20,1024,16,4096,WIKITEXT,True,False,1.0,0.052164,152.252,7911936.0,51966.05627512282,674071629004800.0,419430400.0,10485760.0,255590400.0,5.303623,1,3.0,107.99600000000001,0.709324015448073,0.1182206692413455,FSDP,82962662031360.0,3318506481254400.0,-2.9533626771874815,-2.1352023226194845,34.14435749568195,19.85440815830689,15.883883063273203,-0.3434428533914297,16.16552870419295,35.73829122158009,32.049411767466154,17.978828791489004
175,NVIDIA A100-SXM4-40GB,gpt,"CustomGPT(L=20,d=1024,h=16,ff=4096)",FSDP,6,96,8,96,8,20,1024,16,4096,WIKITEXT,True,False,1.0,0.040701,113.029,7902144.0,69912.53572092118,678416131031040.0,419430400.0,15728640.0,257556480.0,5.205777,1,3.0,117.273,1.0375478859407763,0.17292464765679605,FSDP,124289978204160.0,3314399418777600.0,-3.201502616810856,-1.7548993420468137,34.150781978176376,19.85440815830689,15.882644673022055,0.03686012718124116,16.570993812301115,35.737052831328946,32.45363848532317,17.57978816587526
176,NVIDIA A100-SXM4-40GB,gpt,"CustomGPT(L=20,d=1024,h=16,ff=4096)",FSDP,6,128,8,128,8,20,1024,16,4096,WIKITEXT,True,False,1.0,0.035386,95.694,7893504.0,82486.92708006772,682847455150080.0,419430400.0,20971520.0,259522560.0,5.145208,1,3.0,130.251,1.3611198194244154,0.22685330323740258,FSDP,165538777006080.0,3310775540121600.0,-3.341439017291326,-1.4834517116495367,34.157292605239384,19.85440815830689,15.881550700699847,0.3083077575785183,16.8586758847529,35.735958859006736,32.740226585452746,17.29861672048649
177,NVIDIA A100-SXM4-40GB,gpt,"CustomGPT(L=24,d=1024,h=16,ff=4096)",Baseline,1,32,8,32,8,24,1024,16,4096,WIKITEXT,True,False,1.0,0.008975,126.74000000000001,1356096.0,10699.826416285308,137575570341888.0,503316480.0,6291456.0,304349184.0,1.882813,1,3.0,126.74000000000001,1.0,1.0,Baseline,8531818315776.0,682545465262080.0,-4.713312344607794,0.0,32.5551944845455,20.036729715100844,14.120120541436703,0.0,15.65470308042696,34.156850256537545,29.774823621863664,16.90049140411854
178,NVIDIA A100-SXM4-40GB,gpt,"CustomGPT(L=24,d=1024,h=16,ff=4096)",Baseline,1,64,8,64,8,24,1024,16,4096,WIKITEXT,True,False,1.0,0.010404,127.34700000000001,1970304.0,15471.931023110084,201436314992640.0,503316480.0,12582912.0,306708480.0,1.366568,1,3.0,127.34700000000001,1.0,1.0,Baseline,24792161845248.0,991686473809920.0,-4.565564931395731,0.0,32.9364943927324,20.036729715100844,14.493698403529692,0.0,16.347850260986906,34.53042811863053,30.841548664516598,16.588644131745493
179,NVIDIA A100-SXM4-40GB,gpt,"CustomGPT(L=24,d=1024,h=16,ff=4096)",Baseline,1,96,8,96,8,24,1024,16,4096,WIKITEXT,True,False,1.0,0.012226999999999998,135.985,2584512.0,19005.86094054491,266263125295104.0,503316480.0,18874368.0,309067776.0,1.21888,1,3.0,135.985,1.0,1.0,Baseline,48781030588416.0,1300827482357760.0,-4.404108657820084,0.0,33.21550612862015,20.036729715100844,14.765047266671875,0.0,16.75331536909507,34.80177698177272,31.518362635766945,16.46219075952508
180,NVIDIA A100-SXM4-40GB,gpt,"CustomGPT(L=24,d=1024,h=16,ff=4096)",Baseline,1,128,8,128,8,24,1024,16,4096,WIKITEXT,True,False,1.0,0.01458,150.91500000000002,3198720.0,21195.507404830532,332056001249280.0,503316480.0,25165824.0,311427072.0,1.150107,1,3.0,150.91500000000002,1.0,1.0,Baseline,80498424545280.0,1609968490905600.0,-4.228104552401625,0.0,33.43632474908211,20.036729715100844,14.978261287748614,0.0,17.04099744154685,35.014991002849456,32.019258729295466,16.395327307535258
181,NVIDIA A100-SXM4-40GB,gpt,"CustomGPT(L=24,d=1024,h=16,ff=4096)",FSDP,2,32,8,32,8,24,1024,16,4096,WIKITEXT,True,False,1.0,0.019224,165.635,1970496.0,11896.616053370362,199906283225088.0,503316480.0,6291456.0,304349184.0,2.604332,1,3.0,126.74000000000001,0.7651764421770761,0.38258822108853807,FSDP,12397288882176.0,991783110574080.0,-3.951595780547969,-0.9607960089409122,32.92886978878229,20.036729715100844,14.493795845673496,-0.26764882838096693,15.65470308042696,34.530525560774336,30.148498926100455,17.27416670835533
182,NVIDIA A100-SXM4-40GB,gpt,"CustomGPT(L=24,d=1024,h=16,ff=4096)",FSDP,2,64,8,64,8,24,1024,16,4096,WIKITEXT,True,False,1.0,0.022604,168.97899999999998,3199104.0,18931.96195977015,327064108400640.0,503316480.0,12582912.0,306708480.0,2.12046,1,3.0,127.34700000000001,0.7536261902366568,0.3768130951183284,FSDP,40254044110848.0,1610161764433920.0,-3.78962839721454,-0.9760059833850695,33.42117731776534,20.036729715100844,14.978381328562635,-0.2828588028251242,16.347850260986906,35.01511104366348,31.326231589549543,17.073327056778435
183,NVIDIA A100-SXM4-40GB,gpt,"CustomGPT(L=24,d=1024,h=16,ff=4096)",FSDP,2,96,8,96,8,24,1024,16,4096,WIKITEXT,True,False,1.0,0.026075,183.45,4427712.0,24135.797219950942,456154366869504.0,503316480.0,18874368.0,309067776.0,1.984257,1,3.0,135.985,0.7412646497683294,0.3706323248841647,FSDP,83570265686016.0,2228540418293760.0,-3.646778278095301,-0.9925447458256746,33.7538523919933,20.036729715100844,15.303393530045023,-0.29939756526572936,16.75331536909507,35.34012324514587,32.05670889914009,17.00053702289823
184,NVIDIA A100-SXM4-40GB,gpt,"CustomGPT(L=24,d=1024,h=16,ff=4096)",FSDP,2,128,8,128,8,24,1024,16,4096,WIKITEXT,True,False,1.0,0.030785,195.77800000000002,5656320.0,28891.499555619117,587177058631680.0,503316480.0,25165824.0,311427072.0,1.949622,1,3.0,150.91500000000002,0.7708475926815066,0.3854237963407533,FSDP,142345953607680.0,2846919072153600.0,-3.4807277206189635,-0.9534117803808626,34.0063475233779,20.036729715100844,15.548284062044402,-0.2602645998209173,17.04099744154685,35.58501377714524,32.58928150359125,16.965350081831048
185,NVIDIA A100-SXM4-40GB,gpt,"CustomGPT(L=24,d=1024,h=16,ff=4096)",FSDP,4,32,8,32,8,24,1024,16,4096,WIKITEXT,True,False,1.0,0.036327,166.668,3199488.0,19196.774425804593,324587187339264.0,503316480.0,6291456.0,304349184.0,4.252882,1,3.0,126.74000000000001,0.7604339165286678,0.19010847913216694,FSDP,20129437974528.0,1610355037962240.0,-3.3151940125417982,-1.660160426946602,33.41357529807738,20.036729715100844,14.97850135496859,-0.2738660658267113,15.65470308042696,35.01523107006943,30.633204435395548,17.758872217650424
186,NVIDIA A100-SXM4-40GB,gpt,"CustomGPT(L=24,d=1024,h=16,ff=4096)",FSDP,4,64,8,64,8,24,1024,16,4096,WIKITEXT,True,False,1.0,0.042853,178.777,5657088.0,31643.26507324768,578358953902080.0,503316480.0,12582912.0,306708480.0,3.719658,1,3.0,127.34700000000001,0.7123231735625949,0.17808079339064872,FSDP,71182640480256.0,2847305619210240.0,-3.149979624720439,-1.7255179362163502,33.99121581935539,20.036729715100844,15.548419830152682,-0.3392235750964596,16.347850260986906,35.58514954525352,31.896270091139588,17.643365558368483
187,NVIDIA A100-SXM4-40GB,gpt,"CustomGPT(L=24,d=1024,h=16,ff=4096)",FSDP,4,96,8,96,8,24,1024,16,4096,WIKITEXT,True,False,1.0,0.049287,185.892,7911936.0,42562.00374410948,815108154458112.0,503316480.0,18874368.0,309067776.0,3.668086,1,3.0,135.985,0.7315269080971748,0.1828817270242937,FSDP,149332791656448.0,3982207777505280.0,-3.0100949243898274,-1.698915635496555,34.33434192522148,20.036729715100844,15.883883063273203,-0.3126212743766646,16.75331536909507,35.92061277837404,32.63719843236827,17.581026556126407
188,NVIDIA A100-SXM4-40GB,gpt,"CustomGPT(L=24,d=1024,h=16,ff=4096)",FSDP,4,128,8,128,8,24,1024,16,4096,WIKITEXT,True,False,1.0,0.042596,155.30700000000002,7905792.0,50904.28634897332,820692551467008.0,503316480.0,25165824.0,311427072.0,3.657485,1,3.0,150.91500000000002,0.9717205277289498,0.24293013193223745,FSDP,198955770052608.0,3979115401052160.0,-3.1559949268289995,-1.414981399896829,34.341169674693866,20.036729715100844,15.88310621336037,-0.028687038776938536,17.04099744154685,35.91983592846121,32.92410365490722,17.300172233147016
189,NVIDIA A100-SXM4-40GB,gpt,"CustomGPT(L=24,d=1024,h=16,ff=4096)",FSDP,6,32,8,32,8,24,1024,16,4096,WIKITEXT,True,False,1.0,0.052443000000000004,173.443,4428288.0,25531.66169865604,449248613105664.0,503316480.0,6291456.0,304349184.0,5.845127,1,3.0,126.74000000000001,0.7307299804546739,0.12178833007577898,FSDP,27860379107328.0,2228830328586240.0,-2.9480284134849803,-2.105470740482344,33.73859755445481,20.036729715100844,15.30352361134602,-0.3137112712542887,15.65470308042696,35.34025332644686,30.95822669177298,18.083894474027854
190,NVIDIA A100-SXM4-40GB,gpt,"CustomGPT(L=24,d=1024,h=16,ff=4096)",FSDP,6,64,8,64,8,24,1024,16,4096,WIKITEXT,True,False,1.0,0.060081999999999997,174.327,7911936.0,45385.602918652876,808885954805760.0,503316480.0,12582912.0,306708480.0,5.389451,1,3.0,127.34700000000001,0.7305064619938392,0.1217510769989732,FSDP,99555194437632.0,3982207777505280.0,-2.812044983132253,-2.1057766710711037,34.32667905247591,20.036729715100844,15.883883063273203,-0.3140172018430489,16.347850260986906,35.92061277837404,32.231733324260105,17.978828791489004
191,NVIDIA A100-SXM4-40GB,gpt,"CustomGPT(L=24,d=1024,h=16,ff=4096)",FSDP,6,96,8,96,8,24,1024,16,4096,WIKITEXT,True,False,1.0,0.048482,130.924,7902144.0,60356.726039534384,814099357237248.0,503316480.0,18874368.0,309067776.0,5.272714,1,3.0,135.985,1.0386560141761634,0.17310933569602724,FSDP,149147973844992.0,3977279302533120.0,-3.0265626839465933,-1.7538318858682107,34.333103534970334,20.036729715100844,15.882644673022055,0.03792758335984408,16.75331536909507,35.9193743881229,32.63596004211713,17.57978816587526
192,NVIDIA A100-SXM4-40GB,gpt,"CustomGPT(L=24,d=1024,h=16,ff=4096)",FSDP,6,128,8,128,8,24,1024,16,4096,WIKITEXT,True,False,1.0,0.013702,36.436,2631168.0,72213.41530354595,819416946180096.0,503316480.0,25165824.0,311427072.0,5.168602,1,1.0,150.91500000000002,4.1419200790427055,0.6903200131737842,FSDP,66215510802432.0,1324310216048640.0,-4.2902134714014295,-0.37060000169849466,34.33961416203334,20.036729715100844,14.782938412031736,1.4211594675295605,17.04099744154685,34.81966812713258,31.82393585357859,17.29861672048649
193,NVIDIA A100-SXM4-40GB,gpt,"CustomGPT(L=3,d=192,h=3,ff=768)",Baseline,1,32,8,32,8,3,192,3,768,WIKITEXT,True,False,1.0,0.001073,20.506,1356096.0,66131.6687798693,624889036800.0,2211840.0,147456.0,1382400.0,1.856971,1,3.0,20.506,1.0,1.0,Baseline,199964491776.0,2999467376640.0,-6.837296815333575,0.0,27.16083992980052,14.609335306277663,14.120120541436703,0.0,11.901285105175454,28.729455847714366,26.021405646612155,15.259554824625068
194,NVIDIA A100-SXM4-40GB,gpt,"CustomGPT(L=3,d=192,h=3,ff=768)",Baseline,1,64,8,64,8,3,192,3,768,WIKITEXT,True,False,1.0,0.0013059999999999999,21.214,1970304.0,92877.53370415764,944232726528.0,2211840.0,294912.0,1437696.0,1.360405,1,3.0,21.214,1.0,1.0,Baseline,581066293248.0,4357997199360.0,-6.640786248127897,0.0,27.57363850504679,14.609335306277663,14.493698403529692,0.0,12.5944322857354,29.103033709807356,27.08813068926509,14.979206219311392
195,NVIDIA A100-SXM4-40GB,gpt,"CustomGPT(L=3,d=192,h=3,ff=768)",Baseline,1,96,8,96,8,3,192,3,768,WIKITEXT,True,False,1.0,0.001474,22.659,2584512.0,114061.16774791475,1286218579968.0,2211840.0,442368.0,1492992.0,1.196297,1,3.0,22.659,1.0,1.0,Baseline,1143305404416.0,5716527022080.0,-6.519775485214992,0.0,27.88272769617182,14.609335306277663,14.765047266671875,0.0,12.999897393843563,29.374382572949536,27.764944660515436,14.882830302328257
196,NVIDIA A100-SXM4-40GB,gpt,"CustomGPT(L=3,d=192,h=3,ff=768)",Baseline,1,128,8,128,8,3,192,3,768,WIKITEXT,True,False,1.0,0.001721,25.649,3198720.0,124711.29478732114,1650846597120.0,2211840.0,589824.0,1548288.0,1.134381,1,3.0,25.649,1.0,1.0,Baseline,1886681825280.0,7075056844800.0,-6.364849761752734,0.0,28.132309361419438,14.609335306277663,14.978261287748614,0.0,13.287579466295345,29.587596594026277,28.265840754043957,14.844729895124091
197,NVIDIA A100-SXM4-40GB,gpt,"CustomGPT(L=3,d=192,h=3,ff=768)",FSDP,2,32,8,32,8,3,192,3,768,WIKITEXT,True,False,1.0,0.002265,38.472,1970496.0,51218.964441671866,908004556800.0,2211840.0,147456.0,1382400.0,1.808655,1,3.0,20.506,0.5330110210022874,0.2665055105011437,FSDP,290561458176.0,4358421872640.0,-6.09018052004714,-1.3223603582874073,27.534515234037315,14.609335306277663,14.493795845673496,-0.629213177727462,11.901285105175454,29.10313115195116,26.39508095084895,15.633230128861861
198,NVIDIA A100-SXM4-40GB,gpt,"CustomGPT(L=3,d=192,h=3,ff=768)",FSDP,2,64,8,64,8,3,192,3,768,WIKITEXT,True,False,1.0,0.002739,40.159,3199104.0,79660.94773276227,1533113008128.0,2211840.0,294912.0,1437696.0,1.555312,1,3.0,21.214,0.5282502054334022,0.2641251027167011,FSDP,943454158848.0,7075906191360.0,-5.900162388701196,-1.3313324141517142,28.058321430079737,14.609335306277663,14.978381328562635,-0.6381852335917689,12.5944322857354,29.587716634840298,27.572813614298035,15.463889144344336
199,NVIDIA A100-SXM4-40GB,gpt,"CustomGPT(L=3,d=192,h=3,ff=768)",FSDP,2,96,8,96,8,3,192,3,768,WIKITEXT,True,False,1.0,0.002964,40.485,4427712.0,109366.72841793257,2203512864768.0,2211840.0,442368.0,1492992.0,1.455537,1,3.0,22.659,0.5596887736198591,0.27984438680992957,FSDP,1958678102016.0,9793390510080.0,-5.821215571548296,-1.2735215916986025,28.42107395954497,14.609335306277663,15.303393530045023,-0.5803744111386572,12.999897393843563,29.912728836322685,28.303290923888586,15.421176565701407
200,NVIDIA A100-SXM4-40GB,gpt,"CustomGPT(L=3,d=192,h=3,ff=768)",FSDP,2,128,8,128,8,3,192,3,768,WIKITEXT,True,False,1.0,0.003284,41.79,5656320.0,135351.0409188801,2919204126720.0,2211840.0,589824.0,1548288.0,1.385351,1,3.0,25.649,0.6137592725532425,0.30687963627662124,FSDP,3336233287680.0,12510874828800.0,-5.718693087391955,-1.181299672517754,28.702332135715224,14.609335306277663,15.548284062044402,-0.48815249195780885,13.287579466295345,30.157619368322067,28.835863528339747,15.41475266941988
201,NVIDIA A100-SXM4-40GB,gpt,"CustomGPT(L=3,d=192,h=3,ff=768)",FSDP,4,32,8,32,8,3,192,3,768,WIKITEXT,True,False,1.0,0.004232,38.251,3199488.0,83644.558312201,1474324070400.0,2211840.0,147456.0,1382400.0,3.055644,1,3.0,20.506,0.5360905597239288,0.1340226399309822,FSDP,471783702528.0,7076755537920.0,-5.465080584426139,-2.0097465385936424,28.019220743332408,14.609335306277663,14.97850135496859,-0.623452177473752,11.901285105175454,29.587836661246254,26.879786460144043,16.117935638156954
202,NVIDIA A100-SXM4-40GB,gpt,"CustomGPT(L=3,d=192,h=3,ff=768)",FSDP,4,64,8,64,8,3,192,3,768,WIKITEXT,True,False,1.0,0.004553,37.789,5657088.0,149701.97676572547,2711057596416.0,2211840.0,294912.0,1437696.0,2.63604,1,3.0,21.214,0.5613802958532906,0.14034507396332266,FSDP,1668343136256.0,12512573521920.0,-5.391968922629492,-1.9636510750208929,28.62835993166978,14.609335306277663,15.548419830152682,-0.5773567139010022,12.5944322857354,30.157755136430346,28.14285211588808,16.033927645934384
203,NVIDIA A100-SXM4-40GB,gpt,"CustomGPT(L=3,d=192,h=3,ff=768)",FSDP,4,96,8,96,8,3,192,3,768,WIKITEXT,True,False,1.0,0.004989,38.432,7911936.0,205868.4429641965,3937485717504.0,2211840.0,442368.0,1492992.0,2.571434,1,3.0,22.659,0.5895868026644462,0.14739670066611155,FSDP,3499987304448.0,17499936522240.0,-5.300519790103237,-1.914627683018043,29.001563492773148,14.609335306277663,15.883883063273203,-0.5283333218981526,12.999897393843563,30.493218369550867,28.883780457116764,16.001666098929586
204,NVIDIA A100-SXM4-40GB,gpt,"CustomGPT(L=3,d=192,h=3,ff=768)",FSDP,4,128,8,128,8,3,192,3,768,WIKITEXT,True,False,1.0,0.004221,33.294,7905792.0,237453.9556676879,4080147628032.0,2211840.0,589824.0,1548288.0,2.378006,1,3.0,25.649,0.7703790472757855,0.1925947618189464,FSDP,4663025860608.0,17486346977280.0,-5.467683212181775,-1.6471669771896946,29.037154287031193,14.609335306277663,15.88310621336037,-0.260872616069804,13.287579466295345,30.492441519638035,29.170685679655715,15.749574820735848
205,NVIDIA A100-SXM4-40GB,gpt,"CustomGPT(L=3,d=192,h=3,ff=768)",FSDP,6,32,8,32,8,3,192,3,768,WIKITEXT,True,False,1.0,0.006167000000000001,39.397999999999996,4428288.0,112398.80196964314,2040555110400.0,2211840.0,147456.0,1382400.0,4.120569,1,3.0,20.506,0.5204832732626022,0.0867472122104337,FSDP,652977635328.0,9794664529920.0,-5.088542782972781,-2.444756996574319,28.344242999709838,14.609335306277663,15.30352361134602,-0.6529975273462642,11.901285105175454,29.912858917623684,27.204808716521473,16.442957894534384
206,NVIDIA A100-SXM4-40GB,gpt,"CustomGPT(L=3,d=192,h=3,ff=768)",FSDP,6,64,8,64,8,3,192,3,768,WIKITEXT,True,False,1.0,0.006619,38.687,7911936.0,204511.4896476853,3791652913152.0,2211840.0,294912.0,1437696.0,3.832167,1,3.0,21.214,0.548349574792566,0.091391595798761,FSDP,2333324869632.0,17499936522240.0,-5.017810977845351,-2.3926017544349922,28.963823164790302,14.609335306277663,15.883883063273203,-0.6008422852069375,12.5944322857354,30.493218369550867,28.4783153490086,16.369390879054905
207,NVIDIA A100-SXM4-40GB,gpt,"CustomGPT(L=3,d=192,h=3,ff=768)",FSDP,6,96,8,96,8,3,192,3,768,WIKITEXT,True,False,1.0,0.004927,30.747999999999998,7902144.0,256997.0079354755,3932612591616.0,2211840.0,442368.0,1492992.0,3.303683,1,3.0,22.659,0.7369259789254586,0.12282099648757644,FSDP,3495655636992.0,17478278184960.0,-5.313024995420311,-2.09702729671552,29.000325102522,14.609335306277663,15.882644673022055,-0.30526782748746484,12.999897393843563,30.491979979299717,28.882542066865618,16.00042770867844
208,NVIDIA A100-SXM4-40GB,gpt,"CustomGPT(L=3,d=192,h=3,ff=768)",FSDP,6,128,8,128,8,3,192,3,768,WIKITEXT,True,False,1.0,0.004179,27.380000000000003,7893504.0,288294.52154857555,4073805840384.0,2211840.0,589824.0,1548288.0,3.01882,1,3.0,25.649,0.9367786705624543,0.15612977842707573,FSDP,4655778103296.0,17459167887360.0,-5.477683295516359,-1.8570677045863426,29.03559877437067,14.609335306277663,15.881550700699847,-0.06530823535828781,13.287579466295345,30.490886006977508,29.169130166995192,15.748019308075325
209,NVIDIA A100-SXM4-40GB,gpt,"CustomGPT(L=4,d=256,h=4,ff=1024)",Baseline,1,32,8,32,8,4,256,4,1024,WIKITEXT,True,False,1.0,0.001361,25.753999999999998,1356096.0,52655.74279723538,1466406273024.0,5242880.0,262144.0,3244032.0,1.861241,1,3.0,25.753999999999998,1.0,1.0,Baseline,355492429824.0,7109848596480.0,-6.599535555312808,0.0,28.013835811302364,15.472381523633006,14.120120541436703,0.0,12.476649250079015,29.59250206506971,26.59676979151572,15.537186561223347
210,NVIDIA A100-SXM4-40GB,gpt,"CustomGPT(L=4,d=256,h=4,ff=1024)",Baseline,1,64,8,64,8,4,256,4,1024,WIKITEXT,True,False,1.0,0.00165,27.008,1970304.0,72952.60663507109,2195139330048.0,5242880.0,524288.0,3342336.0,1.359576,1,3.0,27.008,1.0,1.0,Baseline,1033006743552.0,10330067435520.0,-6.406979991069647,0.0,28.417266636545033,15.472381523633006,14.493698403529692,0.0,13.16979643063896,29.966079927162696,27.663494834168652,15.24747020590607
211,NVIDIA A100-SXM4-40GB,gpt,"CustomGPT(L=4,d=256,h=4,ff=1024)",Baseline,1,96,8,96,8,4,256,4,1024,WIKITEXT,True,False,1.0,0.001791,27.735999999999997,2584512.0,93182.57859821172,2964125122560.0,5242880.0,786432.0,3440640.0,1.189152,1,3.0,27.735999999999997,1.0,1.0,Baseline,2032542941184.0,13550286274560.0,-6.324981155903562,0.0,28.717603036560465,15.472381523633006,14.765047266671875,0.0,13.575261538747124,30.23742879030488,28.340308805419,15.142341497813343
212,NVIDIA A100-SXM4-40GB,gpt,"CustomGPT(L=4,d=256,h=4,ff=1024)",Baseline,1,128,8,128,8,4,256,4,1024,WIKITEXT,True,False,1.0,0.002019,29.861,3198720.0,107120.32416864806,3773363650560.0,5242880.0,1048576.0,3538944.0,1.125312,1,3.0,29.861,1.0,1.0,Baseline,3354101022720.0,16770505113600.0,-6.205152939651437,0.0,28.958987934603904,15.472381523633006,14.978261287748614,0.0,13.862943611198906,30.45064281138162,28.84120489894752,15.096044323404998
213,NVIDIA A100-SXM4-40GB,gpt,"CustomGPT(L=4,d=256,h=4,ff=1024)",FSDP,2,32,8,32,8,4,256,4,1024,WIKITEXT,True,False,1.0,0.002829,43.745,1970496.0,45045.05657789462,2130784026624.0,5242880.0,262144.0,3244032.0,1.93883,1,3.0,25.753999999999998,0.5887301405874957,0.29436507029374787,FSDP,516553703424.0,10331074068480.0,-5.867831986662707,-1.222934546266581,28.387511115539155,15.472381523633006,14.493795845673496,-0.5297873657066358,12.476649250079015,29.9661773693065,26.97044509575251,15.91086186546014
214,NVIDIA A100-SXM4-40GB,gpt,"CustomGPT(L=4,d=256,h=4,ff=1024)",FSDP,2,64,8,64,8,4,256,4,1024,WIKITEXT,True,False,1.0,0.0032890000000000003,45.284,3199104.0,70645.34935076407,3564160155648.0,5242880.0,524288.0,3342336.0,1.594087,1,3.0,27.008,0.596413744368872,0.298206872184436,FSDP,1677251837952.0,16772518379520.0,-5.717171711775217,-1.2099678313622617,28.901949561577975,15.472381523633006,14.978381328562635,-0.5168206508023164,13.16979643063896,30.45076285219564,28.148177759201594,15.732153130939016
215,NVIDIA A100-SXM4-40GB,gpt,"CustomGPT(L=4,d=256,h=4,ff=1024)",FSDP,2,96,8,96,8,4,256,4,1024,WIKITEXT,True,False,1.0,0.0036230000000000004,46.427,4427712.0,95369.33250048463,5078054338560.0,5242880.0,786432.0,3440640.0,1.47754,1,3.0,27.735999999999997,0.5974109892950222,0.2987054946475111,FSDP,3482094403584.0,23213962690560.0,-5.620452867069196,-1.208297158725007,29.255949299933615,15.472381523633006,15.303393530045023,-0.5151499781650618,13.575261538747124,30.77577505367803,28.87865506879215,15.68068776118649
216,NVIDIA A100-SXM4-40GB,gpt,"CustomGPT(L=4,d=256,h=4,ff=1024)",FSDP,2,128,8,128,8,4,256,4,1024,WIKITEXT,True,False,1.0,0.003876,46.659,5656320.0,121226.77296984504,6672466575360.0,5242880.0,1048576.0,3538944.0,1.449016,1,3.0,29.861,0.6399837116097645,0.31999185580488226,FSDP,5931081400320.0,29655407001600.0,-5.552951584953617,-1.13945973412198,29.52901070889969,15.472381523633006,15.548284062044402,-0.4463125535620347,13.862943611198906,31.02066558567741,29.411227673243307,15.666067097700786
217,NVIDIA A100-SXM4-40GB,gpt,"CustomGPT(L=4,d=256,h=4,ff=1024)",FSDP,4,32,8,32,8,4,256,4,1024,WIKITEXT,True,False,1.0,0.005156,43.391,3199488.0,73736.21257864534,3459747151872.0,5242880.0,262144.0,3244032.0,3.191772,1,3.0,25.753999999999998,0.593533221174898,0.1483833052937245,FSDP,838726582272.0,16774531645440.0,-5.267594193905196,-1.9079564525979582,28.872216624834248,15.472381523633006,14.97850135496859,-0.5216620914780676,12.476649250079015,30.450882878601593,27.455150605047603,16.395567374755235
218,NVIDIA A100-SXM4-40GB,gpt,"CustomGPT(L=4,d=256,h=4,ff=1024)",FSDP,4,64,8,64,8,4,256,4,1024,WIKITEXT,True,False,1.0,0.005582,43.133,5657088.0,131154.5220596759,6302629625856.0,5242880.0,524288.0,3342336.0,2.864117,1,3.0,27.008,0.6261563072357591,0.15653907680893978,FSDP,2965943353344.0,29659433533440.0,-5.188208143868007,-1.8544496080999031,29.471988063168023,15.472381523633006,15.548419830152682,-0.46815524698001254,13.16979643063896,31.02080135378569,28.718216260791642,16.302191632529063
219,NVIDIA A100-SXM4-40GB,gpt,"CustomGPT(L=4,d=256,h=4,ff=1024)",FSDP,4,96,8,96,8,4,256,4,1024,WIKITEXT,True,False,1.0,0.006287,45.042,7911936.0,175656.85360330358,9074041159680.0,5242880.0,786432.0,3440640.0,2.647974,1,3.0,27.735999999999997,0.6157808267838905,0.15394520669597261,FSDP,6222199652352.0,41481331015680.0,-5.069271269581213,-1.8711585405560889,29.836438833161797,15.472381523633006,15.883883063273203,-0.4848641794361982,13.575261538747124,31.356264586906207,29.459144602020327,16.26117729441467
220,NVIDIA A100-SXM4-40GB,gpt,"CustomGPT(L=4,d=256,h=4,ff=1024)",FSDP,4,128,8,128,8,4,256,4,1024,WIKITEXT,True,False,1.0,0.005146,38.43,7905792.0,205719.2818110851,9326051721216.0,5242880.0,1048576.0,3538944.0,2.498377,1,3.0,29.861,0.7770231589903721,0.19425578974759303,FSDP,8289823752192.0,41449118760960.0,-5.269535565122585,-1.6385794845281452,29.86383286021566,15.472381523633006,15.88310621336037,-0.25228512340825465,13.862943611198906,31.35548773699338,29.74604982455928,16.000889249016755
221,NVIDIA A100-SXM4-40GB,gpt,"CustomGPT(L=4,d=256,h=4,ff=1024)",FSDP,6,32,8,32,8,4,256,4,1024,WIKITEXT,True,False,1.0,0.007430000000000001,43.754,4428288.0,101208.75805640628,4788502659072.0,5242880.0,262144.0,3244032.0,4.402991,1,3.0,25.753999999999998,0.5886090414590666,0.09810150690984443,FSDP,1160849129472.0,23216982589440.0,-4.9022294202524686,-2.3217525515721777,29.19723888121168,15.472381523633006,15.30352361134602,-0.5299930823441229,12.476649250079015,30.775905134979027,27.780172861425033,16.720589631132665
222,NVIDIA A100-SXM4-40GB,gpt,"CustomGPT(L=4,d=256,h=4,ff=1024)",FSDP,6,64,8,64,8,4,256,4,1024,WIKITEXT,True,False,1.0,0.00826,44.808,7911936.0,176574.1831815747,8814782840832.0,5242880.0,524288.0,3342336.0,4.0922,1,3.0,27.008,0.6027495090162471,0.10045825150270786,FSDP,4148133101568.0,41481331015680.0,-4.79633069144925,-2.2980130457220396,29.807451296288544,15.472381523633006,15.883883063273203,-0.5062535764939845,13.16979643063896,31.356264586906207,29.053679493912163,16.637654865649584
223,NVIDIA A100-SXM4-40GB,gpt,"CustomGPT(L=4,d=256,h=4,ff=1024)",FSDP,6,96,8,96,8,4,256,4,1024,WIKITEXT,True,False,1.0,0.006004,34.452,7902144.0,229366.77115987462,9062810910720.0,5242880.0,786432.0,3440640.0,3.560343,1,3.0,27.735999999999997,0.805062115406943,0.1341770192344905,FSDP,6214498910208.0,41429992734720.0,-5.115329365210921,-2.0085953117722597,29.835200442910647,15.472381523633006,15.882644673022055,-0.21683584254420496,13.575261538747124,31.35502619665506,29.45790621176918,16.259938904163523
224,NVIDIA A100-SXM4-40GB,gpt,"CustomGPT(L=4,d=256,h=4,ff=1024)",FSDP,6,128,8,128,8,4,256,4,1024,WIKITEXT,True,False,1.0,0.005067,30.326,7893504.0,260288.33344325,9311556206592.0,5242880.0,1048576.0,3538944.0,3.256396,1,3.0,29.861,0.9846666226999934,0.16411110378333224,FSDP,8276938850304.0,41384694251520.0,-5.285006352488364,-1.8072116184383045,29.862277347555136,15.472381523633006,15.881550700699847,-0.015452149210249589,13.862943611198906,31.35393222433285,29.74449431189875,15.99933373635623
225,NVIDIA A100-SXM4-40GB,gpt,"CustomGPT(L=4,d=320,h=5,ff=1280)",Baseline,1,32,8,32,8,4,320,5,1280,WIKITEXT,True,False,1.0,0.001524,26.124000000000002,1356096.0,51909.96784565916,2277373378560.0,8192000.0,327680.0,5038080.0,1.863062,1,3.0,26.124000000000002,1.0,1.0,Baseline,444365537280.0,11109138432000.0,-6.4864168217176825,0.0,28.4540438678544,15.918668626261425,14.120120541436703,0.0,12.699792801393224,30.03878916769813,26.819913342829928,15.754251066461174
226,NVIDIA A100-SXM4-40GB,gpt,"CustomGPT(L=4,d=320,h=5,ff=1280)",Baseline,1,64,8,64,8,4,320,5,1280,WIKITEXT,True,False,1.0,0.0017130000000000001,27.118000000000002,1970304.0,72656.6855962829,3389553377280.0,8192000.0,655360.0,5160960.0,1.353823,1,3.0,27.118000000000002,1.0,1.0,Baseline,1291258429440.0,16140730368000.0,-6.369509059640154,0.0,28.85171928152645,15.918668626261425,14.493698403529692,0.0,13.39293998195317,30.412367029791117,27.88663838548286,15.458779299573278
227,NVIDIA A100-SXM4-40GB,gpt,"CustomGPT(L=4,d=320,h=5,ff=1280)",Baseline,1,96,8,96,8,4,320,5,1280,WIKITEXT,True,False,1.0,0.001922,28.466,2584512.0,90792.94597063163,4552049295360.0,8192000.0,983040.0,5283840.0,1.207865,1,3.0,28.466,1.0,1.0,Baseline,2540678676480.0,21172322304000.0,-6.254388968434036,0.0,29.146598642078825,15.918668626261425,14.765047266671875,0.0,13.798405090061335,30.6837158929333,28.563452356733208,15.348193552017491
228,NVIDIA A100-SXM4-40GB,gpt,"CustomGPT(L=4,d=320,h=5,ff=1280)",Baseline,1,128,8,128,8,4,320,5,1280,WIKITEXT,True,False,1.0,0.0022110000000000003,31.304000000000002,3198720.0,102182.46869409659,5764861132800.0,8192000.0,1310720.0,5406720.0,1.145266,1,3.0,31.304000000000002,1.0,1.0,Baseline,4192626278400.0,26203914240000.0,-6.114310377106827,0.0,29.382802181380264,15.918668626261425,14.978261287748614,0.0,14.086087162513115,30.89692991401004,29.06434845026173,15.296715018867149
229,NVIDIA A100-SXM4-40GB,gpt,"CustomGPT(L=4,d=320,h=5,ff=1280)",FSDP,2,32,8,32,8,4,320,5,1280,WIKITEXT,True,False,1.0,0.003118,44.793,1970496.0,43991.159332931486,3309172162560.0,8192000.0,327680.0,5038080.0,1.958642,1,3.0,26.124000000000002,0.583216127519925,0.2916080637599625,FSDP,645692129280.0,16142303232000.0,-5.770563508346552,-1.232344625732171,28.827719172091193,15.918668626261425,14.493795845673496,-0.5391974451722257,12.699792801393224,30.41246447193492,27.193588647066722,16.127926370697967
230,NVIDIA A100-SXM4-40GB,gpt,"CustomGPT(L=4,d=320,h=5,ff=1280)",FSDP,2,64,8,64,8,4,320,5,1280,WIKITEXT,True,False,1.0,0.003456,45.038,3199104.0,71031.21808250812,5503482593280.0,8192000.0,655360.0,5160960.0,1.596758,1,3.0,27.118000000000002,0.602113770593721,0.3010568852968605,FSDP,2096564797440.0,26207059968000.0,-5.667643428040328,-1.2004560443919756,29.33640220655939,15.918668626261425,14.978381328562635,-0.5073088638320302,13.39293998195317,30.897049954824062,28.371321310515807,15.943462224606222
231,NVIDIA A100-SXM4-40GB,gpt,"CustomGPT(L=4,d=320,h=5,ff=1280)",FSDP,2,96,8,96,8,4,320,5,1280,WIKITEXT,True,False,1.0,0.003848,46.184,4427712.0,95871.12419885675,7798440591360.0,8192000.0,983040.0,5283840.0,1.493348,1,3.0,28.466,0.6163606443790057,0.30818032218950286,FSDP,4352618004480.0,36271816704000.0,-5.560201746178677,-1.177070205670144,29.684944905451975,15.918668626261425,15.303393530045023,-0.4839230251101988,13.798405090061335,31.22206215630645,29.101798620106358,15.88653981539064
232,NVIDIA A100-SXM4-40GB,gpt,"CustomGPT(L=4,d=320,h=5,ff=1280)",FSDP,2,128,8,128,8,4,320,5,1280,WIKITEXT,True,False,1.0,0.004334,48.737,5656320.0,116058.02572993824,10194046156800.0,8192000.0,1310720.0,5406720.0,1.49344,1,3.0,31.304000000000002,0.6423046145638838,0.3211523072819419,FSDP,7413851750400.0,46336573440000.0,-5.44126437586797,-1.1358397908671456,29.952824955676054,15.918668626261425,15.548284062044402,-0.44269261030720025,14.086087162513115,31.466952688305827,29.63437122455752,15.866737793162937
233,NVIDIA A100-SXM4-40GB,gpt,"CustomGPT(L=4,d=320,h=5,ff=1280)",FSDP,4,32,8,32,8,4,320,5,1280,WIKITEXT,True,False,1.0,0.005788,46.251,3199488.0,69176.62320814685,5373092167680.0,8192000.0,327680.0,5038080.0,3.137149,1,3.0,26.124000000000002,0.5648310306804178,0.14120775767010446,FSDP,1048408227840.0,26210205696000.0,-5.1519684702129,-1.9575230144257916,29.312424681386286,15.918668626261425,14.97850135496859,-0.571228653305901,12.699792801393224,30.897169981230014,27.678294156361815,16.61263187999306
234,NVIDIA A100-SXM4-40GB,gpt,"CustomGPT(L=4,d=320,h=5,ff=1280)",FSDP,4,64,8,64,8,4,320,5,1280,WIKITEXT,True,False,1.0,0.00614,44.711,5657088.0,126525.64245935006,9732001628160.0,8192000.0,655360.0,5160960.0,2.833275,1,3.0,27.118000000000002,0.6065174118225941,0.15162935295564853,FSDP,3707429191680.0,46342864896000.0,-5.0929305368230855,-1.886316203436532,29.90644070814944,15.918668626261425,15.548419830152682,-0.5000218423166414,13.39293998195317,31.467088456414107,28.94135981210585,16.51350072619627
235,NVIDIA A100-SXM4-40GB,gpt,"CustomGPT(L=4,d=320,h=5,ff=1280)",FSDP,4,96,8,96,8,4,320,5,1280,WIKITEXT,True,False,1.0,0.00677,45.495000000000005,7911936.0,173907.8140454995,13935134638080.0,8192000.0,983040.0,5283840.0,2.721463,1,3.0,28.466,0.6256951313331135,0.15642378283327837,FSDP,7777749565440.0,64814579712000.0,-4.995254192057954,-1.8551863982801111,30.265434438680153,15.918668626261425,15.883883063273203,-0.46889203716022054,13.798405090061335,31.802551689534628,29.682288153334536,16.46702934861882
236,NVIDIA A100-SXM4-40GB,gpt,"CustomGPT(L=4,d=320,h=5,ff=1280)",FSDP,4,128,8,128,8,4,320,5,1280,WIKITEXT,True,False,1.0,0.005605000000000001,38.704,7905792.0,204262.918561389,14248134574080.0,8192000.0,1310720.0,5406720.0,2.586257,1,3.0,31.304000000000002,0.8088052914427449,0.20220132286068623,FSDP,10362279690240.0,64764248064000.0,-5.184096222458013,-1.5984914300794506,30.287647106992022,15.918668626261425,15.88310621336037,-0.21219706895956011,14.086087162513115,31.801774839621796,29.969193375873488,16.201559944478905
237,NVIDIA A100-SXM4-40GB,gpt,"CustomGPT(L=4,d=320,h=5,ff=1280)",FSDP,6,32,8,32,8,4,320,5,1280,WIKITEXT,True,False,1.0,0.008246,45.947,4428288.0,96378.1748536357,7436689735680.0,8192000.0,327680.0,5038080.0,4.421211,1,3.0,26.124000000000002,0.568568132848717,0.09476135547478616,FSDP,1451061411840.0,36276535296000.0,-4.798027044697428,-2.356393595501053,29.637446937763716,15.918668626261425,15.30352361134602,-0.5646341262729981,12.699792801393224,31.222192237607445,28.003316412739245,16.93765413637049
238,NVIDIA A100-SXM4-40GB,gpt,"CustomGPT(L=4,d=320,h=5,ff=1280)",FSDP,6,64,8,64,8,4,320,5,1280,WIKITEXT,True,False,1.0,0.008786,45.129000000000005,7911936.0,175318.22109951472,13611061739520.0,8192000.0,655360.0,5160960.0,4.090325,1,3.0,27.118000000000002,0.6008996432449201,0.10014994054082,FSDP,5185166376960.0,64814579712000.0,-4.734595733428549,-2.301086810571734,30.24190394126996,15.918668626261425,15.883883063273203,-0.509327341343679,13.39293998195317,31.802551689534628,29.276823045226372,16.84896395931679
239,NVIDIA A100-SXM4-40GB,gpt,"CustomGPT(L=4,d=320,h=5,ff=1280)",FSDP,6,96,8,96,8,4,320,5,1280,WIKITEXT,True,False,1.0,0.006447,34.658,7902144.0,228003.46240406253,13917888184320.0,8192000.0,983040.0,5283840.0,3.607528,1,3.0,28.466,0.8213399503722084,0.1368899917287014,FSDP,7768123637760.0,64734363648000.0,-5.044140372653654,-1.988577655797675,30.264196048429007,15.918668626261425,15.882644673022055,-0.1968181865696201,13.798405090061335,31.801313299283482,29.68104976308339,16.465790958367673
240,NVIDIA A100-SXM4-40GB,gpt,"CustomGPT(L=4,d=320,h=5,ff=1280)",FSDP,6,128,8,128,8,4,320,5,1280,WIKITEXT,True,False,1.0,0.005474,30.596,7893504.0,257991.3714211008,14225988648960.0,8192000.0,1310720.0,5406720.0,3.362556,1,3.0,31.304000000000002,1.023140279775134,0.17052337996252234,FSDP,10346173562880.0,64663584768000.0,-5.20774566836365,-1.7688828657795632,30.286091594331495,15.918668626261425,15.881550700699847,0.022876603448491843,14.086087162513115,31.800219326961273,29.96763786321296,16.200004431818382
241,NVIDIA A100-SXM4-40GB,gpt,"CustomGPT(L=6,d=384,h=6,ff=1536)",Baseline,1,32,8,32,8,6,384,6,1536,WIKITEXT,True,False,1.0,0.0020505,36.016999999999996,1356096.0,37656.12854383091,4899130048512.0,17694720.0,589824.0,10838016.0,1.85865,2,3.0,36.016999999999996,1.0,1.0,Baseline,799857967104.0,23995739013120.0,-6.18967161313216,0.0,29.22007876416284,16.6887768479575,14.120120541436703,0.0,13.287579466295345,30.808897389394204,27.407700007732046,15.932499297867494
242,NVIDIA A100-SXM4-40GB,gpt,"CustomGPT(L=6,d=384,h=6,ff=1536)",Baseline,1,64,8,64,8,6,384,6,1536,WIKITEXT,True,False,1.0,0.0022945,36.389,1970304.0,54153.47506198419,7263328665600.0,17694720.0,1179648.0,11059200.0,1.3593549999999999,2,3.0,36.389,1.0,1.0,Baseline,2324265172992.0,34863977594880.0,-6.077240324129385,0.0,29.613859333573345,16.6887768479575,14.493698403529692,0.0,13.98072664685529,31.18247525148719,28.47442505038498,15.633132686718056
243,NVIDIA A100-SXM4-40GB,gpt,"CustomGPT(L=6,d=384,h=6,ff=1536)",Baseline,1,96,8,96,8,6,384,6,1536,WIKITEXT,True,False,1.0,0.0025239999999999998,37.4105,2584512.0,69092.57803520234,9718095937536.0,17694720.0,1769472.0,11280384.0,1.185365,2,3.0,37.4105,1.0,1.0,Baseline,4573221617664.0,45732216176640.0,-5.98191033430317,0.0,29.905010824011708,16.6887768479575,14.765047266671875,0.0,14.386191754963454,31.453824114629374,29.151239021635327,15.518819069048254
244,NVIDIA A100-SXM4-40GB,gpt,"CustomGPT(L=6,d=384,h=6,ff=1536)",Baseline,1,128,8,128,8,6,384,6,1536,WIKITEXT,True,False,1.0,0.0028374999999999997,40.0685,3198720.0,79834.11743689678,12263431864320.0,17694720.0,2359296.0,11501568.0,1.1237219999999999,2,3.0,40.0685,1.0,1.0,Baseline,7546727301120.0,56600454758400.0,-5.864831896174616,0.0,30.13764293094555,16.6887768479575,14.978261287748614,0.0,14.673873827415234,31.667038135706115,29.652135115163848,15.463769103530316
245,NVIDIA A100-SXM4-40GB,gpt,"CustomGPT(L=6,d=384,h=6,ff=1536)",FSDP,2,32,8,32,8,6,384,6,1536,WIKITEXT,True,False,1.0,0.0042445,55.867,1970496.0,35271.832432405965,7118755725312.0,17694720.0,589824.0,10838016.0,2.134122,2,3.0,36.016999999999996,0.6446918574471512,0.3223459287235756,FSDP,1162245832704.0,34867374981120.0,-5.462131251786252,-1.1321299972926235,29.59375406839963,16.6887768479575,14.493795845673496,-0.43898281673267814,13.287579466295345,31.182572693630995,27.78137531196884,16.306174602104285
246,NVIDIA A100-SXM4-40GB,gpt,"CustomGPT(L=6,d=384,h=6,ff=1536)",FSDP,2,64,8,64,8,6,384,6,1536,WIKITEXT,True,False,1.0,0.004654999999999999,56.6275,3199104.0,56496.57955256413,11793176985600.0,17694720.0,1179648.0,11059200.0,1.7444709999999999,2,3.0,36.389,0.6426029755860669,0.32130148779303347,FSDP,3773816635392.0,56607249530880.0,-5.369813368253107,-1.135375382329391,30.09854225860629,16.6887768479575,14.978381328562635,-0.4422282017694458,13.98072664685529,31.667158176520136,28.959107975417925,16.117815611751002
247,NVIDIA A100-SXM4-40GB,gpt,"CustomGPT(L=6,d=384,h=6,ff=1536)",FSDP,2,96,8,96,8,6,384,6,1536,WIKITEXT,True,False,1.0,0.0049785,56.894499999999994,4427712.0,77831.72575226257,16648763867136.0,17694720.0,1769472.0,11280384.0,1.5793374999999998,2,3.0,37.4105,0.6575415901361292,0.3287707950680646,FSDP,7834712408064.0,78347124080640.0,-5.302626638136135,-1.112394442530781,30.443357087384857,16.6887768479575,15.303393530045023,-0.41924726197083567,14.386191754963454,31.992170378002523,29.689585285008476,16.057165332421402
248,NVIDIA A100-SXM4-40GB,gpt,"CustomGPT(L=6,d=384,h=6,ff=1536)",FSDP,2,128,8,128,8,6,384,6,1536,WIKITEXT,True,False,1.0,0.0054855,58.4675,5656320.0,96746.8618070145,21685516369920.0,17694720.0,2359296.0,11501568.0,1.5428935,2,3.0,40.0685,0.6853123530166332,0.3426561765083166,FSDP,13344933150720.0,100086998630400.0,-5.205647031706729,-1.0710277354063111,30.707665705241336,16.6887768479575,15.548284062044402,-0.3778805548463658,14.673873827415234,32.2370609100019,30.222157889459638,16.033791877826104
249,NVIDIA A100-SXM4-40GB,gpt,"CustomGPT(L=6,d=384,h=6,ff=1536)",FSDP,4,32,8,32,8,6,384,6,1536,WIKITEXT,True,False,1.0,0.0073495,54.573499999999996,3199488.0,58628.482015362766,11558700711936.0,17694720.0,589824.0,10838016.0,3.4368594999999997,2,3.0,36.016999999999996,0.6599723308931991,0.16499308272329977,FSDP,1887134810112.0,56614044303360.0,-4.913122995282231,-1.8018517288494376,30.078459577694723,16.6887768479575,14.97850135496859,-0.41555736772954704,13.287579466295345,31.667278202926088,28.266080821263934,16.790880111399378
250,NVIDIA A100-SXM4-40GB,gpt,"CustomGPT(L=6,d=384,h=6,ff=1536)",FSDP,4,64,8,64,8,6,384,6,1536,WIKITEXT,True,False,1.0,0.008271,56.3185,5657088.0,100472.57702115124,20854289203200.0,17694720.0,1179648.0,11059200.0,3.0173565,2,3.0,36.389,0.646128714365617,0.16153217859140426,FSDP,6673372545024.0,100100588175360.0,-4.794999858272368,-1.8230509079227315,30.668580760196335,16.6887768479575,15.548419830152682,-0.43675654680284104,13.98072664685529,32.23719667811018,29.52914647700797,16.687854113341047
251,NVIDIA A100-SXM4-40GB,gpt,"CustomGPT(L=6,d=384,h=6,ff=1536)",FSDP,4,96,8,96,8,6,384,6,1536,WIKITEXT,True,False,1.0,0.0087705,55.4585,7911936.0,142741.9736922073,29749892087808.0,17694720.0,1769472.0,11280384.0,2.8875025,2,3.0,37.4105,0.6745674693689876,0.1686418673422469,FSDP,13999949217792.0,139999492177920.0,-4.736361461680439,-1.779977940740688,31.023846620613035,16.6887768479575,15.883883063273203,-0.3936835796207973,14.386191754963454,32.5726599112307,30.270074818236655,16.637654865649584
252,NVIDIA A100-SXM4-40GB,gpt,"CustomGPT(L=6,d=384,h=6,ff=1536)",FSDP,4,128,8,128,8,6,384,6,1536,WIKITEXT,True,False,1.0,0.007232000000000001,45.9255,7905792.0,172143.8416770004,30309668093952.0,17694720.0,2359296.0,11501568.0,2.7596625,2,3.0,40.0685,0.8724673656247619,0.21811684140619048,FSDP,18652103442432.0,139890775818240.0,-4.929239655892261,-1.522724390020368,31.042487856557308,16.6887768479575,15.88310621336037,-0.13643002890047734,14.673873827415234,32.57188306131787,30.556980040775606,16.368614029142073
253,NVIDIA A100-SXM4-40GB,gpt,"CustomGPT(L=6,d=384,h=6,ff=1536)",FSDP,6,32,8,32,8,6,384,6,1536,WIKITEXT,True,False,1.0,0.010985,57.723,4428288.0,76716.17899277585,15997952065536.0,17694720.0,589824.0,10838016.0,4.786227,1,3.0,36.016999999999996,0.6239627185004244,0.1039937864167374,FSDP,2611910541312.0,78357316239360.0,-4.511224573145563,-2.2634241276185367,30.403481834072153,16.6887768479575,15.30352361134602,-0.47166465839048194,13.287579466295345,31.992300459303518,28.591103077641364,17.11590236777681
254,NVIDIA A100-SXM4-40GB,gpt,"CustomGPT(L=6,d=384,h=6,ff=1536)",FSDP,6,64,8,64,8,6,384,6,1536,WIKITEXT,True,False,1.0,0.01149,55.964,7911936.0,141375.45565006076,29166560870400.0,17694720.0,1179648.0,11059200.0,4.403802,1,3.0,36.389,0.650221571009935,0.10837026183498917,FSDP,9333299478528.0,139999492177920.0,-4.466278187121473,-2.2222015649295543,31.004043993316856,16.6887768479575,15.883883063273203,-0.43044209570149927,13.98072664685529,32.5726599112307,29.86460971012849,17.023317346461567
255,NVIDIA A100-SXM4-40GB,gpt,"CustomGPT(L=6,d=384,h=6,ff=1536)",FSDP,6,96,8,96,8,6,384,6,1536,WIKITEXT,True,False,1.0,0.008506,42.325,7902144.0,186701.57117542822,29713072914432.0,17694720.0,1769472.0,11280384.0,3.949804,1,3.0,37.4105,0.883886591848789,0.14731443197479818,FSDP,13982622547968.0,139826225479680.0,-4.766983482150695,-1.9151859835661975,31.02260823036189,16.6887768479575,15.882644673022055,-0.12342651433814256,14.386191754963454,32.571421520979555,30.26883642798551,16.636416475398434
256,NVIDIA A100-SXM4-40GB,gpt,"CustomGPT(L=6,d=384,h=6,ff=1536)",FSDP,6,128,8,128,8,6,384,6,1536,WIKITEXT,True,False,1.0,0.006989,35.74,7893504.0,220859.09345271403,30262557671424.0,17694720.0,2359296.0,11501568.0,3.608607,1,3.0,40.0685,1.1211108002238388,0.18685180003730648,FSDP,18623112413184.0,139673343098880.0,-4.963417794487145,-1.677439489501615,31.04093234389678,16.6887768479575,15.881550700699847,0.11431997972644006,14.673873827415234,32.570327548657346,30.555424528115083,16.367058516481546
257,NVIDIA A100-SXM4-40GB,gpt,"CustomGPT(L=6,d=448,h=7,ff=1792)",Baseline,1,32,8,32,8,6,448,7,1792,WIKITEXT,True,False,1.0,0.0021479999999999997,35.891999999999996,1356096.0,37782.681377465735,6648819351552.0,24084480.0,688128.0,14708736.0,1.883552,1,3.0,35.891999999999996,1.0,1.0,Baseline,933167628288.0,32660866990080.0,-6.143218102335519,0.0,29.52546041371402,16.997078207612017,14.120120541436703,0.0,13.441730146122602,31.11719874904872,27.561850687559307,16.083730267591417
258,NVIDIA A100-SXM4-40GB,gpt,"CustomGPT(L=6,d=448,h=7,ff=1792)",Baseline,1,64,8,64,8,6,448,7,1792,WIKITEXT,True,False,1.0,0.002393,36.778,1970304.0,53572.89684050248,9829704794112.0,24084480.0,1376256.0,14966784.0,1.359478,1,3.0,36.778,1.0,1.0,Baseline,2711642701824.0,47453747281920.0,-6.035207470055901,0.0,29.916430018518877,16.997078207612017,14.493698403529692,0.0,14.134877326682547,31.49077661114171,28.628575730212237,15.78155269183633
259,NVIDIA A100-SXM4-40GB,gpt,"CustomGPT(L=6,d=448,h=7,ff=1792)",Baseline,1,96,8,96,8,6,448,7,1792,WIKITEXT,True,False,1.0,0.002631,37.61,2584512.0,68718.74501462377,13116253667328.0,24084480.0,2064384.0,15224832.0,1.194193,1,3.0,37.61,1.0,1.0,Baseline,5335425220608.0,62246627573760.0,-5.9403912769239815,0.0,30.20487331502036,16.997078207612017,14.765047266671875,0.0,14.540342434790713,31.76212547428389,29.305389701462587,15.664530880229648
260,NVIDIA A100-SXM4-40GB,gpt,"CustomGPT(L=6,d=448,h=7,ff=1792)",Baseline,1,128,8,128,8,6,448,7,1792,WIKITEXT,True,False,1.0,0.003019,40.749,3198720.0,78498.12265331665,16508465971200.0,24084480.0,2752512.0,15482880.0,1.134741,1,3.0,40.749,1.0,1.0,Baseline,8804515184640.0,77039507865600.0,-5.802829628257435,0.0,30.43489445441348,16.997078207612017,14.978261287748614,0.0,14.828024507242493,31.97533949536063,29.80628579499111,15.606869947170988
261,NVIDIA A100-SXM4-40GB,gpt,"CustomGPT(L=6,d=448,h=7,ff=1792)",FSDP,2,32,8,32,8,6,448,7,1792,WIKITEXT,True,False,1.0,0.004371,56.388000000000005,1970496.0,34945.30751223664,9661168484352.0,24084480.0,688128.0,14708736.0,2.128385,1,3.0,35.891999999999996,0.6365184081719514,0.3182592040859757,FSDP,1355953471488.0,47458371502080.0,-5.43276346310096,-1.1448891210328132,29.899135717950813,16.997078207612017,14.493795845673496,-0.45174194047286786,13.441730146122602,31.490874053285513,27.935525991796098,16.45740557182821
262,NVIDIA A100-SXM4-40GB,gpt,"CustomGPT(L=6,d=448,h=7,ff=1792)",FSDP,2,64,8,64,8,6,448,7,1792,WIKITEXT,True,False,1.0,0.00486,57.68,3199104.0,55462.968099861304,15960099520512.0,24084480.0,1376256.0,14966784.0,1.751212,1,3.0,36.778,0.637621359223301,0.3188106796116505,FSDP,4402786074624.0,77048756305920.0,-5.326716841069734,-1.1431578332179775,30.401112943551823,16.997078207612017,14.978381328562635,-0.4500106526580322,14.134877326682547,31.97545953617465,29.113258655245183,16.266235616869274
263,NVIDIA A100-SXM4-40GB,gpt,"CustomGPT(L=6,d=448,h=7,ff=1792)",FSDP,2,96,8,96,8,6,448,7,1792,WIKITEXT,True,False,1.0,0.00537,58.303,4427712.0,75943.12471056379,22470390448128.0,24084480.0,2064384.0,15224832.0,1.596024,1,3.0,37.61,0.6450782978577432,0.3225391489288716,FSDP,9140497809408.0,106639141109760.0,-5.226927370461364,-1.131530758086217,30.743219578393507,16.997078207612017,15.303393530045023,-0.4383835775262717,14.540342434790713,32.30047173765704,29.843735964835734,16.202877143602798
264,NVIDIA A100-SXM4-40GB,gpt,"CustomGPT(L=6,d=448,h=7,ff=1792)",FSDP,2,128,8,128,8,6,448,7,1792,WIKITEXT,True,False,1.0,0.005937,60.433,5656320.0,93596.5449340592,29192041267200.0,24084480.0,2752512.0,15482880.0,1.561142,1,3.0,40.749,0.6742839177270696,0.3371419588635348,FSDP,15569088675840.0,136229525913600.0,-5.126551323693598,-1.0872511944091645,31.00491722870927,16.997078207612017,15.548284062044402,-0.3941040138492192,14.828024507242493,32.545362269656415,30.376308569286895,16.176892721466775
265,NVIDIA A100-SXM4-40GB,gpt,"CustomGPT(L=6,d=448,h=7,ff=1792)",FSDP,4,32,8,32,8,6,448,7,1792,WIKITEXT,True,False,1.0,0.00792,56.763,3199488.0,56365.731198139634,15686808109056.0,24084480.0,688128.0,14708736.0,3.456283,1,3.0,35.891999999999996,0.6323133026795623,0.15807832566989058,FSDP,2201657278464.0,77058004746240.0,-4.838364073155803,-1.844664636701813,30.383841227245906,16.997078207612017,14.97850135496859,-0.4583702755819224,13.441730146122602,31.975579562580606,28.42023150109119,16.942111081123304
266,NVIDIA A100-SXM4-40GB,gpt,"CustomGPT(L=6,d=448,h=7,ff=1792)",FSDP,4,64,8,64,8,6,448,7,1792,WIKITEXT,True,False,1.0,0.008607,55.757999999999996,5657088.0,101457.871516195,28222804721664.0,24084480.0,1376256.0,14966784.0,3.063297,1,3.0,36.778,0.6596004160837907,0.16490010402094768,FSDP,7785601302528.0,136248022794240.0,-4.755179453314799,-1.8024154186044863,30.971151445141867,16.997078207612017,15.548419830152682,-0.41612105748459577,14.134877326682547,32.545498037764695,29.68329715683523,16.836274118459322
267,NVIDIA A100-SXM4-40GB,gpt,"CustomGPT(L=6,d=448,h=7,ff=1792)",FSDP,4,96,8,96,8,6,448,7,1792,WIKITEXT,True,False,1.0,0.009156,55.066,7911936.0,143680.96466058912,40152632131584.0,24084480.0,2064384.0,15224832.0,2.96673,1,3.0,37.61,0.6829985835179603,0.17074964587949007,FSDP,16333274087424.0,190554864353280.0,-4.693345876891817,-1.7675568544455986,31.32370911162169,16.997078207612017,15.883883063273203,-0.381262493325708,14.540342434790713,32.880961270885216,30.424225498063915,16.783366676830976
268,NVIDIA A100-SXM4-40GB,gpt,"CustomGPT(L=6,d=448,h=7,ff=1792)",FSDP,4,128,8,128,8,6,448,7,1792,WIKITEXT,True,False,1.0,0.007856,47.265,7905792.0,167265.2491272612,40801476280320.0,24084480.0,2752512.0,15482880.0,2.811234,1,3.0,40.749,0.8621390034909553,0.21553475087273882,FSDP,21760787349504.0,190406889308160.0,-4.846477707929972,-1.5346331254887748,31.33973938002524,16.997078207612017,15.88310621336037,-0.14833876436888419,14.828024507242493,32.880184420972384,30.711130720602863,16.511714872782747
269,NVIDIA A100-SXM4-40GB,gpt,"CustomGPT(L=6,d=448,h=7,ff=1792)",FSDP,6,32,8,32,8,6,448,7,1792,WIKITEXT,True,False,1.0,0.011641,58.047,4428288.0,76287.97353868418,21711506374656.0,24084480.0,688128.0,14708736.0,4.868694,1,3.0,35.891999999999996,0.6183265285027649,0.10305442141712749,FSDP,3047228964864.0,106653013770240.0,-4.453221929716033,-2.272498067014145,30.708863483623336,16.997078207612017,15.30352361134602,-0.4807385977860902,13.441730146122602,32.300601818958036,28.74525375746862,17.267133337500734
270,NVIDIA A100-SXM4-40GB,gpt,"CustomGPT(L=6,d=448,h=7,ff=1792)",FSDP,6,64,8,64,8,6,448,7,1792,WIKITEXT,True,False,1.0,0.012556000000000001,57.697,7911936.0,137129.07083557203,39472079044608.0,24084480.0,1376256.0,14966784.0,4.347657,1,3.0,36.778,0.6374334887429155,0.10623891479048592,FSDP,10888849391616.0,190554864353280.0,-4.37755664000243,-2.2420648080041703,31.306614678262388,16.997078207612017,15.883883063273203,-0.45030533877611517,14.134877326682547,32.880961270885216,30.018760389955748,17.17173735157984
271,NVIDIA A100-SXM4-40GB,gpt,"CustomGPT(L=6,d=448,h=7,ff=1792)",FSDP,6,96,8,96,8,6,448,7,1792,WIKITEXT,True,False,1.0,0.009068,42.396,7902144.0,186388.90461364278,40102938279936.0,24084480.0,2064384.0,15224832.0,3.973068,1,3.0,37.61,0.8871119916973299,0.14785199861622164,FSDP,16313059639296.0,190319029125120.0,-4.703003546336855,-1.9115435149108184,31.322470721370543,16.997078207612017,15.882644673022055,-0.11978404568276349,14.540342434790713,32.87972288063407,30.422987107812766,16.78212828657983
272,NVIDIA A100-SXM4-40GB,gpt,"CustomGPT(L=6,d=448,h=7,ff=1792)",FSDP,6,128,8,128,8,6,448,7,1792,WIKITEXT,True,False,1.0,0.007645000000000001,36.269999999999996,7893504.0,217631.76178660052,40738058403840.0,24084480.0,2752512.0,15482880.0,3.723673,1,3.0,40.749,1.1234904880066172,0.18724841466776954,FSDP,21726964482048.0,190110939217920.0,-4.873703439601111,-1.6753191230144024,31.338183867364712,16.997078207612017,15.881550700699847,0.11644034621365255,14.828024507242493,32.87862890831186,30.70957520794234,16.51015936012222
273,NVIDIA A100-SXM4-40GB,gpt,"CustomGPT(L=8,d=448,h=7,ff=1792)",Baseline,1,32,8,32,8,8,448,7,1792,WIKITEXT,True,False,1.0,0.002634,45.572,1356096.0,29757.21934521197,8865092468736.0,32112640.0,917504.0,19611648.0,1.865356,1,3.0,45.572,1.0,1.0,Baseline,1244223504384.0,43547822653440.0,-5.939251675661048,0.0,29.813142486165802,17.284760280063797,14.120120541436703,0.0,13.729412218574383,31.4048808215005,27.849532760011087,16.083730267591417
274,NVIDIA A100-SXM4-40GB,gpt,"CustomGPT(L=8,d=448,h=7,ff=1792)",Baseline,1,64,8,64,8,8,448,7,1792,WIKITEXT,True,False,1.0,0.0029519999999999998,46.56,1970304.0,42317.52577319588,13106273058816.0,32112640.0,1835008.0,19955712.0,1.361632,1,3.0,46.56,1.0,1.0,Baseline,3615523602432.0,63271663042560.0,-5.825272372243911,0.0,30.204112090970657,17.284760280063797,14.493698403529692,0.0,14.422559399134329,31.778458683593488,28.91625780266402,15.78155269183633
275,NVIDIA A100-SXM4-40GB,gpt,"CustomGPT(L=8,d=448,h=7,ff=1792)",Baseline,1,96,8,96,8,8,448,7,1792,WIKITEXT,True,False,1.0,0.003227,47.507000000000005,2584512.0,54402.76169827604,17488338223104.0,32112640.0,2752512.0,20299776.0,1.190302,1,3.0,47.507000000000005,1.0,1.0,Baseline,7113900294144.0,82995503431680.0,-5.7362023659123125,0.0,30.49255538747214,17.284760280063797,14.765047266671875,0.0,14.828024507242493,32.04980754673567,29.593071773914367,15.664530880229648
276,NVIDIA A100-SXM4-40GB,gpt,"CustomGPT(L=8,d=448,h=7,ff=1792)",Baseline,1,128,8,128,8,8,448,7,1792,WIKITEXT,True,False,1.0,0.0035529999999999997,48.935,3198720.0,65366.71094308777,22011287961600.0,32112640.0,3670016.0,20643840.0,1.116614,1,3.0,48.935,1.0,1.0,Baseline,11739353579520.0,102719343820800.0,-5.6399629619432465,0.0,30.72257652686526,17.284760280063797,14.978261287748614,0.0,15.115706579694274,32.26302156781241,30.09396786744289,15.606869947170988
277,NVIDIA A100-SXM4-40GB,gpt,"CustomGPT(L=8,d=448,h=7,ff=1792)",FSDP,2,32,8,32,8,8,448,7,1792,WIKITEXT,True,False,1.0,0.005373,67.28,1970496.0,29287.990487514864,12881557979136.0,32112640.0,917504.0,19611648.0,2.215251,1,3.0,45.572,0.6773483947681332,0.3386741973840666,FSDP,1807937961984.0,63277828669440.0,-5.226368867235452,-1.0827167033887686,30.186817790402593,17.284760280063797,14.493795845673496,-0.3895695228288232,13.729412218574383,31.778556125737293,28.223208064247878,16.45740557182821
278,NVIDIA A100-SXM4-40GB,gpt,"CustomGPT(L=8,d=448,h=7,ff=1792)",FSDP,2,64,8,64,8,8,448,7,1792,WIKITEXT,True,False,1.0,0.005907,68.797,3199104.0,46500.63229501287,21280132694016.0,32112640.0,1835008.0,19955712.0,1.813175,1,3.0,46.56,0.6767736965274649,0.33838684826373244,FSDP,5870381432832.0,102731675074560.0,-5.131617190657039,-1.0835655164741875,30.688795016003603,17.284760280063797,14.978381328562635,-0.39041833591424235,14.422559399134329,32.263141608626434,29.400940727696963,16.266235616869274
279,NVIDIA A100-SXM4-40GB,gpt,"CustomGPT(L=8,d=448,h=7,ff=1792)",FSDP,2,96,8,96,8,8,448,7,1792,WIKITEXT,True,False,1.0,0.006326,68.214,4427712.0,64909.1388864456,29960520597504.0,32112640.0,2752512.0,20299776.0,1.654914,1,3.0,47.507000000000005,0.6964406133638257,0.34822030668191284,FSDP,12187330412544.0,142185521479680.0,-5.06308715409868,-1.0549199343309805,31.03090165084529,17.284760280063797,15.303393530045023,-0.36177275377103535,14.828024507242493,32.58815381010882,30.131418037287517,16.202877143602798
280,NVIDIA A100-SXM4-40GB,gpt,"CustomGPT(L=8,d=448,h=7,ff=1792)",FSDP,2,128,8,128,8,8,448,7,1792,WIKITEXT,True,False,1.0,0.00706,70.987,5656320.0,79681.06836463015,38922721689600.0,32112640.0,3670016.0,20643840.0,1.603751,1,3.0,48.935,0.6893515714144844,0.3446757857072422,FSDP,20758784901120.0,181639367884800.0,-4.953310227476986,-1.065151055367335,31.29259930116105,17.284760280063797,15.548284062044402,-0.37200387480738967,15.115706579694274,32.8330443421082,30.663990641738675,16.176892721466775
281,NVIDIA A100-SXM4-40GB,gpt,"CustomGPT(L=8,d=448,h=7,ff=1792)",FSDP,4,32,8,32,8,8,448,7,1792,WIKITEXT,True,False,1.0,0.009365,65.044,3199488.0,49189.594735871106,20915744145408.0,32112640.0,917504.0,19611648.0,3.622932,1,3.0,45.572,0.7006334173790051,0.17515835434475127,FSDP,2935543037952.0,102744006328320.0,-4.670775943086085,-1.7420648322474972,30.671523299697686,17.284760280063797,14.97850135496859,-0.35577047112760657,13.729412218574383,32.263261635032386,28.70791357354297,16.942111081123304
282,NVIDIA A100-SXM4-40GB,gpt,"CustomGPT(L=8,d=448,h=7,ff=1792)",FSDP,4,64,8,64,8,8,448,7,1792,WIKITEXT,True,False,1.0,0.010379,66.247,5657088.0,85393.87443959726,37630406295552.0,32112640.0,1835008.0,19955712.0,3.224697,1,3.0,46.56,0.7028242788352681,0.17570606970881703,FSDP,10380801736704.0,181664030392320.0,-4.567970744998985,-1.738942738518865,31.258833517593647,17.284760280063797,15.548419830152682,-0.3526483773989743,14.422559399134329,32.83318011021648,29.97097922928701,16.836274118459322
283,NVIDIA A100-SXM4-40GB,gpt,"CustomGPT(L=8,d=448,h=7,ff=1792)",FSDP,4,96,8,96,8,8,448,7,1792,WIKITEXT,True,False,1.0,0.011154,66.01400000000001,7911936.0,119852.39494652647,53536842842112.0,32112640.0,2752512.0,20299776.0,3.050447,1,3.0,47.507000000000005,0.7196503771927166,0.17991259429817916,FSDP,21777698783232.0,254073152471040.0,-4.495957101014775,-1.715284133259925,31.61139118407347,17.284760280063797,15.883883063273203,-0.3289897721400344,14.828024507242493,33.168643343336996,30.711907570515695,16.783366676830976
284,NVIDIA A100-SXM4-40GB,gpt,"CustomGPT(L=8,d=448,h=7,ff=1792)",FSDP,4,128,8,128,8,8,448,7,1792,WIKITEXT,True,False,1.0,0.009119,53.598,7905792.0,147501.62319489534,54401968373760.0,32112640.0,3670016.0,20643840.0,2.919477,1,3.0,48.935,0.9130004850927274,0.22825012127318184,FSDP,29014383132672.0,253875852410880.0,-4.697395130030609,-1.4773132281898649,31.62742145247702,17.284760280063797,15.88310621336037,-0.0910188670699742,15.115706579694274,33.16786649342417,30.998812793054647,16.511714872782747
285,NVIDIA A100-SXM4-40GB,gpt,"CustomGPT(L=8,d=448,h=7,ff=1792)",FSDP,6,32,8,32,8,8,448,7,1792,WIKITEXT,True,False,1.0,0.013847,67.233,4428288.0,65864.798536433,28948675166208.0,32112640.0,917504.0,19611648.0,5.029468,1,3.0,45.572,0.6778219029345708,0.11297031715576179,FSDP,4062971953152.0,142204018360320.0,-4.27968667630956,-2.1806301748137464,30.996545556075116,17.284760280063797,15.30352361134602,-0.38887070558569165,13.729412218574383,32.588283891409816,29.0329358299204,17.267133337500734
286,NVIDIA A100-SXM4-40GB,gpt,"CustomGPT(L=8,d=448,h=7,ff=1792)",FSDP,6,64,8,64,8,8,448,7,1792,WIKITEXT,True,False,1.0,0.01589,70.553,7911936.0,112141.73741726078,52629438726144.0,32112640.0,1835008.0,19955712.0,4.397549,1,3.0,46.56,0.6599294147662041,0.10998823579436735,FSDP,14518465855488.0,254073152471040.0,-4.142065298433512,-2.2073818662329265,31.594296750714168,17.284760280063797,15.883883063273203,-0.41562239700487175,14.422559399134329,33.168643343336996,30.30644246240753,17.17173735157984
287,NVIDIA A100-SXM4-40GB,gpt,"CustomGPT(L=8,d=448,h=7,ff=1792)",FSDP,6,96,8,96,8,8,448,7,1792,WIKITEXT,True,False,1.0,0.010384000000000001,47.102999999999994,7902144.0,167763.0724157697,53470584373248.0,32112640.0,2752512.0,20299776.0,4.214892,1,3.0,47.507000000000005,1.0085769483896994,0.1680961580649499,FSDP,21750746185728.0,253758705500160.0,-4.5674891190204026,-1.7832190938855599,31.610152793822323,17.284760280063797,15.882644673022055,0.008540375342495023,14.828024507242493,33.16740495308585,30.71066918026455,16.78212828657983
288,NVIDIA A100-SXM4-40GB,gpt,"CustomGPT(L=8,d=448,h=7,ff=1792)",FSDP,6,128,8,128,8,8,448,7,1792,WIKITEXT,True,False,1.0,0.008561,39.293,7893504.0,200888.3007151401,54317411205120.0,32112640.0,3670016.0,20643840.0,3.905256,1,3.0,48.935,1.2453872190975492,0.2075645365162582,FSDP,28969285976064.0,253481252290560.0,-4.760538273221789,-1.5723129683124162,31.625865939816496,17.284760280063797,15.881550700699847,0.2194465009156387,15.115706579694274,33.16631098076364,30.99725728039412,16.51015936012222
289,NVIDIA A100-SXM4-40GB,gpt,"CustomGPT(L=8,d=512,h=8,ff=2048)",Baseline,1,32,8,32,8,8,512,8,2048,WIKITEXT,True,False,1.0,0.002774,46.105000000000004,1356096.0,29418.257856320033,11553503969280.0,41943040.0,1048576.0,25559040.0,1.8614190000000002,2,3.0,46.105000000000004,1.0,1.0,Baseline,1421969719296.0,56878788771840.0,-5.887464957089497,0.0,30.07800988085141,17.551823065312842,14.120120541436703,0.0,13.862943611198906,31.671943606749544,27.98306415263561,16.215066269652503
290,NVIDIA A100-SXM4-40GB,gpt,"CustomGPT(L=8,d=512,h=8,ff=2048)",Baseline,1,64,8,64,8,8,512,8,2048,WIKITEXT,True,False,1.0,0.0030800000000000003,47.3175,1970304.0,41642.74841256536,17044611268608.0,41943040.0,2097152.0,25952256.0,1.353449,2,3.0,47.3175,1.0,1.0,Baseline,4132026974208.0,82640539484160.0,-5.782825681996654,0.0,30.466855215075185,17.551823065312842,14.493698403529692,0.0,14.556090791758852,32.04552146884253,29.049789195288543,15.910764423316335
291,NVIDIA A100-SXM4-40GB,gpt,"CustomGPT(L=8,d=512,h=8,ff=2048)",Baseline,1,96,8,96,8,8,512,8,2048,WIKITEXT,True,False,1.0,0.003375,48.0105,2584512.0,53832.28142528726,22696729509888.0,41943040.0,3145728.0,26345472.0,1.182297,2,3.0,48.0105,1.0,1.0,Baseline,8130171764736.0,108402290196480.0,-5.691359954657644,0.0,30.75324195558191,17.551823065312842,14.765047266671875,0.0,14.961555899867015,32.31687033198472,29.72660316653889,15.791686055714894
292,NVIDIA A100-SXM4-40GB,gpt,"CustomGPT(L=8,d=512,h=8,ff=2048)",Baseline,1,128,8,128,8,8,512,8,2048,WIKITEXT,True,False,1.0,0.003798,50.585,3198720.0,63241.8428979679,28509858693120.0,41943040.0,4194304.0,26738688.0,1.1239785,2,3.0,50.585,1.0,1.0,Baseline,13416404090880.0,134164040908800.0,-5.5732806665920425,0.0,30.981271062443792,17.551823065312842,14.978261287748614,0.0,15.249237972318797,32.530084353061454,30.22749926006741,15.732033090124995
293,NVIDIA A100-SXM4-40GB,gpt,"CustomGPT(L=8,d=512,h=8,ff=2048)",FSDP,2,32,8,32,8,8,512,8,2048,WIKITEXT,True,False,1.0,0.0055855,67.33749999999999,1970496.0,29263.24589304113,16787995361280.0,41943040.0,1048576.0,25559040.0,2.2182045,2,3.0,46.105000000000004,0.6846853536291072,0.3423426768145536,FSDP,2066214813696.0,82648592547840.0,-5.187581324953371,-1.0719430645754928,30.451685185088202,17.551823065312842,14.493795845673496,-0.3787958840155475,13.862943611198906,32.045618910986335,28.3567394568724,16.588741573889298
294,NVIDIA A100-SXM4-40GB,gpt,"CustomGPT(L=8,d=512,h=8,ff=2048)",FSDP,2,64,8,64,8,8,512,8,2048,WIKITEXT,True,False,1.0,0.006138,68.0025,3199104.0,47054.205073725214,27674655326208.0,41943040.0,2097152.0,25952256.0,1.813113,2,3.0,47.3175,0.6958200066174038,0.3479100033087019,FSDP,6709007351808.0,134180147036160.0,-5.093256322784592,-1.0558114438351918,30.95153814010813,17.551823065312842,14.978381328562635,-0.36266426327524653,14.556090791758852,32.53020439387548,29.534472120321485,16.39544734834928
295,NVIDIA A100-SXM4-40GB,gpt,"CustomGPT(L=8,d=512,h=8,ff=2048)",FSDP,2,96,8,96,8,8,512,8,2048,WIKITEXT,True,False,1.0,0.0067475,69.66850000000001,4427712.0,63560.57563628066,38883387506688.0,41943040.0,3145728.0,26345472.0,1.6809875,2,3.0,48.0105,0.6891277980722994,0.3445638990361497,FSDP,13928377614336.0,185711701524480.0,-4.998583213072115,-1.065475722314268,31.29158821895506,17.551823065312842,15.303393530045023,-0.3723285417543226,14.961555899867015,32.85521659535787,30.264949429912036,16.330032319088044
296,NVIDIA A100-SXM4-40GB,gpt,"CustomGPT(L=8,d=512,h=8,ff=2048)",FSDP,2,128,8,128,8,8,512,8,2048,WIKITEXT,True,False,1.0,0.007373,70.8085,5656320.0,79885.910382776,50414191902720.0,41943040.0,4194304.0,26738688.0,1.6304445,2,3.0,50.585,0.7143916337727816,0.3571958168863908,FSDP,23724325601280.0,237243256012800.0,-4.909930599974623,-1.0294711408927362,31.55129383673958,17.551823065312842,15.548284062044402,-0.3363239603327909,15.249237972318797,33.10010712735724,30.797522034363197,16.302055864420783
297,NVIDIA A100-SXM4-40GB,gpt,"CustomGPT(L=8,d=512,h=8,ff=2048)",FSDP,4,32,8,32,8,8,512,8,2048,WIKITEXT,True,False,1.0,0.010120500000000001,68.0175,3199488.0,47039.450365549215,27258613923840.0,41943040.0,1048576.0,25559040.0,3.6092925,2,3.0,46.105000000000004,0.6778402616973573,0.16946006542433933,FSDP,3354906329088.0,134196253163520.0,-4.593192209228684,-1.7751379821364814,30.936390694383295,17.551823065312842,14.97850135496859,-0.3888436210165908,13.862943611198906,32.53032442028143,28.841444966167494,17.07344708318439
298,NVIDIA A100-SXM4-40GB,gpt,"CustomGPT(L=8,d=512,h=8,ff=2048)",FSDP,4,64,8,64,8,8,512,8,2048,WIKITEXT,True,False,1.0,0.0110935,67.916,5657088.0,83301.06885576516,48938065330176.0,41943040.0,2097152.0,25952256.0,3.2249745,2,3.0,47.3175,0.6967062253371813,0.17417655633429532,FSDP,11863773413376.0,237275468267520.0,-4.501395927771637,-1.7476858026427187,31.52157664169818,17.551823065312842,15.548419830152682,-0.36139144152282815,14.556090791758852,33.10024289546553,30.104510621911533,16.965485849939327
299,NVIDIA A100-SXM4-40GB,gpt,"CustomGPT(L=8,d=512,h=8,ff=2048)",FSDP,4,96,8,96,8,8,512,8,2048,WIKITEXT,True,False,1.0,0.0118175,67.01050000000001,7911936.0,118077.02712163786,69481229451264.0,41943040.0,3145728.0,26345472.0,3.080057,2,3.0,48.0105,0.7164623454533244,0.1791155863633311,FSDP,24888798609408.0,331850648125440.0,-4.4381737952968825,-1.719723947664434,31.872077752183237,17.551823065312842,15.883883063273203,-0.3334295865445433,14.961555899867015,33.43570612858604,30.845438963140218,16.910521852316222
300,NVIDIA A100-SXM4-40GB,gpt,"CustomGPT(L=8,d=512,h=8,ff=2048)",FSDP,4,128,8,128,8,8,512,8,2048,WIKITEXT,True,False,1.0,0.0098585,55.6195,7905792.0,142152.30137869515,70463501893632.0,41943040.0,4194304.0,26738688.0,2.9497524999999998,2,3.0,50.585,0.9094831848542327,0.22737079621355819,FSDP,33159295008768.0,331592950087680.0,-4.619421251757951,-1.4811731306553528,31.886115988055547,17.551823065312842,15.88310621336037,-0.0948787695354623,15.249237972318797,33.434929278673216,31.132344185679166,16.63687801573675
301,NVIDIA A100-SXM4-40GB,gpt,"CustomGPT(L=8,d=512,h=8,ff=2048)",FSDP,6,32,8,32,8,8,512,8,2048,WIKITEXT,True,False,1.0,0.014544,68.123,4428288.0,65004.30104370036,37727596707840.0,41943040.0,1048576.0,25559040.0,5.092061,1,3.0,46.105000000000004,0.6767905112810652,0.11279841854684419,FSDP,4643396517888.0,185735860715520.0,-4.230576741547014,-2.1821529599912446,31.261412950760725,17.551823065312842,15.30352361134602,-0.3903934907631898,13.862943611198906,32.85534667665886,29.166467222544924,17.39846933956182
302,NVIDIA A100-SXM4-40GB,gpt,"CustomGPT(L=8,d=512,h=8,ff=2048)",FSDP,6,64,8,64,8,8,512,8,2048,WIKITEXT,True,False,1.0,0.015519000000000002,67.358,7911936.0,117460.96974375723,68444196175872.0,41943040.0,2097152.0,25952256.0,4.679392,1,3.0,47.3175,0.7024778051604857,0.11707963419341429,FSDP,16592532406272.0,331850648125440.0,-4.165690199292649,-2.144900941578995,31.857039874818696,17.551823065312842,15.883883063273203,-0.35314147235094,14.556090791758852,33.43570612858604,30.439973855032054,17.300949083059848
303,NVIDIA A100-SXM4-40GB,gpt,"CustomGPT(L=8,d=512,h=8,ff=2048)",FSDP,6,96,8,96,8,8,512,8,2048,WIKITEXT,True,False,1.0,0.011857,51.131,7902144.0,154547.0262658661,69395237830656.0,41943040.0,3145728.0,26345472.0,4.15899,1,3.0,48.0105,0.9389704875711408,0.1564950812618568,FSDP,24857995640832.0,331439941877760.0,-4.434836868506204,-1.8547306991325483,31.87083936193209,17.551823065312842,15.882644673022055,-0.06297122990449332,14.961555899867015,33.434467738334895,30.844200572889072,16.909283462065076
304,NVIDIA A100-SXM4-40GB,gpt,"CustomGPT(L=8,d=512,h=8,ff=2048)",FSDP,6,128,8,128,8,8,512,8,2048,WIKITEXT,True,False,1.0,0.009637,41.653999999999996,7893504.0,189501.70451817353,70353980227584.0,41943040.0,4194304.0,26738688.0,3.954552,1,3.0,50.585,1.214409180390839,0.20240153006513983,FSDP,33107755401216.0,331077554012160.0,-4.6421454221129865,-1.5975017819870256,31.884560475395023,17.551823065312842,15.881550700699847,0.19425768724102938,15.249237972318797,33.433373766012686,31.130788673018642,16.635322503076228
305,NVIDIA A100-SXM4-40GB,gpt,"CustomGPT(L=8,d=640,h=10,ff=2560)",Baseline,1,32,8,32,8,8,640,10,2560,WIKITEXT,True,False,1.0,0.002899,45.445,1356096.0,29840.378479480692,17996804259840.0,65536000.0,1310720.0,39813120.0,1.868894,1,3.0,45.445,1.0,1.0,Baseline,1777462149120.0,88873107456000.0,-5.8433894290426185,0.0,30.52121531694242,17.998110167941263,14.120120541436703,0.0,14.086087162513115,32.11823070937796,28.20620770394982,16.435128154429307
306,NVIDIA A100-SXM4-40GB,gpt,"CustomGPT(L=8,d=640,h=10,ff=2560)",Baseline,1,64,8,64,8,8,640,10,2560,WIKITEXT,True,False,1.0,0.0032459999999999998,45.765,1970304.0,43052.63847918715,26470797803520.0,65536000.0,2621440.0,40304640.0,1.362113,1,3.0,45.765,1.0,1.0,Baseline,5165033717760.0,129125842944000.0,-5.730331809889737,0.0,30.907063271627223,17.998110167941263,14.493698403529692,0.0,14.77923434307306,32.491808571470955,29.272932746602752,16.127828928554163
307,NVIDIA A100-SXM4-40GB,gpt,"CustomGPT(L=8,d=640,h=10,ff=2560)",Baseline,1,96,8,96,8,8,640,10,2560,WIKITEXT,True,False,1.0,0.003727,49.869,2584512.0,51826.0241833604,35146055024640.0,65536000.0,3932160.0,40796160.0,1.213259,1,3.0,49.869,1.0,1.0,Baseline,10162714705920.0,169378578432000.0,-5.592151658485015,0.0,31.19053349530175,17.998110167941263,14.765047266671875,0.0,15.184699451181226,32.763157434613134,29.9497467178531,16.005834044120526
308,NVIDIA A100-SXM4-40GB,gpt,"CustomGPT(L=8,d=640,h=10,ff=2560)",Baseline,1,128,8,128,8,8,640,10,2560,WIKITEXT,True,False,1.0,0.004343,54.058,3198720.0,59172.00044396759,44022575923200.0,65536000.0,5242880.0,41287680.0,1.141149,1,3.0,54.058,1.0,1.0,Baseline,16770505113600.0,209631313920000.0,-5.439189925429452,0.0,31.415723707425208,17.998110167941263,14.978261287748614,0.0,15.472381523633006,32.97637145568988,30.45064281138162,15.943342183792202
309,NVIDIA A100-SXM4-40GB,gpt,"CustomGPT(L=8,d=640,h=10,ff=2560)",FSDP,2,32,8,32,8,8,640,10,2560,WIKITEXT,True,False,1.0,0.006021,68.201,1970496.0,28892.47958241082,26150531235840.0,65536000.0,1310720.0,39813120.0,2.238373,1,3.0,45.445,0.6663392032374893,0.33316960161874465,FSDP,2582768517120.0,129138425856000.0,-5.112501920499826,-1.099103604487729,30.894890621179215,17.998110167941263,14.493795845673496,-0.40595642392778364,14.086087162513115,32.49190601361476,28.57988300818661,16.808803458666098
310,NVIDIA A100-SXM4-40GB,gpt,"CustomGPT(L=8,d=640,h=10,ff=2560)",FSDP,2,64,8,64,8,8,640,10,2560,WIKITEXT,True,False,1.0,0.00678,69.765,3199104.0,45855.4289400129,42979578347520.0,65536000.0,2621440.0,40304640.0,1.830749,1,3.0,45.765,0.6559879595785852,0.3279939797892926,FSDP,8386259189760.0,209656479744000.0,-4.993778177029832,-1.1147600250673726,31.39174619666017,17.998110167941263,14.978381328562635,-0.42161284450742736,14.77923434307306,32.9764914965039,29.757615671635698,16.612511853587108
311,NVIDIA A100-SXM4-40GB,gpt,"CustomGPT(L=8,d=640,h=10,ff=2560)",FSDP,2,96,8,96,8,8,640,10,2560,WIKITEXT,True,False,1.0,0.007608,71.967,4427712.0,61524.19859102088,60211215728640.0,65536000.0,3932160.0,40796160.0,1.717757,1,3.0,49.869,0.6929425986910668,0.3464712993455334,FSDP,17410472017920.0,290174533632000.0,-4.878554953739048,-1.059955293954408,31.7288797586749,17.998110167941263,15.303393530045023,-0.36680811339446273,15.184699451181226,33.301503697986284,30.48809298122625,16.544180307493676
312,NVIDIA A100-SXM4-40GB,gpt,"CustomGPT(L=8,d=640,h=10,ff=2560)",FSDP,2,128,8,128,8,8,640,10,2560,WIKITEXT,True,False,1.0,0.008649,75.882,5656320.0,74540.99786510634,77845443379200.0,65536000.0,5242880.0,41287680.0,1.695486,1,3.0,54.058,0.7123955615297435,0.35619778076487174,FSDP,29655407001600.0,370692587520000.0,-4.750311571657762,-1.0322691384523521,31.985746481720994,17.998110167941263,15.548284062044402,-0.3391219578924068,15.472381523633006,33.546394229985665,31.02066558567741,16.51336495808799
313,NVIDIA A100-SXM4-40GB,gpt,"CustomGPT(L=8,d=640,h=10,ff=2560)",FSDP,4,32,8,32,8,8,640,10,2560,WIKITEXT,True,False,1.0,0.010839999999999999,70.068,3199488.0,45662.61346120911,42460533227520.0,65536000.0,1310720.0,39813120.0,3.564397,1,3.0,45.445,0.6485842324598962,0.16214605811497404,FSDP,4193632911360.0,209681645568000.0,-4.524512282970637,-1.8192577566385575,31.379596130474308,17.998110167941263,14.97850135496859,-0.432963395518667,14.086087162513115,32.97661152290985,29.064588517481706,17.29350896796119
314,NVIDIA A100-SXM4-40GB,gpt,"CustomGPT(L=8,d=640,h=10,ff=2560)",FSDP,4,64,8,64,8,8,640,10,2560,WIKITEXT,True,False,1.0,0.012168,69.401,5657088.0,81513.06177144422,76002298429440.0,65536000.0,2621440.0,40304640.0,3.238314,1,3.0,45.765,0.6594285384936817,0.16485713462342041,FSDP,14829716766720.0,370742919168000.0,-4.408945724025145,-1.8026760309139969,31.961784698250217,17.998110167941263,15.548419830152682,-0.41638166979410635,14.77923434307306,33.546529998093945,30.327654173225742,17.182550355177153
315,NVIDIA A100-SXM4-40GB,gpt,"CustomGPT(L=8,d=640,h=10,ff=2560)",FSDP,4,96,8,96,8,8,640,10,2560,WIKITEXT,True,False,1.0,0.013409,70.224,7911936.0,112667.12235133287,107592202321920.0,65536000.0,3932160.0,40796160.0,3.160603,1,3.0,49.869,0.7101418318523581,0.17753545796308953,FSDP,31110998261760.0,518516637696000.0,-4.311829155684632,-1.728584926844337,32.30936929190308,17.998110167941263,15.883883063273203,-0.34229056572444627,15.184699451181226,33.881993231214466,31.068582514454427,17.124669840721854
316,NVIDIA A100-SXM4-40GB,gpt,"CustomGPT(L=8,d=640,h=10,ff=2560)",FSDP,4,128,8,128,8,8,640,10,2560,WIKITEXT,True,False,1.0,0.011492,59.162,7905792.0,133629.55951455326,108803936747520.0,65536000.0,5242880.0,41287680.0,3.062595,1,3.0,54.058,0.9137284067475745,0.22843210168689362,FSDP,41449118760960.0,518113984512000.0,-4.466104137865094,-1.4765162607836697,32.32056863303696,17.998110167941263,15.88310621336037,-0.09022189966377904,15.472381523633006,33.881216381301634,31.35548773699338,16.84818710940396
317,NVIDIA A100-SXM4-40GB,gpt,"CustomGPT(L=8,d=640,h=10,ff=2560)",FSDP,6,32,8,32,8,8,640,10,2560,WIKITEXT,True,False,1.0,0.016429,71.266,4428288.0,62137.45685179468,58767987179520.0,65536000.0,1310720.0,39813120.0,5.065643,1,3.0,45.445,0.6376813627816911,0.10628022713028185,FSDP,5804245647360.0,290212282368000.0,-4.108707213057937,-2.241676020999452,31.704618386851738,17.998110167941263,15.30352361134602,-0.4499165517713971,14.086087162513115,33.30163377928728,29.389610773859136,17.61853122433862
318,NVIDIA A100-SXM4-40GB,gpt,"CustomGPT(L=8,d=640,h=10,ff=2560)",FSDP,6,64,8,64,8,8,640,10,2560,WIKITEXT,True,False,1.0,0.017338,67.148,7911936.0,117828.31953297195,106295910727680.0,65536000.0,2621440.0,40304640.0,4.696369,1,3.0,45.765,0.6815541788288557,0.11359236313814262,FSDP,20740665507840.0,518516637696000.0,-4.0548546545356885,-2.1751390008514795,32.297247931370734,17.998110167941263,15.883883063273203,-0.38337953162342486,14.77923434307306,33.881993231214466,30.663117406346263,17.518013588297674
319,NVIDIA A100-SXM4-40GB,gpt,"CustomGPT(L=8,d=640,h=10,ff=2560)",FSDP,6,96,8,96,8,8,640,10,2560,WIKITEXT,True,False,1.0,0.013277,51.66,7902144.0,152964.4599303136,107459043655680.0,65536000.0,3932160.0,40796160.0,4.393557,1,3.0,49.869,0.9653310104529618,0.1608885017421603,FSDP,31072494551040.0,517874909184000.0,-4.321722064068372,-1.8270436896743174,32.308130901651936,17.998110167941263,15.882644673022055,-0.03528422044626235,15.184699451181226,33.88075484096332,31.06734412420328,17.123431450470708
320,NVIDIA A100-SXM4-40GB,gpt,"CustomGPT(L=8,d=640,h=10,ff=2560)",FSDP,6,128,8,128,8,8,640,10,2560,WIKITEXT,True,False,1.0,0.011615,45.093,7893504.0,175049.43117557047,108634822410240.0,65536000.0,5242880.0,41287680.0,4.094131,1,3.0,54.058,1.1988113454416427,0.19980189090694045,FSDP,41384694251520.0,517308678144000.0,-4.455457912759765,-1.6104289488137662,32.31901312037644,17.998110167941263,15.881550700699847,0.18133052041428868,15.472381523633006,33.87966086864111,31.35393222433285,16.846631596743432
351,NVIDIA GeForce RTX 2080 Ti,Bert,"CustomBERT(L=10,d=640,h=10,ff=2560)",Baseline,1,128,32,66,1,10,640,10,2560,SST2,True,False,1.0,0.016808,351.5,8225072.0,23399.920341394027,138247832985600.0,81920000.0,13516800.0,50419200.0,0.784071,1,3.0,351.5,1.0,1.0,Baseline,111176653209600.0,673797898240000.0,-4.085900315439438,0.0,32.56006908160127,18.221253719255472,15.922697608376787,0.0,16.419443914173915,34.14395132763226,32.342141522550705,16.140625167427356
352,NVIDIA GeForce RTX 2080 Ti,Bert,"CustomBERT(L=10,d=640,h=10,ff=2560)",FSDP,2,128,32,66,1,10,640,10,2560,SST2,True,False,1.0,0.027461,361.811,6192790.0,17736.885726549877,104911034956800.0,81920000.0,19865600.0,51014400.0,1.2753525,2,3.0,351.5,0.9715016956366722,0.4857508478183361,FSDP,123023489024000.0,507313356800000.0,-3.594988462699408,-0.7220594453461084,32.28413382081058,18.221253719255472,15.638896270092884,-0.02891226478616317,16.80450015065087,33.86014998934836,32.44339642074375,15.479633670159712
353,NVIDIA GeForce RTX 2080 Ti,Bert,"CustomBERT(L=10,d=640,h=10,ff=2560)",FSDP,4,128,16,64,1,10,640,10,2560,SST2,True,False,1.0,0.017126,145.08,631766.0,4354.604356217259,32605190553600.0,81920000.0,13107200.0,51609600.0,1.0,1,1.0,351.5,2.4228012131237935,0.6057003032809484,FSDP,8280683315200.0,51754270720000.0,-4.067157502378136,-0.5013699642838727,31.115492611062724,18.221253719255472,13.35627435140381,0.8849243968360179,16.38867225550716,31.57752807065928,29.744946606910972,14.726820355555562
354,NVIDIA GeForce RTX 2080 Ti,Bert,"CustomBERT(L=10,d=640,h=10,ff=2560)",FSDP,4,128,16,66,1,10,640,10,2560,SST2,True,False,1.0,0.014772,118.038,2407454.0,20395.584472796898,121381904716800.0,81920000.0,6758400.0,50419200.0,2.888788,1,1.0,351.5,2.977854589200088,0.744463647300022,FSDP,16270537113600.0,197218631680000.0,-4.21502178199182,-0.29509125639135464,32.42996292839307,18.221253719255472,14.694080315514451,1.091203104728536,15.72629673361397,32.91533403476992,30.420377049128422,16.703666194779096
355,NVIDIA GeForce RTX 2080 Ti,Bert,"CustomBERT(L=10,d=640,h=10,ff=2560)",FSDP,4,128,32,64,1,10,640,10,2560,SST2,True,False,1.0,0.00959,72.575,718150.0,9895.28074405787,37063434240000.0,81920000.0,26214400.0,51609600.0,1.0,1,1.0,351.5,4.843265587323458,1.2108163968308645,FSDP,18825871360000.0,58830848000000.0,-4.64703439008679,0.19129484022013526,31.24365199951888,18.221253719255472,13.484433739859968,1.577589201340026,17.081819436067107,31.70568745911544,30.566253175927073,14.161832563451775
356,NVIDIA GeForce RTX 2080 Ti,Bert,"CustomBERT(L=10,d=640,h=10,ff=2560)",FSDP,4,128,32,66,1,10,640,10,2560,SST2,True,False,1.0,0.022305,162.03449999999998,4841449.0,27943.630734656006,87863806924800.0,81920000.0,19865600.0,51014400.0,1.9720435,2,2.5,351.5,2.1692911077579162,0.5423227769394791,FSDP,96178289254400.0,396611502080000.0,-3.802944410401909,-0.6118939253911251,32.10680908297978,18.221253719255472,15.392724614052804,0.7744004357287655,16.80450015065087,33.613978333308275,32.19722476470368,15.30230893232891
357,NVIDIA GeForce RTX 2080 Ti,Bert,"CustomBERT(L=10,d=640,h=10,ff=2560)",TP,2,128,32,66,1,10,640,10,2560,SST2,True,False,1.0,0.0492815,853.6785,8228015.5,9638.317119998206,139886417241600.0,81920000.0,19865600.0,51014400.0,0.8965295,2,3.0,351.5,0.4117475138474262,0.2058737569237131,TP,163454464716800.0,674039029760000.0,-3.01020652190842,-1.5804921285173128,32.57185190383436,18.221253719255472,15.923055413564585,-0.8873449479573674,16.80450015065087,34.144309132820055,32.72755556421546,15.767351753183483
358,NVIDIA GeForce RTX 2080 Ti,Bert,"CustomBERT(L=10,d=640,h=10,ff=2560)",TP,4,128,16,66,1,10,640,10,2560,SST2,True,False,1.0,0.0576435,550.8935,2405682.5,4366.889372228983,122725887033600.0,81920000.0,9932800.0,51014400.0,0.876268,2,1.0,351.5,0.6380543607793521,0.15951359019483802,TP,23895163136000.0,197073510400000.0,-2.8534777879732776,-1.8356261554036657,32.44097442366158,18.221253719255472,14.693344205046781,-0.4493317942837751,16.111352970090927,32.91459792430225,30.804697175137708,16.32962145357065
359,NVIDIA GeForce RTX 2080 Ti,Bert,"CustomBERT(L=10,d=640,h=10,ff=2560)",TP,4,128,32,66,1,10,640,10,2560,SST2,True,False,1.0,0.099195,863.887,8227340.0,9523.629826586117,138275361868800.0,81920000.0,13516800.0,50419200.0,0.79079,1,3.0,351.5,0.4068819185842593,0.10172047964606483,TP,111207309312000.0,673983692800000.0,-2.3106676691874015,-2.285526623082819,32.560268188828466,18.221253719255472,15.922973312633934,-0.8992322619629286,16.419443914173915,34.14422703188941,32.34241722680785,16.14082427465455
360,NVIDIA GeForce RTX 2080 Ti,Bert,"CustomBERT(L=10,d=768,h=12,ff=3072)",Baseline,1,128,32,66,1,10,768,12,3072,SST2,True,False,1.0,0.020108,372.12,8236528.0,22134.064280339677,198511346073600.0,117964800.0,16220160.0,72299520.0,0.815875,1,3.0,372.12,1.0,1.0,Baseline,133597802004480.0,971620378214400.0,-3.906637533151808,0.0,32.92186737348323,18.585896832843382,15.92408945386561,0.0,16.60176547096787,34.509986286708994,32.52585492483348,16.320101902515365
362,NVIDIA GeForce RTX 2080 Ti,Bert,"CustomBERT(L=10,d=768,h=12,ff=3072)",FSDP,4,128,16,64,1,10,768,12,3072,SST2,True,False,1.0,0.02207,181.203,631766.0,3486.5096052493614,46578843648000.0,117964800.0,15728640.0,73728000.0,1.0,1,1.0,372.12,2.053608383967153,0.5134020959917882,FSDP,9936819978240.0,74526149836800.0,-3.813536058713492,-0.6666959279827486,31.472167555001455,18.585896832843382,13.35627435140381,0.719598433137142,16.570993812301115,31.94217118424719,29.927268163704927,14.90117374270034
363,NVIDIA GeForce RTX 2080 Ti,Bert,"CustomBERT(L=10,d=768,h=12,ff=3072)",FSDP,4,128,16,66,1,10,768,12,3072,SST2,True,False,1.0,0.017877,138.605,2407454.0,17369.171386313625,174057768622080.0,117964800.0,8110080.0,72299520.0,2.935275,1,1.0,372.12,2.684751632336496,0.671187908084124,FSDP,19524644536320.0,283994829619200.0,-4.024240308549185,-0.39870613936072213,32.79040836361726,18.585896832843382,14.694080315514451,0.9875882217591685,15.908618290407924,33.27997714835783,30.602698605922377,16.881790073209334
364,NVIDIA GeForce RTX 2080 Ti,Bert,"CustomBERT(L=10,d=768,h=12,ff=3072)",TP,4,128,16,66,1,10,768,12,3072,SST2,True,False,1.0,0.059364,545.5155,2411224.5,4420.130723866492,176050333877760.0,117964800.0,11919360.0,73013760.0,0.87915,2,1.0,372.12,0.682143770433654,0.1705359426084135,TP,28740252856320.0,284439615897600.0,-2.824067296948565,-1.768809197387788,32.80179105802176,18.585896832843382,14.695645267718472,-0.3825148362678975,16.29367452688488,33.28154210056185,30.989319794603354,16.508116531136878
365,NVIDIA GeForce RTX 2080 Ti,Bert,"CustomBERT(L=12,d=768,h=12,ff=3072)",Baseline,1,128,32,66,1,12,768,12,3072,SST2,True,False,1.0,0.023794,428.748,8222192.0,19177.213654640957,237716657307648.0,141557760.0,19464192.0,86759424.0,0.821381,1,3.0,428.748,1.0,1.0,Baseline,160038323748864.0,1163915081809920.0,-3.7383218309278026,0.0,33.10210056485939,18.768218389637337,15.922347398149792,0.0,16.784087027761824,34.69056578778713,32.70643442591162,16.318013537097567
366,NVIDIA GeForce RTX 2080 Ti,Bert,"CustomBERT(L=12,d=768,h=12,ff=3072)",FSDP,2,128,32,66,1,12,768,12,3072,SST2,True,False,1.0,0.0380835,491.35900000000004,6192790.0,13340.774205289577,180294663794688.0,141557760.0,28606464.0,87616512.0,1.276555,2,3.0,428.748,0.8725758559423964,0.4362879279711982,FSDP,177153824194560.0,876637480550400.0,-3.267974161517894,-0.8294528683364512,32.82561364944187,18.768218389637337,15.638896270092884,-0.13630568777650584,17.16914326423878,34.40711465973022,32.80803953433166,15.65647038520309
367,NVIDIA GeForce RTX 2080 Ti,Bert,"CustomBERT(L=12,d=768,h=12,ff=3072)",FSDP,4,128,16,64,1,12,768,12,3072,SST2,True,False,1.0,0.025528,212.689,631766.0,2970.374584487209,55894612377600.0,141557760.0,18874368.0,88473600.0,1.0,1,1.0,428.748,2.0158447310392167,0.5039611827598042,FSDP,11924183973888.0,89431379804160.0,-3.6679793900061948,-0.6852560322105544,31.65448911179541,18.768218389637337,13.35627435140381,0.7010383289093362,16.75331536909507,32.124492741041145,30.10958972049888,14.90117374270034
368,NVIDIA GeForce RTX 2080 Ti,Bert,"CustomBERT(L=12,d=768,h=12,ff=3072)",FSDP,4,128,16,66,1,12,768,12,3072,SST2,True,False,1.0,0.021098,159.22,2407454.0,15120.29895741741,208869322346496.0,141557760.0,9732096.0,86759424.0,2.932189,1,1.0,428.748,2.692802411757317,0.6732006029393293,FSDP,23429573443584.0,340793795543040.0,-3.85857702972252,-0.395711921034085,32.97272992041121,18.768218389637337,14.694080315514451,0.9905824400858056,16.090939847201877,33.46229870515179,30.785020162716332,16.881790073209334
369,NVIDIA GeForce RTX 2080 Ti,Bert,"CustomBERT(L=12,d=768,h=12,ff=3072)",FSDP,4,128,32,64,1,12,768,12,3072,SST2,True,False,1.0,0.01395,108.887,718150.0,6595.369511511934,63537315840000.0,141557760.0,37748736.0,88473600.0,1.0,1,1.0,428.748,3.937549937090745,0.9843874842726863,FSDP,27109254758400.0,101659705344000.0,-4.272275770714762,-0.01573567461281577,31.782648500251568,18.768218389637337,13.484433739859968,1.370558686507075,17.446462549655017,32.25265212949731,30.930896289514983,14.336185950596553
370,NVIDIA GeForce RTX 2080 Ti,Bert,"CustomBERT(L=12,d=768,h=12,ff=3072)",FSDP,4,128,32,66,1,12,768,12,3072,SST2,True,False,1.0,0.0318965,240.87150000000003,4841449.0,18764.327176805586,151072864100352.0,141557760.0,28606464.0,87616512.0,2.019744,2,2.5,428.748,1.779986424296772,0.444996606074193,FSDP,138496736526336.0,685344675594240.0,-3.445258993079122,-0.8096886236445473,32.648783380067634,18.768218389637337,15.392724614052804,0.5766057374753433,17.16914326423878,34.160943003690136,32.56186787829159,15.479640115828854
371,NVIDIA GeForce RTX 2080 Ti,Bert,"CustomBERT(L=12,d=768,h=12,ff=3072)",TP,2,128,32,66,1,12,768,12,3072,SST2,True,False,1.0,0.06290950000000001,1065.0745,8226628.0,7793.348473641341,240172849723392.0,141557760.0,28606464.0,87616512.0,0.89915,2,3.0,428.748,0.4025521219407657,0.20127606097038284,TP,235334737723392.0,1164543032033280.0,-2.766058093293808,-1.6030778755622754,33.1123799872266,18.768218389637337,15.92288676816023,-0.9099306950023303,17.16914326423878,34.691105157797566,33.09203003239901,15.943236722987821
372,NVIDIA GeForce RTX 2080 Ti,Bert,"CustomBERT(L=12,d=768,h=12,ff=3072)",TP,4,128,16,66,1,12,768,12,3072,SST2,True,False,1.0,0.0695735,645.9304999999999,2405515.5,3724.1276390888434,210765091101696.0,141557760.0,14303232.0,87616512.0,0.876574,2,1.0,428.748,0.6637680060006457,0.16594200150016142,TP,34406646276096.0,340519385825280.0,-2.665371531270791,-1.7961169402292394,32.98176531689787,18.768218389637337,14.693274783667711,-0.4098225791093489,16.475996083678837,33.461493173305044,31.169270867346548,16.50576923321903
373,NVIDIA GeForce RTX 2080 Ti,Bert,"CustomBERT(L=12,d=768,h=12,ff=3072)",TP,4,128,32,66,1,12,768,12,3072,SST2,True,False,1.0,0.1121335,993.8005,8226628.0,8279.937294948104,240172849723392.0,141557760.0,28606464.0,87616512.0,0.8987225,2,3.0,428.748,0.43142260443620223,0.10785565110905056,TP,235334737723392.0,1164543032033280.0,-2.1880651532267557,-2.2269615096610864,33.1123799872266,18.768218389637337,15.92288676816023,-0.8406671485411958,17.16914326423878,34.691105157797566,33.09203003239901,15.943236722987821
374,NVIDIA GeForce RTX 2080 Ti,Bert,"CustomBERT(L=16,d=1024,h=16,ff=4096)",Baseline,1,128,32,66,1,16,1024,16,4096,SST2,True,False,1.0,0.04227,660.6779999999999,8224225.5,12464.259530039393,564983463936000.0,335544320.0,50855936.0,206094336.0,0.9186565,2,3.0,660.6779999999999,1.0,1.0,Baseline,418250685677568.0,2759592152924160.0,-3.1636776644034383,0.0,33.967817579276776,19.631264606992676,15.92259468604825,0.0,17.744507409142344,35.55385929304093,33.66710209519059,16.223310170134436
375,NVIDIA GeForce RTX 2080 Ti,Bert,"CustomBERT(L=16,d=512,h=8,ff=2048)",Baseline,1,128,32,66,1,16,512,8,2048,SST2,True,False,1.0,0.022192999999999997,516.395,8231184.0,15939.705070730739,142584960516096.0,83886080.0,17301504.0,51953664.0,0.784966,3,3.0,516.395,1.0,1.0,Baseline,142411862900736.0,690481759518720.0,-3.807978355141545,0.0,32.590959152120256,18.244970245872786,15.923440426218347,0.0,16.66630399210544,34.168410672091134,32.58974441832379,15.924655160014813
376,NVIDIA GeForce RTX 2080 Ti,Bert,"CustomBERT(L=16,d=512,h=8,ff=2048)",FSDP,2,128,32,66,1,16,512,8,2048,SST2,True,False,1.0,0.028501,404.297,6192790.0,15842.567405174326,108310326116352.0,83886080.0,25427968.0,52715520.0,1.268459,2,3.0,516.395,1.27726646499974,0.63863323249987,FSDP,157470065950720.0,519488877363200.0,-3.5578161046037935,-0.4484249604377587,32.31602161272496,18.244970245872786,15.638896270092884,0.2447222201221866,17.051360228582396,33.88386651596567,32.69025649867528,15.264661384142563
377,NVIDIA GeForce RTX 2080 Ti,Bert,"CustomBERT(L=16,d=512,h=8,ff=2048)",FSDP,4,128,16,64,1,16,512,8,2048,SST2,True,False,1.0,0.018868,165.894,631766.0,3808.2510518764993,33785187926016.0,83886080.0,16777216.0,53477376.0,1.0,1,1.0,516.395,3.112800945181863,0.7782002362954658,FSDP,10599274643456.0,52996373217280.0,-3.9702879135601217,-0.2507714147881091,31.151043595327042,18.244970245872786,13.35627435140381,1.1355229463317815,16.635532333438686,31.601244597276597,29.991806684842498,14.515511261888355
378,NVIDIA GeForce RTX 2080 Ti,Bert,"CustomBERT(L=16,d=512,h=8,ff=2048)",FSDP,4,128,16,66,1,16,512,8,2048,SST2,True,False,1.0,0.016954,144.06,2407454.0,16711.467444120506,125076056211456.0,83886080.0,8650752.0,51953664.0,2.870001,1,1.0,516.395,3.5845828127169233,0.8961457031792308,FSDP,20826287505408.0,201951878840320.0,-4.077251484795923,-0.10965226407222622,32.45994311789203,18.244970245872786,14.694080315514451,1.2766420970476644,15.973156811545495,32.93905056138724,30.66723712705995,16.486786306346538
380,NVIDIA GeForce RTX 2080 Ti,Bert,"CustomBERT(L=16,d=512,h=8,ff=2048)",FSDP,4,128,32,66,1,16,512,8,2048,SST2,True,False,1.0,0.023843000000000003,194.6325,4841449.0,22590.135889047408,90644355416064.0,83886080.0,25427968.0,52715520.0,2.0006085000000002,2,2.5,516.395,2.653179710480007,0.6632949276200018,FSDP,123108210245632.0,406130178129920.0,-3.7362646057758666,-0.4105355496681649,32.13796478330391,18.244970245872786,15.392724614052804,0.9757588114517257,17.051360228582396,33.63769485992559,32.4440848426352,15.08660455472151
381,NVIDIA GeForce RTX 2080 Ti,Bert,"CustomBERT(L=16,d=512,h=8,ff=2048)",TP,2,128,32,66,1,16,512,8,2048,SST2,True,False,1.0,0.069248,1343.9115000000002,8231134.5,6137.128756486796,144624013074432.0,83886080.0,25427968.0,52715520.0,0.8997395,2,3.0,516.395,0.38424777226774226,0.19212388613387113,TP,209301024669696.0,690477607157760.0,-2.670061015198175,-1.6496148747517845,32.60515847738752,18.244970245872786,15.92343441248462,-0.9564676941918391,17.051360228582396,34.1684046583574,32.974794641067014,15.553798248805121
382,NVIDIA GeForce RTX 2080 Ti,Bert,"CustomBERT(L=16,d=512,h=8,ff=2048)",TP,4,128,16,66,1,16,512,8,2048,SST2,True,False,1.0,0.08593999999999999,855.6545000000001,2409249.0,2815.950861773751,127003936948224.0,83886080.0,12713984.0,52715520.0,0.8784514999999999,2,1.0,516.395,0.6035087760305122,0.15087719400762806,TP,30631153238016.0,202102454353920.0,-2.4541059006352883,-1.891289057780344,32.47523920149898,18.244970245872786,14.694825638646517,-0.5049946966604534,16.358213048022453,32.939795884519306,31.05303868666897,16.117026153476523
383,NVIDIA GeForce RTX 2080 Ti,Bert,"CustomBERT(L=16,d=512,h=8,ff=2048)",TP,4,128,32,66,1,16,512,8,2048,SST2,True,False,1.0,0.13361050000000002,1304.2845,8231134.5,6311.379884815759,144624013074432.0,83886080.0,25427968.0,52715520.0,0.8991555,2,3.0,516.395,0.3959220553491205,0.09898051383728013,TP,209301024669696.0,690477607157760.0,-2.0128264281534736,-2.3128322781475625,32.60515847738752,18.244970245872786,15.92343441248462,-0.9265379170276721,17.051360228582396,34.1684046583574,32.974794641067014,15.553798248805121
392,NVIDIA GeForce RTX 2080 Ti,Bert,"CustomBERT(L=2,d=128,h=2,ff=512)",Baseline,1,128,32,66,1,2,128,2,512,SST2,True,False,1.0,0.0028339999999999997,103.99000000000001,8231344.0,79155.149533609,1217483071488.0,655360.0,540672.0,443904.0,0.775379,7,3.0,103.99000000000001,1.0,1.0,Baseline,4450457223168.0,5394493603840.0,-5.8660661377136485,0.0,27.82780678748452,13.39293998195317,15.923459864302218,0.0,13.200568089305714,29.31639984625539,29.124027953607932,14.627238698178804
393,NVIDIA GeForce RTX 2080 Ti,Bert,"CustomBERT(L=2,d=128,h=2,ff=512)",FSDP,2,128,32,66,1,2,128,2,512,SST2,True,False,1.0,0.0034645,79.787,6192790.0,76968.79435890891,949466569728.0,655360.0,794624.0,467712.0,1.1403555,2,3.0,103.99000000000001,1.3033451564791256,0.6516725782395628,FSDP,4920939560960.0,4058506854400.0,-5.665186956896838,-0.4282130238045663,27.579166158288245,13.39293998195317,15.638896270092884,0.264934156755379,13.585624325782671,29.031836252046055,29.224520595875557,13.993541832505574
394,NVIDIA GeForce RTX 2080 Ti,Bert,"CustomBERT(L=2,d=128,h=2,ff=512)",FSDP,4,128,16,64,1,2,128,2,512,SST2,True,False,1.0,0.002146,23.305,631766.0,27108.603304012016,310525624320.0,655360.0,524288.0,491520.0,1.0,1,1.0,103.99000000000001,4.462132589573053,1.1155331473932633,FSDP,331227332608.0,414034165760.0,-6.14414963477363,0.10933244972754652,26.461532260905198,13.39293998195317,13.35627435140381,1.495626810847437,13.16979643063896,26.74921433335698,26.526070782042773,13.291735830266239
395,NVIDIA GeForce RTX 2080 Ti,Bert,"CustomBERT(L=2,d=128,h=2,ff=512)",FSDP,4,128,16,66,1,2,128,2,512,SST2,True,False,1.0,0.006191,81.26849999999999,7219850.0,87808.33366431933,1068678460416.0,655360.0,270336.0,443904.0,2.499135,4,3.0,103.99000000000001,1.2795855712853077,0.3198963928213269,FSDP,1951785369600.0,4731600896000.0,-5.084658654445041,-1.1397581080473287,27.6974439173345,13.39293998195317,15.792344735029923,0.24653625307256183,12.507420908745768,29.185284716983094,28.299765643775693,15.190023008588733
397,NVIDIA GeForce RTX 2080 Ti,Bert,"CustomBERT(L=2,d=128,h=2,ff=512)",FSDP,4,128,32,66,1,2,128,2,512,SST2,True,False,1.0,0.0029995,37.315,4841449.0,111854.24838237985,786887596032.0,655360.0,794624.0,467712.0,1.650567,2,2.5,103.99000000000001,2.786814953771942,0.6967037384429855,FSDP,3847131570176.0,3172892016640.0,-5.8093096708711265,-0.36139501103109983,27.391351249282668,13.39293998195317,15.392724614052804,1.0248993500887909,13.585624325782671,28.785664596005972,28.978348939835474,13.805726923499996
398,NVIDIA GeForce RTX 2080 Ti,Bert,"CustomBERT(L=2,d=128,h=2,ff=512)",TP,2,128,32,66,1,2,128,2,512,SST2,True,False,1.0,0.010907,216.2595,8231288.0,38168.51319419459,1282716142080.0,655360.0,794624.0,467712.0,0.879942,2,3.0,103.99000000000001,0.4808574883415527,0.24042874417077634,TP,6540778995712.0,5394456903680.0,-4.5183504940355315,-1.4253315153707085,27.8800009316277,13.39293998195317,15.923453061015843,-0.7321843348107632,13.585624325782671,29.316393042969015,29.509077386798513,14.294376605845025
399,NVIDIA GeForce RTX 2080 Ti,Bert,"CustomBERT(L=2,d=128,h=2,ff=512)",TP,4,128,16,66,1,2,128,2,512,SST2,True,False,1.0,0.0375485,394.13800000000003,7231422.0,18341.38078883287,1070367515136.0,655360.0,270336.0,443904.0,0.728879,4,3.0,103.99000000000001,0.26384159862789175,0.06596039965697294,TP,1954913697792.0,4739184721920.0,-3.2821218483075683,-2.718700722228244,27.699023177519045,13.39293998195317,15.793946255293799,-1.3324063611083532,12.507420908745768,29.18688623724697,28.30136716403957,15.191602268773279
400,NVIDIA GeForce RTX 2080 Ti,Bert,"CustomBERT(L=2,d=128,h=2,ff=512)",TP,4,128,32,66,1,2,128,2,512,SST2,True,False,1.0,0.0210155,210.594,8231288.0,39087.95222216484,1282716142080.0,655360.0,794624.0,467712.0,0.885312,2,3.0,103.99000000000001,0.4937937453108826,0.12344843632772065,TP,6540778995712.0,5394456903680.0,-3.862495018278949,-2.0919317297132856,27.8800009316277,13.39293998195317,15.923453061015843,-0.705637368593395,13.585624325782671,29.316393042969015,29.509077386798513,14.294376605845025
401,NVIDIA GeForce RTX 2080 Ti,Bert,"CustomBERT(L=2,d=512,h=8,ff=2048)",Baseline,1,128,32,66,1,2,512,8,2048,SST2,True,False,1.0,0.004285,104.52900000000001,8234961.5,78804.69981157835,18081855946752.0,10485760.0,3178496.0,6589440.0,0.8922129999999999,6,3.0,104.52900000000001,1.0,1.0,Baseline,26174792187904.0,86349829898240.0,-5.452634726932394,0.0,30.525930117546352,16.16552870419295,15.923899246415978,0.0,14.971918686902562,32.08942795060893,30.89581793331854,15.554011430643792
402,NVIDIA GeForce RTX 2080 Ti,Bert,"CustomBERT(L=2,d=64,h=1,ff=256)",Baseline,1,128,32,66,1,2,64,1,256,SST2,True,False,1.0,0.0028495,105.4785,8231472.0,78055.5336204558,339272306688.0,163840.0,270336.0,123648.0,0.7700305000000001,2,3.0,105.4785,1.0,1.0,Baseline,2225263214592.0,1348644372480.0,-5.86061173868922,0.0,26.550068886448912,12.006645620833279,15.923475414497277,0.0,12.507420908745768,27.930121035330558,28.430896323243047,14.042647977703142
403,NVIDIA GeForce RTX 2080 Ti,Bert,"CustomBERT(L=2,d=64,h=1,ff=256)",FSDP,2,128,32,66,1,2,64,1,256,SST2,True,False,1.0,0.002948,74.71350000000001,6192790.0,80899.26464030893,271797358080.0,163840.0,397312.0,135552.0,1.143648,2,3.0,105.4785,1.4117729727559274,0.7058864863779637,FSDP,2460469780480.0,1014626713600.0,-5.826628304655046,-0.3483008385832451,26.328322618527913,12.006645620833279,15.638896270092884,0.34484634197670017,12.892477145222726,27.645541890926165,28.53137341531561,13.435845473305188
405,NVIDIA GeForce RTX 2080 Ti,Bert,"CustomBERT(L=2,d=64,h=1,ff=256)",FSDP,4,128,16,66,1,2,64,1,256,SST2,True,False,1.0,0.0045565,75.3785,7219850.0,92184.9706115126,297676872192.0,163840.0,135168.0,123648.0,2.435411,8,3.0,105.4785,1.3993181079485528,0.3498295269871382,FSDP,975892684800.0,1182900224000.0,-5.391200494028093,-1.0503093089047644,26.419274413646587,12.006645620833279,15.792344735029923,0.33598505221512615,11.814273728185823,27.798990355863204,27.606618463215746,14.605000685460764
407,NVIDIA GeForce RTX 2080 Ti,Bert,"CustomBERT(L=2,d=64,h=1,ff=256)",FSDP,4,128,32,66,1,2,64,1,256,SST2,True,False,1.0,0.0021895,34.411,4841449.0,119283.79383959902,222964755456.0,163840.0,397312.0,135552.0,1.599112,4,2.5,105.4785,3.0652552962715407,0.7663138240678852,FSDP,1923565785088.0,793223004160.0,-6.124082071722821,-0.26616350114776793,26.13027954863323,12.006645620833279,15.392724614052804,1.1201308599721227,12.892477145222726,27.399370234886085,28.28520175927553,13.237802403410504
408,NVIDIA GeForce RTX 2080 Ti,Bert,"CustomBERT(L=2,d=64,h=1,ff=256)",TP,2,128,32,66,1,2,64,1,256,SST2,True,False,1.0,0.0107005,217.6805,8231373.0,37943.65009115964,371836420224.0,163840.0,397312.0,135552.0,0.8802155,2,3.0,105.4785,0.4845564944953728,0.2422782472476864,TP,3270423269376.0,1348628152320.0,-4.537464809634078,-1.4176684313033252,26.64171986392907,12.006645620833279,15.923463387414474,-0.7245212507433799,12.892477145222726,27.930109008247754,28.8159405326372,13.749242718706341
409,NVIDIA GeForce RTX 2080 Ti,Bert,"CustomBERT(L=2,d=64,h=1,ff=256)",TP,4,128,16,66,1,2,64,1,256,SST2,True,False,1.0,0.035999,390.304,7223333.0,18506.940743625484,298135977216.0,163840.0,135168.0,123648.0,0.738203,5,3.0,105.4785,0.2702470382061163,0.06756175955152907,TP,976363474944.0,1183470878720.0,-3.324264118689614,-2.6947131431020943,26.420815518761458,12.006645620833279,15.792827038697684,-1.308418781982204,11.814273728185823,27.799472659530963,27.60710076688351,14.606541790575635
410,NVIDIA GeForce RTX 2080 Ti,Bert,"CustomBERT(L=2,d=64,h=1,ff=256)",TP,4,128,32,66,1,2,64,1,256,SST2,True,False,1.0,0.020843,213.4495,8231373.0,38107.86146000918,371836420224.0,163840.0,397312.0,135552.0,0.881895,4,3.0,105.4785,0.4941613824347211,0.12354034560868027,TP,3270423269376.0,1348628152320.0,-3.8707371185226034,-2.091187491173532,26.64171986392907,12.006645620833279,15.923463387414474,-0.7048931300536414,12.892477145222726,27.930109008247754,28.8159405326372,13.749242718706341
411,NVIDIA GeForce RTX 2080 Ti,Bert,"CustomBERT(L=20,d=512,h=8,ff=2048)",Baseline,1,128,32,66,1,20,512,8,2048,SST2,True,False,1.0,0.0279545,636.5730000000001,8230305.5,12929.095668796144,180826872053760.0,104857600.0,31784960.0,65894400.0,0.9029940000000001,4,3.0,636.5730000000001,1.0,1.0,Baseline,261599931105280.0,863010081996800.0,-3.5771770905515172,0.0,32.82856118145841,18.468113797186998,15.923333692255927,0.0,17.27450377989661,34.391447489442925,33.197837472152536,15.554057401561806
415,NVIDIA GeForce RTX 2080 Ti,Bert,"CustomBERT(L=24,d=512,h=8,ff=2048)",Baseline,1,128,32,66,1,24,512,8,2048,SST2,True,False,1.0,0.032531500000000005,743.393,8237249.5,11081.307429714716,217089503723520.0,125829120.0,38141952.0,79073280.0,0.9012635,4,3.0,743.393,1.0,1.0,Baseline,314184775041024.0,1036485855805440.0,-3.4255464282780754,0.0,33.011330843986336,18.650435353980953,15.92417704761883,0.0,17.456825336690564,34.57461240159978,33.38100238430939,15.554505507295776
416,NVIDIA GeForce RTX 2080 Ti,Bert,"CustomBERT(L=24,d=768,h=12,ff=3072)",Baseline,1,128,32,66,1,24,768,12,3072,SST2,True,False,1.0,0.04467,811.9590000000001,8234096.0,10141.024362067543,475905285881856.0,283115520.0,38928384.0,173518848.0,0.824912,1,3.0,811.9590000000001,1.0,1.0,Baseline,320540050980864.0,2331200370769920.0,-3.1084531436181098,0.0,33.796239971121175,19.46136557019728,15.923794140219004,0.0,17.477234208321768,35.38515971041628,33.40102834854077,16.319005762799403
417,NVIDIA GeForce RTX 2080 Ti,Bert,"CustomBERT(L=24,d=768,h=12,ff=3072)",FSDP,4,128,32,64,1,24,768,12,3072,SST2,True,False,1.0,0.025807,195.138,718150.0,3680.216052229704,127074631680000.0,283115520.0,75497472.0,176947200.0,1.0,1,1.0,811.9590000000001,4.160947637056852,1.040236909264213,FSDP,54218509516800.0,203319410688000.0,-3.657109506025134,0.03944848458083567,32.475795680811515,19.46136557019728,13.484433739859968,1.4257428457007262,18.13960973021496,32.94579931005725,31.62404347007493,14.336185950596553
418,NVIDIA GeForce RTX 2080 Ti,Bert,"CustomBERT(L=24,d=768,h=12,ff=3072)",FSDP,4,128,32,66,1,24,768,12,3072,SST2,True,False,1.0,0.0586005,424.58500000000004,4841449.0,10815.829243412813,302145728200704.0,283115520.0,57212928.0,175233024.0,2.0634105,2,2.5,811.9590000000001,1.9123591271476854,0.47808978178692135,FSDP,276993473052672.0,1370689351188480.0,-2.837012050012363,-0.7379567361220408,33.34193056062758,19.46136557019728,15.392724614052804,0.6483376249978497,17.862290444798727,34.85409018425008,33.255015058851534,15.479640115828854
419,NVIDIA GeForce RTX 2080 Ti,Bert,"CustomBERT(L=24,d=768,h=12,ff=3072)",TP,4,128,32,66,1,24,768,12,3072,SST2,True,False,1.0,0.2258015,1943.185,8232443.5,4237.478546624982,480598082611200.0,283115520.0,57212928.0,175233024.0,0.9011165,2,3.0,811.9590000000001,0.4178495614159229,0.10446239035398072,TP,471002197229568.0,2330732522373120.0,-1.488098984241696,-2.258928173275995,33.806052449649926,19.46136557019728,15.923593430166287,-0.8726338121561046,17.862290444798727,35.384959000363565,33.785883874965016,15.943762004851196
420,NVIDIA GeForce RTX 2080 Ti,Bert,"CustomBERT(L=3,d=192,h=3,ff=768)",Baseline,1,128,32,66,1,3,192,3,768,SST2,True,False,1.0,0.00374,130.941,8235312.0,62893.303090704976,3967918036992.0,2211840.0,1216512.0,1441152.0,0.775533,1,3.0,130.941,1.0,1.0,Baseline,10018355871744.0,18215192494080.0,-5.588669667555696,0.0,29.009262649137835,14.609335306277663,15.923941807943576,0.0,14.011498305522043,30.53327711422124,29.935440113465617,14.997764343615792
421,NVIDIA GeForce RTX 2080 Ti,Bert,"CustomBERT(L=3,d=192,h=3,ff=768)",FSDP,2,128,32,66,1,3,192,3,768,SST2,True,False,1.0,0.005286,104.4285,6192790.0,58709.52270365991,3049511452416.0,2211840.0,1787904.0,1494720.0,1.183917,2,3.0,130.941,1.2538818426004397,0.6269409213002198,FSDP,11072114012160.0,13697460633600.0,-5.242693462800039,-0.46690296719017743,28.746002514182017,14.609335306277663,15.638896270092884,0.22624421336976788,14.396554541999,30.248231576370546,30.035450812091884,14.349447972183018
422,NVIDIA GeForce RTX 2080 Ti,Bert,"CustomBERT(L=3,d=192,h=3,ff=768)",FSDP,4,128,16,64,1,3,192,3,768,SST2,True,False,1.0,0.0031235000000000004,32.961,631766.0,19319.110374618598,978155716608.0,2211840.0,1179648.0,1548288.0,1.0,2,1.0,130.941,3.9726039865295353,0.9931509966323838,FSDP,745261498368.0,1397365309440.0,-5.768801111030649,-0.006872565437273097,27.60893471374274,14.609335306277663,13.35627435140381,1.3794217956826176,13.98072664685529,27.965609657681473,27.3370009982591,13.628208066887453
423,NVIDIA GeForce RTX 2080 Ti,Bert,"CustomBERT(L=3,d=192,h=3,ff=768)",FSDP,4,128,16,66,1,3,192,3,768,SST2,True,False,1.0,0.00861,100.614,7219850.0,68671.53020849187,3469507147008.0,2211840.0,608256.0,1441152.0,2.585219,5,3.0,130.941,1.3014192855864988,0.3253548213966247,FSDP,4391517081600.0,15969153024000.0,-4.754830960542497,-1.1228389340434473,28.8750336672372,14.609335306277663,15.792344735029923,0.2634554270764434,13.318351124962097,30.401680041307586,29.11069585999202,15.556682542275102
425,NVIDIA GeForce RTX 2080 Ti,Bert,"CustomBERT(L=3,d=192,h=3,ff=768)",FSDP,4,128,32,66,1,3,192,3,768,SST2,True,False,1.0,0.004235,46.992,4841449.0,88668.88366600907,2537652782592.0,2211840.0,1787904.0,1494720.0,1.7378315,2,2.5,130.941,2.786453013278856,0.696613253319714,FSDP,8656046032896.0,10708510556160.0,-5.464371950878119,-0.3615248955066838,28.56226066837238,14.609335306277663,15.392724614052804,1.0247694656132067,14.396554541999,30.002059920330467,29.789279156051805,14.165706126373383
426,NVIDIA GeForce RTX 2080 Ti,Bert,"CustomBERT(L=3,d=192,h=3,ff=768)",TP,2,128,32,66,1,3,192,3,768,SST2,True,False,1.0,0.01564,304.80549999999994,8232936.0,27087.208752840434,4106875070592.0,2211840.0,1787904.0,1494720.0,0.8798205,2,3.0,130.941,0.4295887049282248,0.2147943524641124,TP,14719699206144.0,18209937162240.0,-4.157923543864972,-1.5380742087595856,29.04368353178728,14.609335306277663,15.923653252656276,-0.8449270281996404,14.396554541999,30.532988558933937,30.320207794655275,14.64712898978828
427,NVIDIA GeForce RTX 2080 Ti,Bert,"CustomBERT(L=3,d=192,h=3,ff=768)",TP,4,128,16,66,1,3,192,3,768,SST2,True,False,1.0,0.05389,551.71,7236128.0,13098.597089050407,3474200979072.0,2211840.0,608256.0,1441152.0,0.729991,5,3.0,130.941,0.23733664425150894,0.059334161062877235,TP,4401418272768.0,16005157355520.0,-2.9208103470367317,-2.8245700669575378,28.87638563442641,14.609335306277663,15.79459681467199,-1.4382757058376474,13.318351124962097,30.403932120949655,29.112947939634086,15.558034509464312
428,NVIDIA GeForce RTX 2080 Ti,Bert,"CustomBERT(L=3,d=192,h=3,ff=768)",TP,4,128,32,66,1,3,192,3,768,SST2,True,False,1.0,0.0301665,292.86699999999996,8232936.0,28119.42476578024,4106875070592.0,2211840.0,1787904.0,1494720.0,0.883815,2,3.0,130.941,0.4471005610055077,0.11177514025137693,TP,14719699206144.0,18209937162240.0,-3.501023241821507,-2.1912661020977096,29.04368353178728,14.609335306277663,15.923653252656276,-0.8049717409778189,14.396554541999,30.532988558933937,30.320207794655275,14.64712898978828
429,NVIDIA GeForce RTX 2080 Ti,Bert,"CustomBERT(L=4,d=128,h=2,ff=512)",Baseline,1,128,32,66,1,4,128,2,512,SST2,True,False,1.0,0.0043375,159.6525,8227473.5,51535.79672564115,2564864974848.0,1310720.0,1589248.0,935424.0,0.888708,6,3.0,159.6525,1.0,1.0,Baseline,13075495804928.0,10783914065920.0,-5.44045713370916,0.0,28.57292695178088,14.086087162513115,15.922989538888945,0.0,14.278771506342617,30.00907670140206,30.20176104523156,14.294155445438262
430,NVIDIA GeForce RTX 2080 Ti,Bert,"CustomBERT(L=4,d=192,h=3,ff=768)",Baseline,1,128,32,66,1,4,192,3,768,SST2,True,False,1.0,0.0044635000000000005,160.587,8227873.5,51237.54948742575,5466004770816.0,2949120.0,2383872.0,1992960.0,0.8855915,6,3.0,160.587,1.0,1.0,Baseline,19614197256192.0,24264986296320.0,-5.411822067344857,0.0,29.329569076250728,14.897017378729444,15.923038155305248,0.0,14.68423661445078,30.82005553403469,30.607274769756028,14.645332461799947
431,NVIDIA GeForce RTX 2080 Ti,Bert,"CustomBERT(L=4,d=256,h=4,ff=1024)",Baseline,1,128,32,66,1,4,256,4,1024,SST2,True,False,1.0,0.004618,162.298,8235600.0,50743.6936992446,9190747176960.0,5242880.0,2162688.0,3348480.0,0.777078,7,3.0,162.298,1.0,1.0,Baseline,17811033292800.0,43178262528000.0,-5.377793568049833,0.0,29.849218352251278,15.472381523633006,15.923976778684725,0.0,14.586862450425604,31.396358302317733,30.51083922911033,15.262355901825673
432,NVIDIA GeForce RTX 2080 Ti,Bert,"CustomBERT(L=4,d=256,h=4,ff=1024)",FSDP,2,128,32,66,1,4,256,4,1024,SST2,True,False,1.0,0.0072169999999999995,125.526,6192790.0,48768.63136367068,7044841107456.0,5242880.0,3178496.0,3443712.0,1.1930665,2,3.0,162.298,1.292943294616255,0.6464716473081275,FSDP,19683758243840.0,32468054835200.0,-4.931315924892001,-0.4362259374037963,29.583316707079636,15.472381523633006,15.638896270092884,0.256921243156149,14.971918686902562,31.11127779372589,30.610814956995448,14.611398020177075
433,NVIDIA GeForce RTX 2080 Ti,Bert,"CustomBERT(L=4,d=256,h=4,ff=1024)",FSDP,4,128,16,64,1,4,256,4,1024,SST2,True,False,1.0,0.003952,38.572,631766.0,16378.910392158807,2235784495104.0,5242880.0,2097152.0,3538944.0,1.0,2,1.0,162.298,4.207663590169035,1.0519158975422587,FSDP,1324909330432.0,3312273326080.0,-5.5335334990965155,0.050613165817686656,28.43561328692721,15.472381523633006,13.35627435140381,1.4369075269375773,14.556090791758852,28.828655875036816,27.91236514316266,13.879522495168358
434,NVIDIA GeForce RTX 2080 Ti,Bert,"CustomBERT(L=4,d=256,h=4,ff=1024)",FSDP,4,128,16,66,1,4,256,4,1024,SST2,True,False,1.0,0.011751999999999999,124.724,7219850.0,54034.322236857864,8061311569920.0,5242880.0,1081344.0,3348480.0,2.656153,5,3.0,162.298,1.3012571758442641,0.32531429396106604,FSDP,7807141478400.0,37852807168000.0,-4.443731840110561,-1.1229635056103295,29.718097385005205,15.472381523633006,15.792344735029923,0.263330855509561,13.893715269865659,31.26472625866293,29.686060004895584,15.824382115139544
436,NVIDIA GeForce RTX 2080 Ti,Bert,"CustomBERT(L=4,d=256,h=4,ff=1024)",FSDP,4,128,32,66,1,4,256,4,1024,SST2,True,False,1.0,0.005887,59.984,4841449.0,70152.78808973145,5875215065088.0,5242880.0,3178496.0,3443712.0,1.7940055,2,2.5,162.298,2.705688183515604,0.676422045878901,FSDP,15388526280704.0,25383136133120.0,-5.135008748936013,-0.3909380695277317,29.401763782112244,15.472381523633006,15.392724614052804,0.9953562915921589,14.971918686902562,30.86510613768581,30.364643300955365,14.429845095209684
437,NVIDIA GeForce RTX 2080 Ti,Bert,"CustomBERT(L=4,d=256,h=4,ff=1024)",TP,2,128,32,66,1,4,256,4,1024,SST2,True,False,1.0,0.019219,368.95950000000005,8233258.5,22369.534662612386,9448086709248.0,5242880.0,3178496.0,3443712.0,0.8854425,2,3.0,162.298,0.43988025786028,0.21994012893014,TP,26169379209216.0,43165986324480.0,-3.9518559059298695,-1.514399910893555,29.876833372305626,15.472381523633006,15.923692423819963,-0.8212527303336099,14.971918686902562,31.39607394745297,30.895611110722527,14.904914685403066
438,NVIDIA GeForce RTX 2080 Ti,Bert,"CustomBERT(L=4,d=256,h=4,ff=1024)",TP,4,128,16,66,1,4,256,4,1024,SST2,True,False,1.0,0.070262,707.226,7229556.0,10222.412637544434,8066089850880.0,5242880.0,1081344.0,3348480.0,0.743571,5,3.0,162.298,0.22948534131946507,0.05737133532986627,TP,7817637003264.0,37903694561280.0,-2.655524166850763,-2.858210484887686,29.71868995177714,15.472381523633006,15.793688181460846,-1.4719161237677956,13.893715269865659,31.26606970509385,29.687403451326507,15.824974681911481
439,NVIDIA GeForce RTX 2080 Ti,Bert,"CustomBERT(L=4,d=256,h=4,ff=1024)",TP,4,128,32,66,1,4,256,4,1024,SST2,True,False,1.0,0.038304,368.40649999999994,8233258.5,22354.35085156488,9448086709248.0,5242880.0,3178496.0,3443712.0,0.8939495,2,3.0,162.298,0.4405405442086392,0.1101351360521598,TP,26169379209216.0,43165986324480.0,-3.2622009496065743,-2.2060471576250396,29.876833372305626,15.472381523633006,15.923692423819963,-0.8197527965051489,14.971918686902562,31.39607394745297,30.895611110722527,14.904914685403066
440,NVIDIA GeForce RTX 2080 Ti,Bert,"CustomBERT(L=4,d=320,h=5,ff=1280)",Baseline,1,128,32,66,1,4,320,5,1280,SST2,True,False,1.0,0.004844,163.4,8219920.0,50305.50795593635,14171749294080.0,8192000.0,2703360.0,5168640.0,0.773226,1,3.0,163.4,1.0,1.0,Baseline,22221402931200.0,67337584640000.0,-5.330014453291291,0.0,30.28227161254668,15.918668626261425,15.922071034624905,0.0,14.810006001739815,31.84073966088633,30.732077036364718,15.472265610806865
441,NVIDIA GeForce RTX 2080 Ti,Bert,"CustomBERT(L=4,d=320,h=5,ff=1280)",FSDP,2,128,32,66,1,4,320,5,1280,SST2,True,False,1.0,0.008235,138.135,6192790.0,44143.68195009854,10835410652160.0,8192000.0,3973120.0,5287680.0,1.2084815,2,3.0,163.4,1.182900785463496,0.591450392731748,FSDP,24604697804800.0,50731335680000.0,-4.7993619153525335,-0.5251774659754826,30.013840650721043,15.918668626261425,15.638896270092884,0.16796971458446266,15.19506223821677,31.55756489635431,30.833958508309657,14.818778412504273
442,NVIDIA GeForce RTX 2080 Ti,Bert,"CustomBERT(L=4,d=320,h=5,ff=1280)",FSDP,4,128,16,64,1,4,320,5,1280,SST2,True,False,1.0,0.00459,42.551,631766.0,14847.26563418016,3415781867520.0,8192000.0,2621440.0,5406720.0,1.0,1,1.0,163.4,3.840097765034899,0.9600244412587248,FSDP,1656136663040.0,5175427072000.0,-5.383875254909683,-0.0407965351998414,28.85942753370357,15.918668626261425,13.35627435140381,1.3454978259200492,14.77923434307306,29.274942977665237,28.135508694476872,14.08019319063051
443,NVIDIA GeForce RTX 2080 Ti,Bert,"CustomBERT(L=4,d=320,h=5,ff=1280)",FSDP,4,128,16,66,1,4,320,5,1280,SST2,True,False,1.0,0.0134845,137.30849999999998,7219850.0,51212.14391833072,12443263042560.0,8192000.0,1351680.0,5168640.0,2.6955685000000003,4,3.0,163.4,1.1900210110808873,0.29750525277022183,FSDP,9758926848000.0,59145011200000.0,-4.306214401312935,-1.2123233977818308,30.152200471300898,15.918668626261425,15.792344735029923,0.1739709633380597,14.11685882117987,31.71101336129135,29.909203556209793,16.03534165012103
445,NVIDIA GeForce RTX 2080 Ti,Bert,"CustomBERT(L=4,d=320,h=5,ff=1280)",FSDP,4,128,32,66,1,4,320,5,1280,SST2,True,False,1.0,0.006366999999999999,60.9255,4841449.0,69155.52973859601,9048809256960.0,8192000.0,3973120.0,5287680.0,1.8063235,2,2.5,163.4,2.6819640380464667,0.6704910095116167,FSDP,19235657850880.0,39661150208000.0,-5.056626877947249,-0.39974498498323596,29.833654291167214,15.918668626261425,15.392724614052804,0.9865493761366546,15.19506223821677,31.311393240314228,30.587786852269577,14.638592052950441
446,NVIDIA GeForce RTX 2080 Ti,Bert,"CustomBERT(L=4,d=320,h=5,ff=1280)",TP,2,128,32,66,1,4,320,5,1280,SST2,True,False,1.0,0.020088,379.707,8225460.5,21761.46570460042,14499412112640.0,8192000.0,3973120.0,5287680.0,0.8912329999999999,2,3.0,163.4,0.43033180847337554,0.21516590423668777,TP,32680741621760.0,67382972416000.0,-3.907632657126853,-1.5363459008089237,30.305129220577285,15.918668626261425,15.922744840890394,-0.8431987202489786,15.19506223821677,31.84141346715182,31.117807079107166,15.110066982360514
447,NVIDIA GeForce RTX 2080 Ti,Bert,"CustomBERT(L=4,d=320,h=5,ff=1280)",TP,4,128,16,66,1,4,320,5,1280,SST2,True,False,1.0,0.07037650000000001,693.3969999999999,7217752.0,10307.083365744966,12434693437440.0,8192000.0,1351680.0,5168640.0,0.7392585,4,3.0,163.4,0.23565143777662728,0.05891285944415682,TP,9756091023360.0,59127824384000.0,-2.6538958783622193,-2.831695885428485,30.151511539678573,15.918668626261425,15.792054105046528,-1.4454015243085943,14.11685882117987,31.710722731307953,29.908912926226396,16.0346527184987
448,NVIDIA GeForce RTX 2080 Ti,Bert,"CustomBERT(L=4,d=320,h=5,ff=1280)",TP,4,128,32,66,1,4,320,5,1280,SST2,True,False,1.0,0.039168,370.3065,8225460.5,22212.99648828329,14499412112640.0,8192000.0,3973120.0,5287680.0,0.8921330000000001,2,3.0,163.4,0.44125609461351606,0.11031402365337901,TP,32680741621760.0,67382972416000.0,-3.239895192092276,-2.204424219794631,30.305129220577285,15.918668626261425,15.922744840890394,-0.8181298586747403,15.19506223821677,31.84141346715182,31.117807079107166,15.110066982360514
449,NVIDIA GeForce RTX 2080 Ti,Bert,"CustomBERT(L=4,d=384,h=6,ff=1536)",Baseline,1,128,32,66,1,4,384,6,1536,SST2,True,False,1.0,0.0048850000000000005,161.089,8232433.5,51112.46707328249,20650882719744.0,11796480.0,4767744.0,7524864.0,0.8876735,6,3.0,161.089,1.0,1.0,Baseline,39250135425024.0,97113737134080.0,-5.321585993487391,0.0,30.65877918114081,16.283311739849335,15.923592215459369,0.0,15.377383795010726,32.206903955308704,31.300976010470094,15.281395386130086
450,NVIDIA GeForce RTX 2080 Ti,Bert,"CustomBERT(L=4,d=512,h=8,ff=2048)",Baseline,1,128,32,66,1,4,512,8,2048,SST2,True,False,1.0,0.0067735,161.583,8231889.5,50950.50103156159,36151658643456.0,20971520.0,6356992.0,13178880.0,0.8886195,6,3.0,161.583,1.0,1.0,Baseline,52330055696384.0,172635235287040.0,-4.994737338943483,0.0,31.21874394573404,16.8586758847529,15.923526133179497,0.0,15.665065867462507,32.78220201793239,31.588592000642002,15.553678078271533
451,NVIDIA GeForce RTX 2080 Ti,Bert,"CustomBERT(L=4,d=640,h=10,ff=2560)",Baseline,1,128,32,66,1,4,640,10,2560,SST2,True,False,1.0,0.0076845,162.4835,8232593.5,50700.011803584275,55983910871040.0,32768000.0,7946240.0,20405760.0,0.8990805,4,3.0,162.4835,1.0,1.0,Baseline,65418163773440.0,269765623808000.0,-4.868549965916907,0.0,31.65608545950917,17.304962987381316,15.923611650593001,0.0,15.888209418776716,33.22857463797432,31.811821069369717,15.767876040732453
452,NVIDIA GeForce RTX 2080 Ti,Bert,"CustomBERT(L=4,d=768,h=12,ff=3072)",Baseline,1,128,32,66,1,4,768,12,3072,SST2,True,False,1.0,0.009144,175.993,8231216.0,46770.13290301319,79398060392448.0,47185920.0,6488064.0,28919808.0,0.824614,5,3.0,175.993,1.0,1.0,Baseline,53404656205824.0,388397499678720.0,-4.694657352489627,0.0,32.00549505557656,17.669606100969226,15.923444313865348,0.0,15.685474739093713,33.59305041483457,31.608919052959063,16.320020316482847
453,NVIDIA GeForce RTX 2080 Ti,Bert,"CustomBERT(L=6,d=384,h=6,ff=1536)",Baseline,1,128,32,66,1,6,384,6,1536,SST2,True,False,1.0,0.006658,217.83999999999997,8232176.0,37790.01101726038,30424595079168.0,17694720.0,4866048.0,11073024.0,0.787716,1,3.0,217.83999999999997,1.0,1.0,Baseline,40058163560448.0,145666049310720.0,-5.011936139829304,0.0,31.046272445894118,16.6887768479575,15.923560936248037,0.0,15.397792666641934,32.612337784205536,31.32135360288997,15.648479779252185
454,NVIDIA GeForce RTX 2080 Ti,Bert,"CustomBERT(L=6,d=384,h=6,ff=1536)",FSDP,2,128,32,66,1,6,384,6,1536,SST2,True,False,1.0,0.0117395,184.5995,6192790.0,33220.17017864232,23156585856000.0,17694720.0,7151616.0,11287296.0,1.2214435,2,3.0,217.83999999999997,1.1800682017015212,0.5900341008507606,FSDP,44288456048640.0,109579685068800.0,-4.444796054926962,-0.5275749457004784,30.773300342222562,16.6887768479575,15.638896270092884,0.1655722348594669,15.782848903118891,32.327673118050384,31.421745173211775,14.990451439103671
455,NVIDIA GeForce RTX 2080 Ti,Bert,"CustomBERT(L=6,d=384,h=6,ff=1536)",FSDP,4,128,16,64,1,6,384,6,1536,SST2,True,False,1.0,0.006693,62.099,631766.0,10173.529364402004,7266299609088.0,17694720.0,4718592.0,11501568.0,1.0,1,1.0,217.83999999999997,3.5079469878742007,0.8769867469685502,FSDP,2981045993472.0,11178922475520.0,-5.006693074863632,-0.13126339850458263,29.614268283268856,16.6887768479575,13.35627435140381,1.255030962615308,15.367021007975179,30.04505119936131,28.72329535937899,14.247247275293676
456,NVIDIA GeForce RTX 2080 Ti,Bert,"CustomBERT(L=6,d=384,h=6,ff=1536)",FSDP,4,128,16,66,1,6,384,6,1536,SST2,True,False,1.0,0.01618,152.4045,4238298.0,24769.530397573188,16942535354880.0,17694720.0,3575808.0,11287296.0,1.8791625,2,2.5,217.83999999999997,1.4293541201211248,0.3573385300302812,FSDP,15155339894784.0,74995496386560.0,-4.123979367351791,-1.0290716831300577,30.460848460711475,16.6887768479575,15.259672331525195,0.3572226779898328,15.089701722558946,31.948449179482694,30.34937405408414,15.371146738152527
458,NVIDIA GeForce RTX 2080 Ti,Bert,"CustomBERT(L=6,d=384,h=6,ff=1536)",FSDP,4,128,32,66,1,6,384,6,1536,SST2,True,False,1.0,0.009527500000000001,85.26050000000001,4841449.0,49663.0118874175,19356479428608.0,17694720.0,7151616.0,11287296.0,1.9021615,2,2.5,217.83999999999997,2.5549932266407063,0.6387483066601766,FSDP,34624184131584.0,85668084449280.0,-4.653572925216259,-0.4482447884889868,30.594048333544812,16.6887768479575,15.392724614052804,0.9380495726309037,15.782848903118891,32.0815014620103,31.175573517171696,14.811199430425923
459,NVIDIA GeForce RTX 2080 Ti,Bert,"CustomBERT(L=6,d=384,h=6,ff=1536)",TP,2,128,32,66,1,6,384,6,1536,SST2,True,False,1.0,0.031074,579.6225,8231683.0,14202.920291641334,30983344376832.0,17694720.0,7151616.0,11287296.0,0.890543,2,3.0,217.83999999999997,0.3758308209222382,0.1879154104611191,TP,58869835849728.0,145657325813760.0,-3.4713838223123274,-1.671763361763273,31.06447089786135,16.6887768479575,15.923501047494113,-0.9786161812033276,15.782848903118891,32.61227789545161,31.706349950613003,15.28162199474246
460,NVIDIA GeForce RTX 2080 Ti,Bert,"CustomBERT(L=6,d=384,h=6,ff=1536)",TP,4,128,16,66,1,6,384,6,1536,SST2,True,False,1.0,0.105536,1040.484,7229954.0,6948.670943193138,27202983459840.0,17694720.0,3575808.0,11287296.0,0.874636,2,3.0,217.83999999999997,0.20936410362869587,0.05234102590717397,TP,25852927352832.0,127932011642880.0,-2.248703152045003,-2.949974781247356,30.934347769238958,16.6887768479575,15.79374323173573,-1.563680420127465,15.089701722558946,32.48252007969323,30.883444954294674,15.84464604668001
461,NVIDIA GeForce RTX 2080 Ti,Bert,"CustomBERT(L=6,d=384,h=6,ff=1536)",TP,4,128,32,66,1,6,384,6,1536,SST2,True,False,1.0,0.0565715,525.0495,8231683.0,15677.954590532006,30983344376832.0,17694720.0,7151616.0,11287296.0,0.898919,2,3.0,217.83999999999997,0.4148942147359439,0.10372355368398598,TP,58869835849728.0,145657325813760.0,-2.872249954157504,-2.2660260566156776,31.06447089786135,16.6887768479575,15.923501047494113,-0.8797316954957868,15.782848903118891,32.61227789545161,31.706349950613003,15.28162199474246
462,NVIDIA GeForce RTX 2080 Ti,Bert,"CustomBERT(L=6,d=448,h=7,ff=1792)",Baseline,1,128,32,66,1,6,448,7,1792,SST2,True,False,1.0,0.008042,219.84300000000002,8223024.0,37404.0747260545,41069240561664.0,24084480.0,5677056.0,14982912.0,0.792356,1,3.0,219.84300000000002,1.0,1.0,Baseline,46682567737344.0,198047257067520.0,-4.823077470507054,0.0,31.34628055241034,16.997078207612017,15.922448582591604,0.0,15.551943346469193,32.91952679020362,31.474391929060797,15.79433720594115
463,NVIDIA GeForce RTX 2080 Ti,Bert,"CustomBERT(L=6,d=448,h=7,ff=1792)",FSDP,2,128,32,66,1,6,448,7,1792,SST2,True,False,1.0,0.012749499999999999,192.09050000000002,6192790.0,32197.035474596258,31277671294464.0,24084480.0,8343552.0,15232896.0,1.2344374999999999,2,3.0,219.84300000000002,1.1444761713879656,0.5722380856939828,FSDP,51669865390080.0,149150126899200.0,-4.362263223832931,-0.5582001404728292,31.073925581726407,16.997078207612017,15.638896270092884,0.13494704008711614,15.936999582946148,32.6359744777049,31.575895853039032,15.136925998780256
464,NVIDIA GeForce RTX 2080 Ti,Bert,"CustomBERT(L=6,d=448,h=7,ff=1792)",FSDP,4,128,16,64,1,6,448,7,1792,SST2,True,False,1.0,0.007729,68.661,631766.0,9201.235053378192,9781557166080.0,24084480.0,5505024.0,15482880.0,1.0,1,1.0,219.84300000000002,3.2018613186525102,0.8004653296631276,FSDP,3477886992384.0,15215755591680.0,-4.862775790857403,-0.22256205833511788,29.911519806736788,16.997078207612017,13.35627435140381,1.1637323027847728,15.521171687802438,30.353352559015825,28.877446039206248,14.390348118934348
465,NVIDIA GeForce RTX 2080 Ti,Bert,"CustomBERT(L=6,d=448,h=7,ff=1792)",FSDP,4,128,16,66,1,6,448,7,1792,SST2,True,False,1.0,0.0188435,167.57299999999998,4238298.0,22863.51115212917,22899847590144.0,24084480.0,4171776.0,15232896.0,1.9019705,2,2.5,219.84300000000002,1.3119237586007295,0.3279809396501824,FSDP,17681229877248.0,102077203415040.0,-3.971587252141027,-1.1147997831091072,30.762151371014365,16.997078207612017,15.259672331525195,0.2714945780107833,15.243852402386203,32.25675053913721,30.503524733911398,15.518298968628162
467,NVIDIA GeForce RTX 2080 Ti,Bert,"CustomBERT(L=6,d=448,h=7,ff=1792)",FSDP,4,128,32,66,1,6,448,7,1792,SST2,True,False,1.0,0.0105075,89.768,4841449.0,47827.93385442523,26162619227136.0,24084480.0,8343552.0,15232896.0,1.897324,2,2.5,219.84300000000002,2.4490130113180646,0.6122532528295161,FSDP,40394881486848.0,116603781611520.0,-4.555665991085002,-0.49060927025337125,30.895352760867002,16.997078207612017,15.392724614052804,0.8956850908665193,15.936999582946148,32.38980282166482,31.329724196998953,14.958353177920856
468,NVIDIA GeForce RTX 2080 Ti,Bert,"CustomBERT(L=6,d=448,h=7,ff=1792)",TP,2,128,32,66,1,6,448,7,1792,SST2,True,False,1.0,0.027834,505.16949999999997,8227212.0,16286.581457047054,41766477919488.0,24084480.0,8343552.0,15232896.0,0.8955605,2,3.0,219.84300000000002,0.4351866056838349,0.21759330284191744,TP,68644171137024.0,198148122869760.0,-3.5814969839844752,-1.5251275418548769,31.363115170065768,16.997078207612017,15.922957754629072,-0.8319803612949316,15.936999582946148,32.92003596224109,31.85995733757522,15.42611558711962
469,NVIDIA GeForce RTX 2080 Ti,Bert,"CustomBERT(L=6,d=448,h=7,ff=1792)",TP,4,128,16,66,1,6,448,7,1792,SST2,True,False,1.0,0.107429,1033.6275,7223552.5,6988.813359578628,36679984040448.0,24084480.0,4171776.0,15232896.0,0.874411,2,3.0,219.84300000000002,0.21269074207100722,0.053172685517751804,TP,30135042954240.0,173975505715200.0,-2.230925114733866,-2.934210444602361,31.233252328214427,16.997078207612017,15.792857425870062,-1.5479160834824703,15.243852402386203,32.78993563348208,31.036709828256267,15.989399925828224
470,NVIDIA GeForce RTX 2080 Ti,Bert,"CustomBERT(L=6,d=448,h=7,ff=1792)",TP,4,128,32,66,1,6,448,7,1792,SST2,True,False,1.0,0.058055999999999996,532.433,8227212.0,15452.295057816187,41766477919488.0,24084480.0,8343552.0,15232896.0,0.9006385,2,3.0,219.84300000000002,0.41290265629666084,0.10322566407416521,TP,68644171137024.0,198148122869760.0,-2.846347217006301,-2.270837773961941,31.363115170065768,16.997078207612017,15.922957754629072,-0.8845434128420505,15.936999582946148,32.92003596224109,31.85995733757522,15.42611558711962
471,NVIDIA GeForce RTX 2080 Ti,Bert,"CustomBERT(L=8,d=512,h=8,ff=2048)",Baseline,1,128,32,66,1,8,512,8,2048,SST2,True,False,1.0,0.011583,285.68,8236001.5,28836.026307434964,72334905114624.0,41943040.0,12713984.0,26357760.0,0.885478,2,3.0,285.68,1.0,1.0,Baseline,104712391294976.0,345442940354560.0,-4.4582167730319275,0.0,31.912327910260075,17.551823065312842,15.924025529257046,0.0,16.358213048022453,33.47584859456989,32.2822385772795,15.55411486223762
472,NVIDIA GeForce RTX 2080 Ti,Bert,"CustomBERT(L=8,d=512,h=8,ff=2048)",FSDP,2,128,32,66,1,8,512,8,2048,SST2,True,False,1.0,0.017342999999999997,245.757,6192790.0,25766.66633510116,54155163058176.0,41943040.0,12713984.0,26357760.0,1.248559,2,3.0,285.68,1.1624490858856513,0.5812245429428257,FSDP,78735032975360.0,259744438681600.0,-4.054566312213688,-0.5426181201273031,31.622874432165016,17.551823065312842,15.638896270092884,0.1505290604326421,16.358213048022453,33.190719335405724,31.997109318115335,15.264661384142563
473,NVIDIA GeForce RTX 2080 Ti,Bert,"CustomBERT(L=8,d=512,h=8,ff=2048)",FSDP,4,128,16,64,1,8,512,8,2048,SST2,True,False,1.0,0.010874,96.047,631766.0,6577.675513030079,16892593963008.0,41943040.0,8388608.0,26738688.0,1.0,1,1.0,285.68,2.974377127864483,0.7435942819661208,FSDP,5299637321728.0,26498186608640.0,-4.521380660258408,-0.296259712828049,30.457896414767095,17.551823065312842,13.35627435140381,1.0900346482918415,15.942385152878742,30.908097416716654,29.29865950428255,14.515511261888355
474,NVIDIA GeForce RTX 2080 Ti,Bert,"CustomBERT(L=8,d=512,h=8,ff=2048)",FSDP,4,128,16,66,1,8,512,8,2048,SST2,True,False,1.0,0.019959499999999998,175.228,4813652.0,27328.56194647579,62538028105728.0,41943040.0,4325376.0,25976832.0,2.81112,2,2.0,285.68,1.6303330517953751,0.4075832629488438,FSDP,20820854833152.0,201899198382080.0,-3.9140500585127787,-0.8975100409181545,31.766795937332088,17.551823065312842,15.386966605555541,0.4887843202017361,15.28000963098555,32.93878967086838,30.66697623654109,16.486786306346538
476,NVIDIA GeForce RTX 2080 Ti,Bert,"CustomBERT(L=8,d=512,h=8,ff=2048)",FSDP,4,128,32,66,1,8,512,8,2048,SST2,True,False,1.0,0.0144525,115.58800000000001,4841449.0,38301.49223484435,45322177708032.0,41943040.0,12713984.0,26357760.0,1.935895,2,2.5,285.68,2.4715368377340208,0.6178842094335052,FSDP,61554105122816.0,203065089064960.0,-4.236887869007643,-0.48145420245536164,31.444817602743964,17.551823065312842,15.392724614052804,0.9048401586645289,16.358213048022453,32.94454767936565,31.750937662075255,15.08660455472151
477,NVIDIA GeForce RTX 2080 Ti,Bert,"CustomBERT(L=8,d=512,h=8,ff=2048)",TP,2,128,32,66,1,8,512,8,2048,SST2,True,False,1.0,0.037873500000000004,678.5165,8237377.0,12142.55497222877,72346633654272.0,41943040.0,12713984.0,26357760.0,0.8989575000000001,2,3.0,285.68,0.4210361870345084,0.2105180935172542,TP,104729879379968.0,345500633006080.0,-3.2735036198972574,-1.5581836746022897,31.91249003930257,17.551823065312842,15.924192525966701,-0.8650364940423444,16.358213048022453,33.47601559127954,32.28240557398915,15.554276991280116
478,NVIDIA GeForce RTX 2080 Ti,Bert,"CustomBERT(L=8,d=512,h=8,ff=2048)",TP,4,128,16,66,1,8,512,8,2048,SST2,True,False,1.0,0.045097,434.927,2408199.0,5537.018856037909,62557380845568.0,41943040.0,4325376.0,25976832.0,0.752575,3,1.0,285.68,0.6568458614893994,0.16421146537234985,TP,10416366157824.0,101007186984960.0,-3.0989395535329876,-1.8066002587477317,31.767105345009902,17.551823065312842,14.694389723192266,-0.42030589762784115,15.28000963098555,32.246212788505105,29.974399354177816,16.487095714024353
479,NVIDIA GeForce RTX 2080 Ti,Bert,"CustomBERT(L=8,d=512,h=8,ff=2048)",TP,4,128,32,66,1,8,512,8,2048,SST2,True,False,1.0,0.07331499999999999,661.513,8237377.0,12452.324824171317,72346633654272.0,41943040.0,12713984.0,26357760.0,0.902532,2,3.0,285.68,0.4318584819950628,0.1079646204987657,TP,104729879379968.0,345500633006080.0,-2.6129900525530947,-2.2259516935009707,31.91249003930257,17.551823065312842,15.924192525966701,-0.8396573323810799,16.358213048022453,33.47601559127954,32.28240557398915,15.554276991280116
480,NVIDIA GeForce RTX 2080 Ti,Bert,"CustomBERT(L=8,d=640,h=10,ff=2560)",Baseline,1,128,32,66,1,8,640,10,2560,SST2,True,False,1.0,0.013992000000000001,285.32,8231952.0,28851.647273237068,110677001011200.0,65536000.0,10813440.0,40335360.0,0.782459,1,3.0,285.32,1.0,1.0,Baseline,89015719034880.0,539489206272000.0,-4.269269541265836,0.0,32.33763717444837,17.998110167941263,15.923533725575233,0.0,16.196300362859706,33.921643893516496,32.119834088434935,16.14133681158866
481,NVIDIA GeForce RTX 2080 Ti,Bert,"CustomBERT(L=8,d=640,h=10,ff=2560)",FSDP,2,128,32,66,1,8,640,10,2560,SST2,True,False,1.0,0.022432,298.943,6192790.0,21354.499944202333,83928827965440.0,65536000.0,15892480.0,40811520.0,1.2559585,2,3.0,285.32,0.9544294397259678,0.4772147198629839,FSDP,98418791219200.0,405850685440000.0,-3.7972667681299574,-0.7397887429160419,32.06099026949637,17.998110167941263,15.638896270092884,-0.046641562356096664,16.58135659933666,33.63700643803415,32.220252869429544,15.479633670159712
482,NVIDIA GeForce RTX 2080 Ti,Bert,"CustomBERT(L=8,d=640,h=10,ff=2560)",FSDP,4,128,16,64,1,8,640,10,2560,SST2,True,False,1.0,0.014529,125.697,631766.0,5026.102452723613,26084152442880.0,65536000.0,10485760.0,41287680.0,1.0,1,1.0,285.32,2.269903020756263,0.5674757551890658,FSDP,6624546652160.0,41403416576000.0,-4.231608626892935,-0.5665572526730004,30.892349059748515,17.998110167941263,13.35627435140381,0.8197371084468902,16.16552870419295,31.35438451934507,29.521803055596763,14.726820355555562
483,NVIDIA GeForce RTX 2080 Ti,Bert,"CustomBERT(L=8,d=640,h=10,ff=2560)",FSDP,4,128,16,66,1,8,640,10,2560,SST2,True,False,1.0,0.012091,100.368,2407454.0,23986.27052446995,97105523773440.0,65536000.0,5406720.0,40335360.0,2.891483,1,1.0,285.32,2.8427387215048623,0.7106846803762156,FSDP,13016429690880.0,157774905344000.0,-4.415293904790027,-0.34152643506444064,32.20681937707886,17.998110167941263,14.694080315514451,1.0447679260554499,15.50315318229976,32.69219048345571,30.197233497814214,16.703666194779096
484,NVIDIA GeForce RTX 2080 Ti,Bert,"CustomBERT(L=8,d=640,h=10,ff=2560)",FSDP,4,128,32,64,1,8,640,10,2560,SST2,True,False,1.0,0.008191,62.115,718150.0,11561.619576591806,29650747392000.0,65536000.0,20971520.0,41287680.0,1.0,1,1.0,285.32,4.593415439104886,1.1483538597762215,FSDP,15060697088000.0,47064678400000.0,-4.804719288448672,0.13832949062430647,31.02050844820467,17.998110167941263,13.484433739859968,1.524623851744197,16.8586758847529,31.48254390780123,30.343109624612865,14.161832563451775
485,NVIDIA GeForce RTX 2080 Ti,Bert,"CustomBERT(L=8,d=640,h=10,ff=2560)",FSDP,4,128,32,66,1,8,640,10,2560,SST2,True,False,1.0,0.0193685,146.3975,4841449.0,30297.22873716944,70291045539840.0,65536000.0,15892480.0,40811520.0,1.967999,2,2.5,285.32,1.9489403849109443,0.4872350962277361,FSDP,76942631403520.0,317289201664000.0,-3.944107243900997,-0.7190085285887271,31.88366553166557,17.998110167941263,15.392724614052804,0.6672858325311635,16.58135659933666,33.390834781994066,31.974081213389468,15.30230893232891
486,NVIDIA GeForce RTX 2080 Ti,Bert,"CustomBERT(L=8,d=640,h=10,ff=2560)",TP,2,128,32,66,1,8,640,10,2560,SST2,True,False,1.0,0.0400095,684.3055,8231350.5,12028.770073531163,111954853923840.0,65536000.0,15892480.0,40811520.0,0.893362,2,3.0,285.32,0.4169482782178427,0.20847413910892135,TP,130816573194240.0,539449786368000.0,-3.218638353066861,-1.5679402784867529,32.34911681599533,17.998110167941263,15.923460653966389,-0.8747930979268075,16.58135659933666,33.92157082190765,32.50481725330305,15.767760216658667
487,NVIDIA GeForce RTX 2080 Ti,Bert,"CustomBERT(L=8,d=640,h=10,ff=2560)",TP,4,128,16,66,1,8,640,10,2560,SST2,True,False,1.0,0.045869499999999994,440.047,2404457.5,5466.974445252159,98131298810880.0,65536000.0,7946240.0,40811520.0,0.8752725,2,1.0,285.32,0.6483852861171647,0.16209632152929118,TP,19106396364800.0,157578526720000.0,-3.0819548708030786,-1.8195645430995224,32.217327481674154,17.998110167941263,14.692834864351298,-0.43327018197963196,15.888209418776716,32.69094503229256,30.581044283128016,16.32911806289744
488,NVIDIA GeForce RTX 2080 Ti,Bert,"CustomBERT(L=8,d=640,h=10,ff=2560)",TP,4,128,32,66,1,8,640,10,2560,SST2,True,False,1.0,0.0783925,672.347,8231350.5,12242.821653328298,111954853923840.0,65536000.0,15892480.0,40811520.0,0.8969484999999999,2,3.0,285.32,0.42436420479306075,0.10609105119826519,TP,130816573194240.0,539449786368000.0,-2.546027019467103,-2.2434575800082017,32.34911681599533,17.998110167941263,15.923460653966389,-0.857163218888311,16.58135659933666,33.92157082190765,32.50481725330305,15.767760216658667
489,NVIDIA GeForce RTX 2080 Ti,gpt,"CustomGPT(L=10,d=640,h=10,ff=2560)",Baseline,1,32,8,32,8,10,640,10,2560,WIKITEXT,True,False,1.0,0.004,90.475,1356096.0,14988.62669245648,22496005324800.0,81920000.0,1638400.0,49766400.0,1.907822,1,3.0,90.475,1.0,1.0,Baseline,2221827686400.0,111091384320000.0,-5.521460917862246,0.0,30.744358868256633,18.221253719255472,14.120120541436703,0.0,14.309230713827326,32.34137426069218,28.429351255264027,16.435128154429307
490,NVIDIA GeForce RTX 2080 Ti,gpt,"CustomGPT(L=10,d=640,h=10,ff=2560)",Baseline,1,64,8,64,8,10,640,10,2560,WIKITEXT,True,False,1.0,0.004939,94.848,1970304.0,20773.27935222672,33088497254400.0,81920000.0,3276800.0,50380800.0,1.434323,1,3.0,94.848,1.0,1.0,Baseline,6456292147200.0,161407303680000.0,-5.310592397423649,0.0,31.130206822941435,18.221253719255472,14.493698403529692,0.0,15.002377894387271,32.714952122785164,29.49607629791696,16.127828928554163
491,NVIDIA GeForce RTX 2080 Ti,gpt,"CustomGPT(L=10,d=640,h=10,ff=2560)",Baseline,1,96,8,96,8,10,640,10,2560,WIKITEXT,True,False,1.0,0.0063219999999999995,111.844,2584512.0,23108.186402489184,43932568780800.0,81920000.0,4915200.0,50995200.0,1.285295,1,3.0,111.844,1.0,1.0,Baseline,12703393382400.0,211723223040000.0,-5.063719665188711,0.0,31.413677046615962,18.221253719255472,14.765047266671875,0.0,15.407843002495435,32.98630098592734,30.172890269167308,16.005834044120526
492,NVIDIA GeForce RTX 2080 Ti,gpt,"CustomGPT(L=10,d=640,h=10,ff=2560)",Baseline,1,128,8,128,8,10,640,10,2560,WIKITEXT,True,False,1.0,0.007481,125.202,3198720.0,25548.473666554848,55028219904000.0,81920000.0,6553600.0,51609600.0,1.21951,1,3.0,125.202,1.0,1.0,Baseline,20963131392000.0,262039142400000.0,-4.895388806091869,0.0,31.638867258739417,18.221253719255472,14.978261287748614,0.0,15.695525074947216,33.19951500700409,30.673786362695832,15.943342183792202
493,NVIDIA GeForce RTX 2080 Ti,gpt,"CustomGPT(L=10,d=640,h=10,ff=2560)",FSDP,2,32,8,32,8,10,640,10,2560,WIKITEXT,True,False,1.0,0.015786,226.784,1970496.0,8688.866939466629,32688164044800.0,81920000.0,1638400.0,49766400.0,2.855627,1,3.0,90.475,0.3989478975589107,0.19947394877945535,FSDP,3228460646400.0,161423032320000.0,-4.148631807695926,-1.6120716337379846,31.118034172493424,18.221253719255472,14.493795845673496,-0.9189244531780394,14.309230713827326,32.71504956492897,28.80302655950082,16.808803458666098
494,NVIDIA GeForce RTX 2080 Ti,gpt,"CustomGPT(L=10,d=640,h=10,ff=2560)",FSDP,2,64,8,64,8,10,640,10,2560,WIKITEXT,True,False,1.0,0.018292,243.30700000000002,3199104.0,13148.425651543112,53724472934400.0,81920000.0,3276800.0,50380800.0,2.273891,1,3.0,94.848,0.38982848828845856,0.19491424414422928,FSDP,10482823987200.0,262070599680000.0,-4.0012914731863285,-1.6351955907665054,31.614889747974377,18.221253719255472,14.978381328562635,-0.9420484102065603,15.002377894387271,33.199635047818106,29.980759222949906,16.612511853587108
495,NVIDIA GeForce RTX 2080 Ti,gpt,"CustomGPT(L=10,d=640,h=10,ff=2560)",FSDP,2,96,8,96,8,10,640,10,2560,WIKITEXT,True,False,1.0,0.020485,254.27300000000002,4427712.0,17413.221222858894,75264019660800.0,81920000.0,4915200.0,50995200.0,2.136644,1,3.0,111.844,0.4398579479535774,0.2199289739767887,FSDP,21763090022400.0,362718167040000.0,-3.8880623679833026,-1.514450630315674,31.95202330998911,18.221253719255472,15.303393530045023,-0.8213034497557288,15.407843002495435,33.52464724930049,30.711236532540457,16.544180307493676
496,NVIDIA GeForce RTX 2080 Ti,gpt,"CustomGPT(L=10,d=640,h=10,ff=2560)",FSDP,2,128,8,128,8,10,640,10,2560,WIKITEXT,True,False,1.0,0.022116499999999997,254.451,5656320.0,22229.506043534937,97306804224000.0,81920000.0,6553600.0,51609600.0,2.0980404999999998,2,3.0,125.202,0.49204758480021693,0.24602379240010847,FSDP,37069258752000.0,463365734400000.0,-3.811431342695451,-1.4023270306529572,32.2088900330352,18.221253719255472,15.548284062044402,-0.7091798500930119,15.695525074947216,33.769537781299874,31.24380913699162,16.51336495808799
497,NVIDIA GeForce RTX 2080 Ti,gpt,"CustomGPT(L=10,d=640,h=10,ff=2560)",FSDP,4,32,8,32,8,10,640,10,2560,WIKITEXT,True,False,1.0,0.033962,255.505,3199488.0,12522.212872546526,53075666534400.0,81920000.0,1638400.0,49766400.0,4.705946,1,3.0,90.475,0.3541026594391499,0.08852566485978748,FSDP,5242041139200.0,262102056960000.0,-3.3825130264580276,-2.4244627705939883,31.602739681788517,18.221253719255472,14.97850135496859,-1.0381684094740975,14.309230713827326,33.19975507422406,29.287732068795915,17.29350896796119
498,NVIDIA GeForce RTX 2080 Ti,gpt,"CustomGPT(L=10,d=640,h=10,ff=2560)",FSDP,4,64,8,64,8,10,640,10,2560,WIKITEXT,True,False,1.0,0.038457,261.772,5657088.0,21610.74522867228,95002873036800.0,81920000.0,3276800.0,50380800.0,4.210806,1,3.0,94.848,0.3623305777546873,0.09058264443867182,FSDP,18537145958400.0,463428648960000.0,-3.2582145449840296,-2.401492646770706,32.18492824956442,18.221253719255472,15.548419830152682,-1.0151982856508155,15.002377894387271,33.769673549408154,30.550797724539954,17.182550355177153
499,NVIDIA GeForce RTX 2080 Ti,gpt,"CustomGPT(L=10,d=640,h=10,ff=2560)",FSDP,4,96,8,96,8,10,640,10,2560,WIKITEXT,True,False,1.0,0.042599,273.923,7911936.0,28883.795811231623,134490252902400.0,81920000.0,4915200.0,50995200.0,4.070966,1,3.0,111.844,0.40830452353398583,0.10207613088349646,FSDP,38888747827200.0,648145797120000.0,-3.1559245001607388,-2.2820363628910503,32.53251284321729,18.221253719255472,15.883883063273203,-0.8957420017711599,15.407843002495435,34.105136782528675,31.291726065768636,17.124669840721854
500,NVIDIA GeForce RTX 2080 Ti,gpt,"CustomGPT(L=10,d=640,h=10,ff=2560)",FSDP,4,128,8,128,8,10,640,10,2560,WIKITEXT,True,False,1.0,0.033742,213.095,7905792.0,37099.94642890339,136004920934400.0,81920000.0,6553600.0,51609600.0,3.9207745000000003,2,3.0,125.202,0.5875407682019756,0.1468851920504939,FSDP,51811398451200.0,647642480640000.0,-3.3890119267983536,-1.9181040038070607,32.54371218435117,18.221253719255472,15.88310621336037,-0.5318096426871701,15.695525074947216,34.10435993261584,31.578631288307587,16.84818710940396
501,NVIDIA GeForce RTX 2080 Ti,gpt,"CustomGPT(L=10,d=640,h=10,ff=2560)",FSDP,4,128,16,128,8,10,640,10,2560,WIKITEXT,True,False,1.0,0.022235,128.081,7893504.0,61629.000398185526,135793528012800.0,81920000.0,13107200.0,51609600.0,3.811382,1,3.0,125.202,0.9775220368360648,0.2443805092090162,FSDP,103461735628800.0,646635847680000.0,-3.806087655019477,-1.409028804418805,32.54215667169065,18.221253719255472,15.881550700699847,-0.02273444329891451,16.38867225550716,34.10280441995532,32.27022295620701,16.15348441618349
502,NVIDIA GeForce RTX 2080 Ti,gpt,"CustomGPT(L=10,d=768,h=12,ff=3072)",Baseline,1,32,8,32,8,10,768,12,3072,WIKITEXT,True,False,1.0,0.004491,90.779,1356096.0,14938.432897476288,32327592837120.0,117964800.0,1966080.0,71516160.0,1.902316,1,3.0,90.779,1.0,1.0,Baseline,2666193223680.0,159971593420800.0,-5.405679884876536,0.0,31.10694224888153,18.585896832843382,14.120120541436703,0.0,14.49155227062128,32.70601737428009,28.611672812057982,16.61538997826025
503,NVIDIA GeForce RTX 2080 Ti,gpt,"CustomGPT(L=10,d=768,h=12,ff=3072)",Baseline,1,64,8,64,8,10,768,12,3072,WIKITEXT,True,False,1.0,0.005823,104.41499999999999,1970304.0,18869.93248096538,47453747281920.0,117964800.0,3932160.0,72253440.0,1.435252,1,3.0,104.41499999999999,1.0,1.0,Baseline,7747550576640.0,232426517299200.0,-5.145939686127154,0.0,31.49077661114171,18.585896832843382,14.493698403529692,0.0,15.184699451181226,33.07959523637307,29.678397854710916,16.30607715996048
504,NVIDIA GeForce RTX 2080 Ti,gpt,"CustomGPT(L=10,d=768,h=12,ff=3072)",Baseline,1,96,8,96,8,10,768,12,3072,WIKITEXT,True,False,1.0,0.007312000000000001,122.501,2584512.0,21097.884915225182,62881797242880.0,117964800.0,5898240.0,72990720.0,1.303615,1,3.0,122.501,1.0,1.0,Baseline,15244072058880.0,304881441177600.0,-4.918238444830288,0.0,31.772277845747908,18.585896832843382,14.765047266671875,0.0,15.59016455928939,33.35094409951525,30.355211825961263,16.182113286458517
505,NVIDIA GeForce RTX 2080 Ti,gpt,"CustomGPT(L=10,d=768,h=12,ff=3072)",Baseline,1,128,8,128,8,10,768,12,3072,WIKITEXT,True,False,1.0,0.008601000000000001,139.24,3198720.0,22972.70899166906,78611742720000.0,117964800.0,7864320.0,73728000.0,1.210802,1,3.0,139.24,1.0,1.0,Baseline,25155757670400.0,377336365056000.0,-4.755876803412795,0.0,31.99554220267815,18.585896832843382,14.978261287748614,0.0,15.877846631741171,33.564158120592,30.856107919489784,16.11769557093698
506,NVIDIA GeForce RTX 2080 Ti,gpt,"CustomGPT(L=10,d=768,h=12,ff=3072)",FSDP,2,32,8,32,8,10,768,12,3072,WIKITEXT,True,False,1.0,0.019596000000000002,273.748,1970496.0,7198.211493782604,46974102405120.0,117964800.0,1966080.0,71516160.0,2.931541,1,3.0,90.779,0.33161520814763945,0.16580760407381973,FSDP,3874152775680.0,232449166540800.0,-3.9324298152058086,-1.7969271744024593,31.48061755311832,18.585896832843382,14.493795845673496,-1.103779993842514,14.49155227062128,33.07969267851688,28.985348116294777,16.98906528249704
507,NVIDIA GeForce RTX 2080 Ti,gpt,"CustomGPT(L=10,d=768,h=12,ff=3072)",FSDP,2,64,8,64,8,10,768,12,3072,WIKITEXT,True,False,1.0,0.022114,285.545,3199104.0,11203.502074979424,77048756305920.0,117964800.0,3932160.0,72253440.0,2.390956,1,3.0,104.41499999999999,0.36566915897669366,0.18283457948834683,FSDP,12579388784640.0,377381663539200.0,-3.811544386861927,-1.6991734721604854,31.97545953617465,18.585896832843382,14.978381328562635,-1.00602629160054,15.184699451181226,33.564278161406015,30.16308077974386,16.790760084993426
508,NVIDIA GeForce RTX 2080 Ti,gpt,"CustomGPT(L=10,d=768,h=12,ff=3072)",FSDP,2,96,8,96,8,10,768,12,3072,WIKITEXT,True,False,1.0,0.024529,295.198,4427712.0,14999.126010338825,107727295610880.0,117964800.0,5898240.0,72990720.0,2.213158,1,3.0,122.501,0.414979098774382,0.207489549387191,FSDP,26115708026880.0,522314160537600.0,-3.707899187951191,-1.5726743049787926,32.31062410912106,18.585896832843382,15.303393530045023,-0.8795271244188472,15.59016455928939,33.8892903628884,30.893558089334412,16.720459549831666
509,NVIDIA GeForce RTX 2080 Ti,gpt,"CustomGPT(L=10,d=768,h=12,ff=3072)",FSDP,2,128,8,128,8,10,768,12,3072,WIKITEXT,True,False,1.0,0.026895500000000003,306.331,5656320.0,18465.12992982592,139009720320000.0,117964800.0,7864320.0,73728000.0,2.1215265,2,3.0,139.24,0.45454100303266726,0.22727050151633363,FSDP,44483110502400.0,667246657536000.0,-3.6157962926136014,-1.4816143343003025,32.56556497697394,18.585896832843382,15.548284062044402,-0.7884671537403571,15.877846631741171,34.134180894887784,31.426130693785574,16.687718345232767
510,NVIDIA GeForce RTX 2080 Ti,gpt,"CustomGPT(L=10,d=768,h=12,ff=3072)",FSDP,4,32,8,32,8,10,768,12,3072,WIKITEXT,True,False,1.0,0.043294,320.512,3199488.0,9982.428115015975,76271698575360.0,117964800.0,1966080.0,71516160.0,4.851462,1,3.0,90.779,0.283231205071885,0.07080780126797125,FSDP,6290449367040.0,377426962022400.0,-3.1397412217044733,-2.6477860969519247,31.965323062413415,18.585896832843382,14.97850135496859,-1.2614917358320343,14.49155227062128,33.56439818781197,29.47005362558987,17.473770791792134
511,NVIDIA GeForce RTX 2080 Ti,gpt,"CustomGPT(L=10,d=768,h=12,ff=3072)",FSDP,4,64,8,64,8,10,768,12,3072,WIKITEXT,True,False,1.0,0.048257,327.942,5657088.0,17250.269864793165,136248022794240.0,117964800.0,3932160.0,72253440.0,4.268901,1,3.0,104.41499999999999,0.3183947161388294,0.07959867903470735,FSDP,22244575150080.0,667337254502400.0,-3.0312143839996892,-2.530757781310864,32.545498037764695,18.585896832843382,15.548419830152682,-1.1444634201909731,15.184699451181226,34.13431666299606,30.733119281333906,17.360798586583474
512,NVIDIA GeForce RTX 2080 Ti,gpt,"CustomGPT(L=10,d=768,h=12,ff=3072)",FSDP,4,96,8,96,8,10,768,12,3072,WIKITEXT,True,False,1.0,0.052365999999999996,330.979,7911936.0,23904.64651835917,192499301744640.0,117964800.0,5898240.0,72990720.0,4.132342,1,3.0,122.501,0.3701171373410398,0.09252928433525995,FSDP,46666497392640.0,933329947852800.0,-2.9494977532144566,-2.380230097158761,32.89111364234924,18.585896832843382,15.883883063273203,-0.9939357360388703,15.59016455928939,34.469779896116584,31.47404762256259,17.300949083059848
513,NVIDIA GeForce RTX 2080 Ti,gpt,"CustomGPT(L=10,d=768,h=12,ff=3072)",FSDP,4,128,8,128,8,10,768,12,3072,WIKITEXT,True,False,1.0,0.0413915,257.243,7905792.0,30734.576787741848,194292744192000.0,117964800.0,7864320.0,73728000.0,4.0279865,2,3.0,139.24,0.5412780911433936,0.1353195227858484,FSDP,62173678141440.0,932605172121600.0,-3.184679733240337,-2.000116461636235,32.90038712828991,18.585896832843382,15.88310621336037,-0.6138221005163441,15.877846631741171,34.46900304620375,31.760952845101542,17.022540496548736
514,NVIDIA GeForce RTX 2080 Ti,gpt,"CustomGPT(L=12,d=640,h=10,ff=2560)",Baseline,1,32,8,32,8,12,640,10,2560,WIKITEXT,True,False,1.0,0.004658,105.012,1356096.0,12913.724145811908,26995206389760.0,98304000.0,1966080.0,59719680.0,1.925993,1,3.0,105.012,1.0,1.0,Baseline,2666193223680.0,133309661184000.0,-5.369169107519988,0.0,30.926680425050584,18.403575276049427,14.120120541436703,0.0,14.49155227062128,32.52369581748613,28.611672812057982,16.435128154429307
515,NVIDIA GeForce RTX 2080 Ti,gpt,"CustomGPT(L=12,d=640,h=10,ff=2560)",Baseline,1,64,8,64,8,12,640,10,2560,WIKITEXT,True,False,1.0,0.00567,108.588,1970304.0,18144.767377610788,39706196705280.0,98304000.0,3932160.0,60456960.0,1.433323,1,3.0,108.588,1.0,1.0,Baseline,7747550576640.0,193688764416000.0,-5.172566161242476,0.0,31.312528379735387,18.403575276049427,14.493698403529692,0.0,15.184699451181226,32.897273679579115,29.678397854710916,16.127828928554163
516,NVIDIA GeForce RTX 2080 Ti,gpt,"CustomGPT(L=12,d=640,h=10,ff=2560)",Baseline,1,96,8,96,8,12,640,10,2560,WIKITEXT,True,False,1.0,0.0071649999999999995,126.578,2584512.0,20418.33493972096,52719082536960.0,98304000.0,5898240.0,61194240.0,1.292871,1,3.0,126.578,1.0,1.0,Baseline,15244072058880.0,254067867648000.0,-4.938547217702002,0.0,31.595998603409917,18.403575276049427,14.765047266671875,0.0,15.59016455928939,33.1686225427213,30.355211825961263,16.005834044120526
517,NVIDIA GeForce RTX 2080 Ti,gpt,"CustomGPT(L=12,d=640,h=10,ff=2560)",Baseline,1,128,8,128,8,12,640,10,2560,WIKITEXT,True,False,1.0,0.008466,143.11,3198720.0,22351.47788414506,66033863884800.0,98304000.0,7864320.0,61931520.0,1.205021,1,3.0,143.11,1.0,1.0,Baseline,25155757670400.0,314446970880000.0,-4.771697136883405,0.0,31.82118881553337,18.403575276049427,14.978261287748614,0.0,15.877846631741171,33.38183656379804,30.856107919489784,15.943342183792202
518,NVIDIA GeForce RTX 2080 Ti,gpt,"CustomGPT(L=12,d=640,h=10,ff=2560)",FSDP,2,32,8,32,8,12,640,10,2560,WIKITEXT,True,False,1.0,0.017976,254.35899999999998,1970496.0,7746.908896480959,39225796853760.0,98304000.0,1966080.0,59719680.0,2.895334,1,3.0,105.012,0.4128495551562949,0.20642477757814745,FSDP,3874152775680.0,193707638784000.0,-4.018717744099109,-1.5778192061739693,31.30035572928738,18.403575276049427,14.493795845673496,-0.884672025614024,14.49155227062128,32.89737112172292,28.985348116294777,16.808803458666098
519,NVIDIA GeForce RTX 2080 Ti,gpt,"CustomGPT(L=12,d=640,h=10,ff=2560)",FSDP,2,64,8,64,8,12,640,10,2560,WIKITEXT,True,False,1.0,0.020044,259.43899999999996,3199104.0,12330.85233908549,64469367521280.0,98304000.0,3932160.0,60456960.0,2.386154,1,3.0,108.588,0.418549254352661,0.2092746271763305,FSDP,12579388784640.0,314484719616000.0,-3.909825421884659,-1.5641078839388318,31.797211304768332,18.403575276049427,14.978381328562635,-0.8709607033788866,15.184699451181226,33.381956604612064,30.16308077974386,16.612511853587108
520,NVIDIA GeForce RTX 2080 Ti,gpt,"CustomGPT(L=12,d=640,h=10,ff=2560)",FSDP,2,96,8,96,8,12,640,10,2560,WIKITEXT,True,False,1.0,0.022588,271.28,4427712.0,16321.557062813332,90316823592960.0,98304000.0,5898240.0,61194240.0,2.204101,1,3.0,126.578,0.46659539958714247,0.23329769979357123,FSDP,26115708026880.0,435261800448000.0,-3.7903364871715466,-1.4554399594394,32.13434486678307,18.403575276049427,15.303393530045023,-0.7622927788794547,15.59016455928939,33.70696880609445,30.893558089334412,16.544180307493676
521,NVIDIA GeForce RTX 2080 Ti,gpt,"CustomGPT(L=12,d=640,h=10,ff=2560)",FSDP,2,128,8,128,8,12,640,10,2560,WIKITEXT,True,False,1.0,0.024609,283.793,5656320.0,19931.14699798797,116768165068800.0,98304000.0,7864320.0,61931520.0,2.097718,1,3.0,143.11,0.5042760039888229,0.25213800199441144,FSDP,44483110502400.0,556038881280000.0,-3.7046430492934146,-1.377778714401687,32.39121158982916,18.403575276049427,15.548284062044402,-0.6846315338417419,15.877846631741171,33.951859338093826,31.426130693785574,16.51336495808799
522,NVIDIA GeForce RTX 2080 Ti,gpt,"CustomGPT(L=12,d=640,h=10,ff=2560)",FSDP,4,32,8,32,8,12,640,10,2560,WIKITEXT,True,False,1.0,0.038237,286.589,3199488.0,11164.02932422389,63690799841280.0,98304000.0,1966080.0,59719680.0,4.679189,1,3.0,105.012,0.3664202045437892,0.0916050511359473,FSDP,6290449367040.0,314522468352000.0,-3.2639516457592914,-2.390268865416856,31.785061238582472,18.403575276049427,14.97850135496859,-1.0039745042969652,14.49155227062128,33.382076631018016,29.47005362558987,17.29350896796119
523,NVIDIA GeForce RTX 2080 Ti,gpt,"CustomGPT(L=12,d=640,h=10,ff=2560)",FSDP,4,64,8,64,8,12,640,10,2560,WIKITEXT,True,False,1.0,0.043095999999999995,294.585,5657088.0,19203.584703905497,114003447644160.0,98304000.0,3932160.0,60456960.0,4.199266,1,3.0,108.588,0.36861347319109933,0.09215336829777483,FSDP,22244575150080.0,556114378752000.0,-3.1443250936039044,-2.38430104319819,32.36724980635838,18.403575276049427,15.548419830152682,-0.9980066820782996,15.184699451181226,33.951995106202105,30.733119281333906,17.182550355177153
524,NVIDIA GeForce RTX 2080 Ti,gpt,"CustomGPT(L=12,d=640,h=10,ff=2560)",FSDP,4,96,8,96,8,12,640,10,2560,WIKITEXT,True,False,1.0,0.047115,300.002,7911936.0,26372.94418037213,161388303482880.0,98304000.0,5898240.0,61194240.0,4.028678,1,3.0,126.578,0.4219238538409744,0.1054809634602436,FSDP,46666497392640.0,777774956544000.0,-3.0551638573234174,-2.2492247834826076,32.71483440001124,18.403575276049427,15.883883063273203,-0.8629304223627172,15.59016455928939,34.287458339322626,31.47404762256259,17.124669840721854
525,NVIDIA GeForce RTX 2080 Ti,gpt,"CustomGPT(L=12,d=640,h=10,ff=2560)",FSDP,4,128,8,128,8,12,640,10,2560,WIKITEXT,True,False,1.0,0.038262,233.60699999999997,7905792.0,33842.27356200799,163205905121280.0,98304000.0,7864320.0,61931520.0,3.97114,1,3.0,143.11,0.6126100673353112,0.1531525168338278,FSDP,62173678141440.0,777170976768000.0,-3.2632980424209475,-1.8763210120556382,32.72603374114513,18.403575276049427,15.88310621336037,-0.49002665093574765,15.877846631741171,34.286681489409794,31.760952845101542,16.84818710940396
526,NVIDIA GeForce RTX 2080 Ti,gpt,"CustomGPT(L=12,d=768,h=12,ff=3072)",Baseline,1,32,8,32,8,12,768,12,3072,WIKITEXT,True,False,1.0,0.0051660000000000005,106.045,1356096.0,12787.92965250601,38793111404544.0,141557760.0,2359296.0,85819392.0,1.909609,1,3.0,106.045,1.0,1.0,Baseline,3199431868416.0,191965912104960.0,-5.265656584308488,0.0,31.289263805675485,18.768218389637337,14.120120541436703,0.0,14.673873827415234,32.88833893107404,28.793994368851937,16.61538997826025
527,NVIDIA GeForce RTX 2080 Ti,gpt,"CustomGPT(L=12,d=768,h=12,ff=3072)",Baseline,1,64,8,64,8,12,768,12,3072,WIKITEXT,True,False,1.0,0.006668,120.74600000000001,1970304.0,16317.757938151159,56944496738304.0,141557760.0,4718592.0,86704128.0,1.414004,1,3.0,120.74600000000001,1.0,1.0,Baseline,9297060691968.0,278911820759040.0,-5.0104353140935896,0.0,31.673098167935663,18.768218389637337,14.493698403529692,0.0,15.367021007975179,33.261916793167025,29.86071941150487,16.30607715996048
528,NVIDIA GeForce RTX 2080 Ti,gpt,"CustomGPT(L=12,d=768,h=12,ff=3072)",Baseline,1,96,8,96,8,12,768,12,3072,WIKITEXT,True,False,1.0,0.008398,140.573,2584512.0,18385.550568032268,75458156691456.0,141557760.0,7077888.0,87588864.0,1.291872,1,3.0,140.573,1.0,1.0,Baseline,18292886470656.0,365857729413120.0,-4.7797616967201355,0.0,31.954599402541863,18.768218389637337,14.765047266671875,0.0,15.772486116083344,33.53326565630921,30.537533382755218,16.182113286458517
529,NVIDIA GeForce RTX 2080 Ti,gpt,"CustomGPT(L=12,d=768,h=12,ff=3072)",Baseline,1,128,8,128,8,12,768,12,3072,WIKITEXT,True,False,1.0,0.009772,158.674,3198720.0,20159.06827835688,94334091264000.0,141557760.0,9437184.0,88473600.0,1.205849,1,3.0,158.674,1.0,1.0,Baseline,30186909204480.0,452803638067200.0,-4.628234125586643,0.0,32.1778637594721,18.768218389637337,14.978261287748614,0.0,16.060168188535126,33.74647967738595,31.03842947628374,16.11769557093698
530,NVIDIA GeForce RTX 2080 Ti,gpt,"CustomGPT(L=12,d=768,h=12,ff=3072)",FSDP,2,32,8,32,8,12,768,12,3072,WIKITEXT,True,False,1.0,0.022904,312.644,1970496.0,6302.682923708755,56368922886144.0,141557760.0,2359296.0,85819392.0,2.93664,1,3.0,106.045,0.33918770230677703,0.16959385115338851,FSDP,4648983330816.0,278938999848960.0,-3.7764437111863227,-1.7743488112733754,31.662939109912276,18.768218389637337,14.493795845673496,-1.08120163071343,14.673873827415234,33.26201423531083,29.16766967308873,16.98906528249704
531,NVIDIA GeForce RTX 2080 Ti,gpt,"CustomGPT(L=12,d=768,h=12,ff=3072)",FSDP,2,64,8,64,8,12,768,12,3072,WIKITEXT,True,False,1.0,0.02547,323.688,3199104.0,9883.295024838733,92458507567104.0,141557760.0,4718592.0,86704128.0,2.384359,1,3.0,120.74600000000001,0.3730320555596748,0.1865160277798374,FSDP,15095266541568.0,452857996247040.0,-3.6702539899907713,-1.679238103752613,32.157781092968605,18.768218389637337,14.978381328562635,-0.9860909231926677,15.367021007975179,33.746599718199974,30.345402336537816,16.790760084993426
532,NVIDIA GeForce RTX 2080 Ti,gpt,"CustomGPT(L=12,d=768,h=12,ff=3072)",FSDP,2,96,8,96,8,12,768,12,3072,WIKITEXT,True,False,1.0,0.028228,333.198,4427712.0,13288.53114364432,129272754733056.0,141557760.0,7077888.0,87588864.0,2.219925,1,3.0,140.573,0.4218902874567075,0.21094514372835374,FSDP,31338849632256.0,626776992645120.0,-3.567440885843553,-1.5561571616374121,32.49294566591501,18.768218389637337,15.303393530045023,-0.8630099810774668,15.772486116083344,34.07161191968236,31.075879646128367,16.720459549831666
533,NVIDIA GeForce RTX 2080 Ti,gpt,"CustomGPT(L=12,d=768,h=12,ff=3072)",FSDP,2,128,8,128,8,12,768,12,3072,WIKITEXT,True,False,1.0,0.030561,344.674,5656320.0,16411.87730683489,166811664384000.0,141557760.0,9437184.0,88473600.0,2.126735,2,3.0,158.674,0.4603596441855203,0.23017982209276014,FSDP,53379732602880.0,800695989043200.0,-3.4880305927060977,-1.468894440346947,32.74788653376789,18.768218389637337,15.548284062044402,-0.7757472597870019,16.060168188535126,34.316502451681735,31.60845225057953,16.687718345232767
534,NVIDIA GeForce RTX 2080 Ti,gpt,"CustomGPT(L=12,d=768,h=12,ff=3072)",FSDP,4,32,8,32,8,12,768,12,3072,WIKITEXT,True,False,1.0,0.048068,351.47,3199488.0,9103.161009474492,91526038290432.0,141557760.0,2359296.0,85819392.0,4.802876,1,3.0,106.045,0.3017184965999943,0.07542962414999857,FSDP,7548539240448.0,452912354426880.0,-3.035138603933084,-2.5845551878945083,32.14764461920737,18.768218389637337,14.97850135496859,-1.1982608267746178,14.673873827415234,33.746719744605926,29.652375182383825,17.473770791792134
535,NVIDIA GeForce RTX 2080 Ti,gpt,"CustomGPT(L=12,d=768,h=12,ff=3072)",FSDP,4,64,8,64,8,12,768,12,3072,WIKITEXT,True,False,1.0,0.054809,368.298,5657088.0,15360.083410716323,163497627353088.0,141557760.0,4718592.0,86704128.0,4.226093,1,3.0,120.74600000000001,0.3278486443043405,0.08196216107608513,FSDP,26693490180096.0,800804705402880.0,-2.903900864936382,-2.501497588510479,32.72781959455865,18.768218389637337,15.548419830152682,-1.1152032273905883,15.367021007975179,34.316638219790015,30.91544083812786,17.360798586583474
536,NVIDIA GeForce RTX 2080 Ti,gpt,"CustomGPT(L=12,d=768,h=12,ff=3072)",FSDP,4,96,8,96,8,12,768,12,3072,WIKITEXT,True,False,1.0,0.059299000000000004,369.637,7911936.0,21404.610469190044,230999162093568.0,141557760.0,7077888.0,87588864.0,4.136285,1,3.0,140.573,0.3803001322919513,0.09507503307298783,FSDP,55999796871168.0,1119995937423360.0,-2.825162836527054,-2.353088877305788,33.07343519914319,18.768218389637337,15.883883063273203,-0.9667945161858975,15.772486116083344,34.652101452910536,31.656369179356545,17.300949083059848
537,NVIDIA GeForce RTX 2080 Ti,gpt,"CustomGPT(L=12,d=768,h=12,ff=3072)",FSDP,4,128,8,128,8,12,768,12,3072,WIKITEXT,True,False,1.0,0.047236,290.37,7905792.0,27226.70130103305,233151293030400.0,141557760.0,9437184.0,88473600.0,4.0925910000000005,2,3.0,158.674,0.5464545235389331,0.13661363088473327,FSDP,74608413769728.0,1119126206545920.0,-3.0525989652431016,-1.9905985499663337,33.08270868508386,18.768218389637337,15.88310621336037,-0.604304188846443,16.060168188535126,34.651324602997704,31.943274401895497,17.022540496548736
538,NVIDIA GeForce RTX 2080 Ti,gpt,"CustomGPT(L=12,d=768,h=12,ff=3072)",FSDP,4,128,16,128,8,12,768,12,3072,WIKITEXT,True,False,1.0,0.030567,169.97899999999998,7893504.0,46438.112943363594,232788905164800.0,141557760.0,18874368.0,88473600.0,3.977068,1,3.0,158.674,0.9334917842792346,0.23337294606980866,FSDP,148984899305472.0,1117386744791040.0,-3.487834283321879,-1.4551174781453373,33.081153172423335,18.768218389637337,15.881550700699847,-0.06882311702544684,16.75331536909507,34.64976909033718,32.63486606979492,16.327837803328265
539,NVIDIA GeForce RTX 2080 Ti,gpt,"CustomGPT(L=12,d=896,h=14,ff=3584)",Baseline,1,32,8,32,8,12,896,14,3584,WIKITEXT,True,False,1.0,0.00573,109.583,1356096.0,12375.058175081902,52723970998272.0,192675840.0,2752512.0,116637696.0,1.898798,1,3.0,109.583,1.0,1.0,Baseline,3732670513152.0,261286935920640.0,-5.162039748255489,0.0,31.5960913257117,19.07651974929185,14.120120541436703,0.0,14.828024507242493,33.19664029072855,28.948145048679198,16.768066818469208
540,NVIDIA GeForce RTX 2080 Ti,gpt,"CustomGPT(L=12,d=896,h=14,ff=3584)",Baseline,1,64,8,64,8,12,896,14,3584,WIKITEXT,True,False,1.0,0.007724,133.708,1970304.0,14735.872199120471,77281817001984.0,192675840.0,5505024.0,117669888.0,1.438923,1,3.0,133.708,1.0,1.0,Baseline,10846570807296.0,379629978255360.0,-4.863422914415869,0.0,31.978479817486843,19.07651974929185,14.493698403529692,0.0,15.521171687802438,33.570218152821546,30.014870091332128,16.457308129684407
541,NVIDIA GeForce RTX 2080 Ti,gpt,"CustomGPT(L=12,d=896,h=14,ff=3584)",Baseline,1,96,8,96,8,12,896,14,3584,WIKITEXT,True,False,1.0,0.009608,156.312,2584512.0,16534.31598341778,102262316728320.0,192675840.0,8257536.0,118702080.0,1.288398,1,3.0,156.312,1.0,1.0,Baseline,21341700882432.0,497973020590080.0,-4.645159194204455,0.0,32.25856236059778,19.07651974929185,14.765047266671875,0.0,15.926636795910602,33.841567015963726,30.691684062582475,16.33192556468718
542,NVIDIA GeForce RTX 2080 Ti,gpt,"CustomGPT(L=12,d=896,h=14,ff=3584)",Baseline,1,128,8,128,8,12,896,14,3584,WIKITEXT,True,False,1.0,0.011405,179.355,3198720.0,17834.573889771684,127665470177280.0,192675840.0,11010048.0,119734272.0,1.20849,1,3.0,179.355,1.0,1.0,Baseline,35218060738560.0,616316062924800.0,-4.4737034232457855,0.0,32.48043444441764,19.07651974929185,14.978261287748614,0.0,16.214318868362383,34.05478103704046,31.192580156111,16.266115576055252
543,NVIDIA GeForce RTX 2080 Ti,gpt,"CustomGPT(L=12,d=896,h=14,ff=3584)",FSDP,2,32,8,32,8,12,896,14,3584,WIKITEXT,True,False,1.0,0.027837,380.09299999999996,1970496.0,5184.247013230973,76611371139072.0,192675840.0,2752512.0,116637696.0,2.971278,1,3.0,109.583,0.2883057567490062,0.1441528783745031,FSDP,5423813885952.0,379666972016640.0,-3.5813892079429848,-1.936880887185163,31.96976662994849,19.07651974929185,14.493795845673496,-1.2437337066252176,14.828024507242493,33.570315594965344,29.32182035291599,17.141742122706
544,NVIDIA GeForce RTX 2080 Ti,gpt,"CustomGPT(L=12,d=896,h=14,ff=3584)",FSDP,2,64,8,64,8,12,896,14,3584,WIKITEXT,True,False,1.0,0.031522,390.85,3199104.0,8184.991684789561,125479403126784.0,192675840.0,5505024.0,117669888.0,2.428449,1,3.0,133.708,0.3420954330305744,0.1710477165152872,FSDP,17611144298496.0,616390050447360.0,-3.4570695642287874,-1.765812717455951,32.463162742519785,19.07651974929185,14.978381328562635,-1.0726655368960056,15.521171687802438,34.05490107785449,30.499553016365073,16.94199105471735
545,NVIDIA GeForce RTX 2080 Ti,gpt,"CustomGPT(L=12,d=896,h=14,ff=3584)",FSDP,2,96,8,96,8,12,896,14,3584,WIKITEXT,True,False,1.0,0.034555,405.85,4427712.0,10909.72526795614,175192874680320.0,192675840.0,8257536.0,118702080.0,2.233587,1,3.0,156.312,0.38514722188000494,0.19257361094000247,FSDP,36561991237632.0,853113128878080.0,-3.3652030214387794,-1.6472768038549197,32.79690862397093,19.07651974929185,15.303393530045023,-0.9541296232949745,15.926636795910602,34.379913279336876,31.230030325955624,16.87027182806033
546,NVIDIA GeForce RTX 2080 Ti,gpt,"CustomGPT(L=12,d=896,h=14,ff=3584)",FSDP,2,128,8,128,8,12,896,14,3584,WIKITEXT,True,False,1.0,0.037182,416.7945,5656320.0,13571.211088387638,225751785799680.0,192675840.0,11010048.0,119734272.0,2.1474349999999998,2,3.0,179.355,0.43031997783080145,0.21515998891540072,FSDP,62276354703360.0,1089836207308800.0,-3.2919305057741113,-1.5363733930950332,33.050457218713426,19.07651974929185,15.548284062044402,-0.843226212535088,16.214318868362383,34.62480381133626,31.762602930406786,16.83613835035104
547,NVIDIA GeForce RTX 2080 Ti,gpt,"CustomGPT(L=12,d=896,h=14,ff=3584)",FSDP,4,32,8,32,8,12,896,14,3584,WIKITEXT,True,False,1.0,0.061324000000000004,439.009,3199488.0,7287.978150789619,124393636233216.0,192675840.0,2752512.0,116637696.0,4.848296,1,3.0,109.583,0.2496144725962338,0.06240361814905845,FSDP,8806629113856.0,616464037969920.0,-2.791583995533929,-2.7741320221297254,32.454472139243585,19.07651974929185,14.97850135496859,-1.3878376610098349,14.828024507242493,34.05502110426044,29.806525862211082,17.626447632001092
548,NVIDIA GeForce RTX 2080 Ti,gpt,"CustomGPT(L=12,d=896,h=14,ff=3584)",FSDP,4,64,8,64,8,12,896,14,3584,WIKITEXT,True,False,1.0,0.067787,450.01300000000003,5657088.0,12570.94350607649,221889637122048.0,192675840.0,5505024.0,117669888.0,4.305064,1,3.0,133.708,0.2971203054133991,0.07428007635334978,FSDP,31142405210112.0,1089984182353920.0,-2.6913848428333096,-2.5999125145855353,33.03320124410983,19.07651974929185,15.548419830152682,-1.2136181534656447,15.521171687802438,34.624939579444536,31.06959151795512,17.512029556307397
549,NVIDIA GeForce RTX 2080 Ti,gpt,"CustomGPT(L=12,d=896,h=14,ff=3584)",FSDP,4,96,8,96,8,12,896,14,3584,WIKITEXT,True,False,1.0,0.072929,453.626,7911936.0,17441.539947004803,313054420008960.0,192675840.0,8257536.0,118702080.0,4.093073,1,3.0,156.312,0.3445834233487499,0.08614585583718748,FSDP,65333096349696.0,1524438914826240.0,-2.6182689138584205,-2.4517134212025247,33.37739815719911,19.07651974929185,15.883883063273203,-1.0654190600826339,15.926636795910602,34.96040281256506,31.810519859183806,17.450761361288507
550,NVIDIA GeForce RTX 2080 Ti,gpt,"CustomGPT(L=12,d=896,h=14,ff=3584)",FSDP,4,128,8,128,8,12,896,14,3584,WIKITEXT,True,False,1.0,0.057434,349.7105,7905792.0,22606.68499963256,315531416567808.0,192675840.0,11010048.0,119734272.0,4.0879840000000005,2,3.0,179.355,0.5128670714776936,0.1282167678694234,FSDP,87043149398016.0,1523255114465280.0,-2.8571188165226746,-2.05403294843515,33.385279370029394,19.07651974929185,15.88310621336037,-0.6677385873152594,16.214318868362383,34.959625962652225,32.097425081722754,17.17096050166701
551,NVIDIA GeForce RTX 2080 Ti,gpt,"CustomGPT(L=16,d=1024,h=16,ff=4096)",Baseline,1,32,8,32,8,16,1024,16,4096,WIKITEXT,True,False,1.0,0.008015,147.004,1356096.0,9224.891839677832,91717046894592.0,335544320.0,4194304.0,202899456.0,1.929195,1,3.0,147.004,1.0,1.0,Baseline,5687878877184.0,455030310174720.0,-4.826440492920621,0.0,32.149729376437335,19.631264606992676,14.120120541436703,0.0,15.249237972318797,33.75138514842938,29.3693585137555,16.90049140411854
552,NVIDIA GeForce RTX 2080 Ti,gpt,"CustomGPT(L=16,d=1024,h=16,ff=4096)",Baseline,1,64,8,64,8,16,1024,16,4096,WIKITEXT,True,False,1.0,0.010971999999999999,181.235,1970304.0,10871.54247248048,134290876661760.0,335544320.0,8388608.0,204472320.0,1.429674,1,3.0,181.235,1.0,1.0,Baseline,16528107896832.0,661124315873280.0,-4.51240870590678,0.0,32.53102928462423,19.631264606992676,14.493698403529692,0.0,15.942385152878742,34.12496301052237,30.436083556408434,16.588644131745493
553,NVIDIA GeForce RTX 2080 Ti,gpt,"CustomGPT(L=16,d=1024,h=16,ff=4096)",Baseline,1,96,8,96,8,16,1024,16,4096,WIKITEXT,True,False,1.0,0.013476,212.37800000000001,2584512.0,12169.396076806448,177508750196736.0,335544320.0,12582912.0,206045184.0,1.277538,1,3.0,212.37800000000001,1.0,1.0,Baseline,32520687058944.0,867218321571840.0,-4.306844953437831,0.0,32.81004102051199,19.631264606992676,14.765047266671875,0.0,16.347850260986906,34.39631187366455,31.11289752765878,16.46219075952508
554,NVIDIA GeForce RTX 2080 Ti,gpt,"CustomGPT(L=16,d=1024,h=16,ff=4096)",Baseline,1,128,8,128,8,16,1024,16,4096,WIKITEXT,True,False,1.0,0.015705999999999998,241.4,3198720.0,13250.704225352112,221370667499520.0,335544320.0,16777216.0,207618048.0,1.210689,1,3.0,241.4,1.0,1.0,Baseline,53665616363520.0,1073312327270400.0,-4.153712474029454,0.0,33.030859640973944,19.631264606992676,14.978261287748614,0.0,16.635532333438686,34.609525894741296,31.613793621187302,16.395327307535258
555,NVIDIA GeForce RTX 2080 Ti,gpt,"CustomGPT(L=16,d=1024,h=16,ff=4096)",FSDP,2,64,8,64,8,16,1024,16,4096,WIKITEXT,True,False,1.0,0.046258,577.46,3199104.0,5539.957745991064,218042738933760.0,335544320.0,8388608.0,204472320.0,2.447615,1,3.0,181.235,0.31384857825650264,0.15692428912825132,FSDP,26836029407232.0,1073441176289280.0,-3.0735208570088295,-1.8519918247983524,33.01571220965718,19.631264606992676,14.978381328562635,-1.158844644238407,15.942385152878742,34.609645935555314,30.920766481441376,17.073327056778435
556,NVIDIA GeForce RTX 2080 Ti,gpt,"CustomGPT(L=16,d=1024,h=16,ff=4096)",FSDP,4,64,8,64,8,16,1024,16,4096,WIKITEXT,True,False,1.0,0.100145,680.6510000000001,5657088.0,8311.290220685783,385572635934720.0,335544320.0,8388608.0,204472320.0,4.35164,1,3.0,181.235,0.2662671471870312,0.0665667867967578,FSDP,47455093653504.0,1898203746140160.0,-2.3011361432289412,-2.7095495225717507,33.58575071124722,19.631264606992676,15.548419830152682,-1.3232551614518604,15.942385152878742,35.17968443714536,31.490804983031424,17.643365558368483
557,NVIDIA GeForce RTX 2080 Ti,gpt,"CustomGPT(L=16,d=768,h=12,ff=3072)",Baseline,1,32,8,32,8,16,768,12,3072,WIKITEXT,True,False,1.0,0.00662,137.91,1356096.0,9833.195562323255,51724148539392.0,188743680.0,3145728.0,114425856.0,1.939292,1,3.0,137.91,1.0,1.0,Baseline,4265909157888.0,255954549473280.0,-5.01765990903322,0.0,31.576945878127265,19.055900462089117,14.120120541436703,0.0,14.961555899867015,33.17602100352582,29.081676441303717,16.61538997826025
558,NVIDIA GeForce RTX 2080 Ti,gpt,"CustomGPT(L=16,d=768,h=12,ff=3072)",Baseline,1,64,8,64,8,16,768,12,3072,WIKITEXT,True,False,1.0,0.008203,148.851,1970304.0,13236.753532055545,75925995651072.0,188743680.0,6291456.0,115605504.0,1.437584,1,3.0,148.851,1.0,1.0,Baseline,12396080922624.0,371882427678720.0,-4.803255337961524,0.0,31.960780240387443,19.055900462089117,14.493698403529692,0.0,15.65470308042696,33.549598865618805,30.14840148395665,16.30607715996048
559,NVIDIA GeForce RTX 2080 Ti,gpt,"CustomGPT(L=16,d=768,h=12,ff=3072)",Baseline,1,96,8,96,8,16,768,12,3072,WIKITEXT,True,False,1.0,0.010437,175.439,2584512.0,14731.684517125612,100610875588608.0,188743680.0,9437184.0,116785152.0,1.280826,1,3.0,175.439,1.0,1.0,Baseline,24390515294208.0,487810305884160.0,-4.562398094144222,0.0,32.242281474993646,19.055900462089117,14.765047266671875,0.0,16.060168188535126,33.82094772876099,30.825215455206997,16.182113286458517
560,NVIDIA GeForce RTX 2080 Ti,gpt,"CustomGPT(L=16,d=768,h=12,ff=3072)",Baseline,1,128,8,128,8,16,768,12,3072,WIKITEXT,True,False,1.0,0.012145,196.91,3198720.0,16244.578741557058,125778788352000.0,188743680.0,12582912.0,117964800.0,1.196748,1,3.0,196.91,1.0,1.0,Baseline,40249212272640.0,603738184089600.0,-4.410837716528001,0.0,32.46554583192388,19.055900462089117,14.978261287748614,0.0,16.347850260986906,34.03416174983773,31.326111548735522,16.11769557093698
561,NVIDIA GeForce RTX 2080 Ti,gpt,"CustomGPT(L=16,d=768,h=12,ff=3072)",FSDP,2,32,8,32,8,16,768,12,3072,WIKITEXT,True,False,1.0,0.027781,382.64599999999996,1970496.0,5149.657908353936,75158563848192.0,188743680.0,3145728.0,114425856.0,2.94019,1,3.0,137.91,0.36041145079263864,0.18020572539631932,FSDP,6198644441088.0,371918666465280.0,-3.5834029451835896,-1.7136561618580308,31.950621182364056,19.055900462089117,14.493795845673496,-1.0205089812980856,14.961555899867015,33.54969630776261,29.45535174554051,16.98906528249704
562,NVIDIA GeForce RTX 2080 Ti,gpt,"CustomGPT(L=16,d=768,h=12,ff=3072)",FSDP,2,64,8,64,8,16,768,12,3072,WIKITEXT,True,False,1.0,0.031491,392.561,3199104.0,8149.316921446603,123278010089472.0,188743680.0,6291456.0,115605504.0,2.408182,1,3.0,148.851,0.3791792867860027,0.18958964339300136,FSDP,20127022055424.0,603810661662720.0,-3.458053488260367,-1.662893314107765,32.445463165420385,19.055900462089117,14.978381328562635,-0.9697461335478197,15.65470308042696,34.034281790651754,30.633084408989596,16.790760084993426
563,NVIDIA GeForce RTX 2080 Ti,gpt,"CustomGPT(L=16,d=768,h=12,ff=3072)",FSDP,2,96,8,96,8,16,768,12,3072,WIKITEXT,True,False,1.0,0.035111,406.097,4427712.0,10903.089655919646,172363672977408.0,188743680.0,9437184.0,116785152.0,2.225475,1,3.0,175.439,0.4320125487260433,0.21600627436302164,FSDP,41785132843008.0,835702656860160.0,-3.3492408072934134,-1.5324478237429042,32.78062773836679,19.055900462089117,15.303393530045023,-0.839300643182959,16.060168188535126,34.35929399213414,31.363561718580147,16.720459549831666
564,NVIDIA GeForce RTX 2080 Ti,gpt,"CustomGPT(L=16,d=768,h=12,ff=3072)",FSDP,2,128,8,128,8,16,768,12,3072,WIKITEXT,True,False,1.0,0.037555500000000006,418.002,5656320.0,13532.01238887651,222415552512000.0,188743680.0,12582912.0,117964800.0,2.1326359999999998,2,3.0,196.91,0.4710743010798991,0.23553715053994956,FSDP,71172976803840.0,1067594652057600.0,-3.2819354401263725,-1.4458866262051715,33.03556860621967,19.055900462089117,15.548284062044402,-0.7527394456452262,16.347850260986906,34.604184524133515,31.89613432303131,16.687718345232767
565,NVIDIA GeForce RTX 2080 Ti,gpt,"CustomGPT(L=16,d=768,h=12,ff=3072)",FSDP,4,32,8,32,8,16,768,12,3072,WIKITEXT,True,False,1.0,0.060154,437.595,3199488.0,7311.527782538648,122034717720576.0,188743680.0,3145728.0,114425856.0,4.8381,1,3.0,137.91,0.31515442361087304,0.07878860590271826,FSDP,10064718987264.0,603883139235840.0,-2.810847338356876,-2.5409868877163584,32.43532669165915,19.055900462089117,14.97850135496859,-1.1546925265964678,14.961555899867015,34.034401817057706,29.940057254835605,17.473770791792134
566,NVIDIA GeForce RTX 2080 Ti,gpt,"CustomGPT(L=16,d=768,h=12,ff=3072)",FSDP,4,64,8,64,8,16,768,12,3072,WIKITEXT,True,False,1.0,0.068011,452.999,5657088.0,12488.080547639178,217996836470784.0,188743680.0,6291456.0,115605504.0,4.246774,1,3.0,148.851,0.32859012933803383,0.08214753233450846,FSDP,35591320240128.0,1067739607203840.0,-2.688085822182647,-2.4992384734830937,33.01550166701043,19.055900462089117,15.548419830152682,-1.1129441123632031,15.65470308042696,34.604320292241795,31.203122910579644,17.360798586583474
567,NVIDIA GeForce RTX 2080 Ti,gpt,"CustomGPT(L=16,d=768,h=12,ff=3072)",FSDP,4,96,8,96,8,16,768,12,3072,WIKITEXT,True,False,1.0,0.073225,451.23900000000003,7911936.0,17533.803594104233,307998882791424.0,188743680.0,9437184.0,116785152.0,4.078664,1,3.0,175.439,0.3887939650606441,0.09719849126516103,FSDP,74666395828224.0,1493327916564480.0,-2.6142183862683397,-2.3310000895995744,33.36111727159497,19.055900462089117,15.883883063273203,-0.9447057284796838,16.060168188535126,34.939783525362316,31.94405125180833,17.300949083059848
568,NVIDIA GeForce RTX 2080 Ti,gpt,"CustomGPT(L=16,d=768,h=12,ff=3072)",FSDP,4,128,8,128,8,16,768,12,3072,WIKITEXT,True,False,1.0,0.057868,350.48900000000003,7905792.0,22559.71288993137,310868390707200.0,188743680.0,12582912.0,117964800.0,4.108518,2,3.0,196.91,0.5618150640961628,0.1404537660240407,FSDP,99477885026304.0,1492168275394560.0,-2.849590724214793,-1.962876911807459,33.370390757535645,19.055900462089117,15.88310621336037,-0.5765825506875684,16.347850260986906,34.939006675449484,32.23095647434728,17.022540496548736
569,NVIDIA GeForce RTX 2080 Ti,gpt,"CustomGPT(L=16,d=768,h=12,ff=3072)",FSDP,4,128,16,128,8,16,768,12,3072,WIKITEXT,True,False,1.0,0.037401000000000004,203.16,7893504.0,38853.63260484347,310385206886400.0,188743680.0,25165824.0,117964800.0,4.029625,1,3.0,196.91,0.9692360700925379,0.24230901752313447,FSDP,198646532407296.0,1489848993054720.0,-3.2860578369511892,-1.417541435495856,33.368835244875115,19.055900462089117,15.881550700699847,-0.0312470743759655,17.04099744154685,34.93745116278896,32.9225481422467,16.327837803328265
570,NVIDIA GeForce RTX 2080 Ti,gpt,"CustomGPT(L=16,d=896,h=14,ff=3584)",Baseline,1,32,8,32,8,16,896,14,3584,WIKITEXT,True,False,1.0,0.007127,138.253,1356096.0,9808.799809045737,70298627997696.0,256901120.0,3670016.0,155516928.0,1.941354,1,3.0,138.253,1.0,1.0,Baseline,4976894017536.0,348382581227520.0,-4.943864890462403,0.0,31.88377339816348,19.36420182174363,14.120120541436703,0.0,15.115706579694274,33.48432236318033,29.235827121130978,16.768066818469208
571,NVIDIA GeForce RTX 2080 Ti,gpt,"CustomGPT(L=16,d=896,h=14,ff=3584)",Baseline,1,64,8,64,8,16,896,14,3584,WIKITEXT,True,False,1.0,0.009624,166.201,1970304.0,11854.946721138862,103042422669312.0,256901120.0,7340032.0,156893184.0,1.443696,1,3.0,166.201,1.0,1.0,Baseline,14462094409728.0,506173304340480.0,-4.643495300309759,0.0,32.26616188993862,19.36420182174363,14.493698403529692,0.0,15.80885376025422,33.857900225273326,30.30255216378391,16.457308129684407
572,NVIDIA GeForce RTX 2080 Ti,gpt,"CustomGPT(L=16,d=896,h=14,ff=3584)",Baseline,1,96,8,96,8,16,896,14,3584,WIKITEXT,True,False,1.0,0.01213,196.111,2584512.0,13178.822197632973,136349755637760.0,256901120.0,11010048.0,158269440.0,1.278722,1,3.0,196.111,1.0,1.0,Baseline,28455601176576.0,663964027453440.0,-4.412073556026178,0.0,32.54624443304956,19.36420182174363,14.765047266671875,0.0,16.214318868362383,34.129249088415506,30.979366135034258,16.33192556468718
573,NVIDIA GeForce RTX 2080 Ti,gpt,"CustomGPT(L=16,d=896,h=14,ff=3584)",Baseline,1,128,8,128,8,16,896,14,3584,WIKITEXT,True,False,1.0,0.014329,224.983,3198720.0,14217.607552570638,170220626903040.0,256901120.0,14680064.0,159645696.0,1.188528,1,3.0,224.983,1.0,1.0,Baseline,46957414318080.0,821754750566400.0,-4.245469823247671,0.0,32.76811651686942,19.36420182174363,14.978261287748614,0.0,16.502000940814163,34.34246310949225,31.48026222856278,16.266115576055252
574,NVIDIA GeForce RTX 2080 Ti,gpt,"CustomGPT(L=16,d=896,h=14,ff=3584)",FSDP,2,32,8,32,8,16,896,14,3584,WIKITEXT,True,False,1.0,0.022924,310.5,1313664.0,4230.80193236715,102148494852096.0,256901120.0,3670016.0,155516928.0,2.9884605,1,2.0,138.253,0.4452592592592592,0.2226296296296296,FSDP,4821167898624.0,337481752903680.0,-3.7755708822926457,-1.502245741947304,32.257448702400275,19.36420182174363,14.08833073756533,-0.8090985613873589,15.115706579694274,33.45253255930896,29.204037317259605,17.141742122706
575,NVIDIA GeForce RTX 2080 Ti,gpt,"CustomGPT(L=16,d=896,h=14,ff=3584)",FSDP,4,32,8,32,8,16,896,14,3584,WIKITEXT,True,False,1.0,0.025654,182.802,1066496.0,5834.159363683111,165858181644288.0,256901120.0,3670016.0,155516928.0,4.948145,1,1.0,138.253,0.7562991652170107,0.18907479130425267,FSDP,3914057383936.0,273984016875520.0,-3.663055774104478,-1.6656126210129514,32.742154211695365,19.36420182174363,13.87988906630048,-0.2793182598930608,15.115706579694274,33.24409088804411,28.995595645994754,17.626447632001092
576,NVIDIA GeForce RTX 2080 Ti,gpt,"CustomGPT(L=2,d=128,h=2,ff=512)",Baseline,1,32,8,32,8,2,128,2,512,WIKITEXT,True,False,1.0,0.000813,27.766000000000002,1356096.0,48840.16422963336,188855353344.0,655360.0,65536.0,417792.0,1.853767,1,3.0,27.766000000000002,1.0,1.0,Baseline,88873107456.0,888731074560.0,-7.1147794484164635,0.0,25.96424723277221,13.39293998195317,14.120120541436703,0.0,11.090354888959125,27.513060523389875,25.210475430395828,14.873892343813083
577,NVIDIA GeForce RTX 2080 Ti,gpt,"CustomGPT(L=2,d=128,h=2,ff=512)",Baseline,1,64,8,64,8,2,128,2,512,WIKITEXT,True,False,1.0,0.0010500000000000002,24.740000000000002,1970304.0,79640.42037186741,290533146624.0,655360.0,131072.0,442368.0,1.441823,1,3.0,24.740000000000002,1.0,1.0,Baseline,258251685888.0,1291258429440.0,-6.858965114812705,0.0,26.394983508705145,13.39293998195317,14.493698403529692,0.0,11.78350206951907,27.88663838548286,26.27720047304876,14.611481439186075
578,NVIDIA GeForce RTX 2080 Ti,gpt,"CustomGPT(L=2,d=128,h=2,ff=512)",Baseline,1,96,8,96,8,2,128,2,512,WIKITEXT,True,False,1.0,0.001358,29.826,2584512.0,86652.98732649366,402274123776.0,655360.0,196608.0,466944.0,1.285225,1,3.0,29.826,1.0,1.0,Baseline,508135735296.0,1693785784320.0,-6.601742249845633,0.0,26.7203995931176,13.39293998195317,14.765047266671875,0.0,12.188967177627234,28.157987248625044,26.95401444429911,14.53143241549037
579,NVIDIA GeForce RTX 2080 Ti,gpt,"CustomGPT(L=2,d=128,h=2,ff=512)",Baseline,1,128,8,128,8,2,128,2,512,WIKITEXT,True,False,1.0,0.001615,34.801,3198720.0,91914.60015516795,524078284800.0,655360.0,262144.0,491520.0,1.21761,1,3.0,34.801,1.0,1.0,Baseline,838525255680.0,2096313139200.0,-6.428420322307517,0.0,26.984906908581895,13.39293998195317,14.978261287748614,0.0,12.476649250079015,28.371201269701785,27.45491053782763,14.50825765850288
580,NVIDIA GeForce RTX 2080 Ti,gpt,"CustomGPT(L=2,d=128,h=2,ff=512)",FSDP,2,32,8,32,8,2,128,2,512,WIKITEXT,True,False,1.0,0.002532,52.372,1970496.0,37624.99045291377,274419154944.0,655360.0,65536.0,417792.0,2.117373,1,3.0,27.766000000000002,0.5301687924845337,0.2650843962422669,FSDP,129138425856.0,1291384258560.0,-5.978745774700207,-1.3277070273128415,26.337922537009,13.39293998195317,14.493795845673496,-0.6345598467528961,11.090354888959125,27.886735827626666,25.58415073463262,15.247567648049875
581,NVIDIA GeForce RTX 2080 Ti,gpt,"CustomGPT(L=2,d=128,h=2,ff=512)",FSDP,2,64,8,64,8,2,128,2,512,WIKITEXT,True,False,1.0,0.003005,53.929,3199104.0,59320.66235235216,471727079424.0,655360.0,131072.0,442368.0,1.740455,1,3.0,24.740000000000002,0.45875132118155354,0.22937566059077677,FSDP,419312959488.0,2096564797440.0,-5.8074777109949665,-1.4723941802176597,26.879666433738088,13.39293998195317,14.978381328562635,-0.7792469996577144,11.78350206951907,28.371321310515807,26.761883398081707,15.09616436421902
582,NVIDIA GeForce RTX 2080 Ti,gpt,"CustomGPT(L=2,d=128,h=2,ff=512)",FSDP,2,96,8,96,8,2,128,2,512,WIKITEXT,True,False,1.0,0.003555,58.998999999999995,4427712.0,75047.23808878117,689164517376.0,655360.0,196608.0,466944.0,1.706622,1,3.0,29.826,0.5055339921015611,0.25276699605078057,FSDP,870523600896.0,2901745336320.0,-5.6394002157269325,-1.3752871788288932,27.25874585649075,13.39293998195317,15.303393530045023,-0.6821399982689478,12.188967177627234,28.696333511998194,27.49236070767226,15.069778678863518
583,NVIDIA GeForce RTX 2080 Ti,gpt,"CustomGPT(L=2,d=128,h=2,ff=512)",FSDP,2,128,8,128,8,2,128,2,512,WIKITEXT,True,False,1.0,0.0039965,64.6035,5656320.0,87583.68346039741,926731468800.0,655360.0,262144.0,491520.0,1.70776,2,3.0,34.801,0.5386859845054836,0.2693429922527418,FSDP,1482770350080.0,3706925875200.0,-5.5223363008982,-1.3117696474476528,27.55492968287768,13.39293998195317,15.548284062044402,-0.6186224668877075,12.476649250079015,28.941224043997572,28.024933312123416,15.078280432798667
584,NVIDIA GeForce RTX 2080 Ti,gpt,"CustomGPT(L=2,d=128,h=2,ff=512)",FSDP,4,32,8,32,8,2,128,2,512,WIKITEXT,True,False,1.0,0.005152,56.556,3199488.0,56572.03479736898,445573496832.0,655360.0,65536.0,417792.0,3.70785,1,3.0,27.766000000000002,0.4909470259565741,0.12273675648914352,FSDP,209681645568.0,2096816455680.0,-5.268370290180084,-2.097713408236874,26.822628046304093,13.39293998195317,14.97850135496859,-0.7114190471169833,11.090354888959125,28.37144133692176,26.068856243927712,15.732273157344968
585,NVIDIA GeForce RTX 2080 Ti,gpt,"CustomGPT(L=2,d=128,h=2,ff=512)",FSDP,4,64,8,64,8,2,128,2,512,WIKITEXT,True,False,1.0,0.005927,56.317,5657088.0,100450.80526306444,834171568128.0,655360.0,131072.0,442368.0,3.265425,1,3.0,24.740000000000002,0.4392989683399329,0.10982474208498323,FSDP,741485838336.0,3707429191680.0,-5.128237096176436,-2.2088694375411415,27.449704935328135,13.39293998195317,15.548419830152682,-0.8225750764212509,11.78350206951907,28.94135981210585,27.33192189967175,15.666202865809066
586,NVIDIA GeForce RTX 2080 Ti,gpt,"CustomGPT(L=2,d=128,h=2,ff=512)",FSDP,4,96,8,96,8,2,128,2,512,WIKITEXT,True,False,1.0,0.006901,59.57,7911936.0,132817.45845224106,1231477014528.0,655360.0,196608.0,466944.0,3.182301,1,3.0,29.826,0.5006882659056572,0.1251720664764143,FSDP,1555549913088.0,5185166376960.0,-4.976088950343672,-2.078065956419896,27.83923538971893,13.39293998195317,15.883883063273203,-0.6917715953000055,12.188967177627234,29.276823045226372,28.072850240900436,15.650268212091698
587,NVIDIA GeForce RTX 2080 Ti,gpt,"CustomGPT(L=2,d=128,h=2,ff=512)",FSDP,4,128,8,128,8,2,128,2,512,WIKITEXT,True,False,1.0,0.005804,53.182,7905792.0,148759.68016701838,1295284961280.0,655360.0,262144.0,491520.0,3.072405,2,3.0,34.801,0.6543755405964424,0.1635938851491106,FSDP,2072455938048.0,5181139845120.0,-5.149207943960196,-1.810368232351199,27.88975183419365,13.39293998195317,15.88310621336037,-0.4240738712313084,12.476649250079015,29.27604619531354,28.359755463439388,15.413102584114636
588,NVIDIA GeForce RTX 2080 Ti,gpt,"CustomGPT(L=20,d=1024,h=16,ff=4096)",Baseline,1,32,8,32,8,20,1024,16,4096,WIKITEXT,True,False,1.0,0.009757,179.112,1356096.0,7571.218008843629,114646308618240.0,419430400.0,5242880.0,253624320.0,1.899781,1,3.0,179.112,1.0,1.0,Baseline,7109848596480.0,568787887718400.0,-4.629770302856324,0.0,32.372872927751544,19.85440815830689,14.120120541436703,0.0,15.472381523633006,33.974528699743594,29.59250206506971,16.90049140411854
589,NVIDIA GeForce RTX 2080 Ti,gpt,"CustomGPT(L=20,d=1024,h=16,ff=4096)",Baseline,1,64,8,64,8,20,1024,16,4096,WIKITEXT,True,False,1.0,0.013197,218.13299999999998,1970304.0,9032.581040007703,167863595827200.0,419430400.0,10485760.0,255590400.0,1.425275,1,3.0,218.13299999999998,1.0,1.0,Baseline,20660134871040.0,826405394841600.0,-4.327765747947445,0.0,32.75417283593844,19.85440815830689,14.493698403529692,0.0,16.16552870419295,34.34810656183658,30.659227107722643,16.588644131745493
590,NVIDIA GeForce RTX 2080 Ti,gpt,"CustomGPT(L=20,d=1024,h=16,ff=4096)",Baseline,1,96,8,96,8,20,1024,16,4096,WIKITEXT,True,False,1.0,0.016229,252.247,2584512.0,10245.957335468805,221885937745920.0,419430400.0,15728640.0,257556480.0,1.279569,1,3.0,252.247,1.0,1.0,Baseline,40650858823680.0,1084022901964800.0,-4.120955513648392,0.0,33.0331845718262,19.85440815830689,14.765047266671875,0.0,16.570993812301115,34.61945542497876,31.33604107897299,16.46219075952508
591,NVIDIA GeForce RTX 2080 Ti,gpt,"CustomGPT(L=20,d=1024,h=16,ff=4096)",Baseline,1,128,8,128,8,20,1024,16,4096,WIKITEXT,True,False,1.0,0.018814,287.235,3198720.0,11136.247323620031,276713334374400.0,419430400.0,20971520.0,259522560.0,1.210879,1,3.0,287.235,1.0,1.0,Baseline,67082020454400.0,1341640409088000.0,-3.9731540054323773,0.0,33.25400319228815,19.85440815830689,14.978261287748614,0.0,16.8586758847529,34.832669446055505,31.83693717250151,16.395327307535258
592,NVIDIA GeForce RTX 2080 Ti,gpt,"CustomGPT(L=20,d=1024,h=16,ff=4096)",FSDP,2,64,8,64,8,20,1024,16,4096,WIKITEXT,True,False,1.0,0.055595,691.84,3199104.0,4624.0518038852915,272553423667200.0,419430400.0,10485760.0,255590400.0,2.451959,1,3.0,218.13299999999998,0.3152939986123959,0.15764699930619794,FSDP,33545036759040.0,1341801470361600.0,-2.8896620098269246,-1.8473969270688335,33.23885576097139,19.85440815830689,14.978381328562635,-1.1542497465088883,16.16552870419295,34.83278948686952,31.14391003275559,17.073327056778435
593,NVIDIA GeForce RTX 2080 Ti,gpt,"CustomGPT(L=20,d=1024,h=16,ff=4096)",FSDP,4,64,8,64,8,20,1024,16,4096,WIKITEXT,True,False,1.0,0.11831799999999999,798.9639999999999,5657088.0,7080.529285424625,481965794918400.0,419430400.0,10485760.0,255590400.0,4.382604,1,3.0,218.13299999999998,0.27301981065479797,0.06825495266369949,FSDP,59318867066880.0,2372754682675200.0,-2.1343793640355044,-2.6845052810487977,33.80889426256144,19.85440815830689,15.548419830152682,-1.298210919928907,16.16552870419295,35.40282798845957,31.713948534345633,17.643365558368483
594,NVIDIA GeForce RTX 2080 Ti,gpt,"CustomGPT(L=24,d=1024,h=16,ff=4096)",Baseline,1,32,8,32,8,24,1024,16,4096,WIKITEXT,True,False,1.0,0.011366000000000001,210.526,1356096.0,6441.465662198493,137575570341888.0,503316480.0,6291456.0,304349184.0,1.894063,1,3.0,210.526,1.0,1.0,Baseline,8531818315776.0,682545465262080.0,-4.477128836107207,0.0,32.5551944845455,20.036729715100844,14.120120541436703,0.0,15.65470308042696,34.156850256537545,29.774823621863664,16.90049140411854
595,NVIDIA GeForce RTX 2080 Ti,gpt,"CustomGPT(L=24,d=1024,h=16,ff=4096)",Baseline,1,64,8,64,8,24,1024,16,4096,WIKITEXT,True,False,1.0,0.015347,252.96300000000002,1970304.0,7788.9019342749725,201436314992640.0,503316480.0,12582912.0,306708480.0,1.42927,1,3.0,252.96300000000002,1.0,1.0,Baseline,24792161845248.0,991686473809920.0,-4.1768352637891795,0.0,32.9364943927324,20.036729715100844,14.493698403529692,0.0,16.347850260986906,34.53042811863053,30.841548664516598,16.588644131745493
596,NVIDIA GeForce RTX 2080 Ti,gpt,"CustomGPT(L=24,d=1024,h=16,ff=4096)",Baseline,1,96,8,96,8,24,1024,16,4096,WIKITEXT,True,False,1.0,0.018786,294.276,2584512.0,8782.612241569139,266263125295104.0,503316480.0,18874368.0,309067776.0,1.281982,1,3.0,294.276,1.0,1.0,Baseline,48781030588416.0,1300827482357760.0,-3.974643367409813,0.0,33.21550612862015,20.036729715100844,14.765047266671875,0.0,16.75331536909507,34.80177698177272,31.518362635766945,16.46219075952508
597,NVIDIA GeForce RTX 2080 Ti,gpt,"CustomGPT(L=24,d=1024,h=16,ff=4096)",Baseline,1,128,8,128,8,24,1024,16,4096,WIKITEXT,True,False,1.0,0.022011,335.07,3198720.0,9546.42313546423,332056001249280.0,503316480.0,25165824.0,311427072.0,1.209427,1,3.0,335.07,1.0,1.0,Baseline,80498424545280.0,1609968490905600.0,-3.81621295058217,0.0,33.43632474908211,20.036729715100844,14.978261287748614,0.0,17.04099744154685,35.014991002849456,32.019258729295466,16.395327307535258
598,NVIDIA GeForce RTX 2080 Ti,gpt,"CustomGPT(L=24,d=1024,h=16,ff=4096)",FSDP,2,64,8,64,8,24,1024,16,4096,WIKITEXT,True,False,1.0,0.064358,800.242,3199104.0,3997.670704611855,327064108400640.0,503316480.0,12582912.0,306708480.0,2.470457,1,3.0,252.96300000000002,0.31610812729149435,0.15805406364574717,FSDP,40254044110848.0,1610161764433920.0,-2.7432940325427873,-1.844818129510592,33.42117731776534,20.036729715100844,14.978381328562635,-1.1516709489506467,16.347850260986906,35.01511104366348,31.326231589549543,17.073327056778435
599,NVIDIA GeForce RTX 2080 Ti,gpt,"CustomGPT(L=24,d=1024,h=16,ff=4096)",FSDP,4,64,8,64,8,24,1024,16,4096,WIKITEXT,True,False,1.0,0.138705,940.175,5657088.0,6017.058526338182,578358953902080.0,503316480.0,12582912.0,306708480.0,4.388612,1,3.0,252.96300000000002,0.2690594836067754,0.06726487090169385,FSDP,71182640480256.0,2847305619210240.0,-1.9754059032844253,-2.699117156295802,33.99121581935539,20.036729715100844,15.548419830152682,-1.3128227951759115,16.347850260986906,35.58514954525352,31.896270091139588,17.643365558368483
600,NVIDIA GeForce RTX 2080 Ti,gpt,"CustomGPT(L=3,d=192,h=3,ff=768)",Baseline,1,32,8,32,8,3,192,3,768,WIKITEXT,True,False,1.0,0.000915,30.485,1356096.0,44484.041331802524,624889036800.0,2211840.0,147456.0,1382400.0,1.916208,1,3.0,30.485,1.0,1.0,Baseline,199964491776.0,2999467376640.0,-6.996586492688753,0.0,27.16083992980052,14.609335306277663,14.120120541436703,0.0,11.901285105175454,28.729455847714366,26.021405646612155,15.259554824625068
601,NVIDIA GeForce RTX 2080 Ti,gpt,"CustomGPT(L=3,d=192,h=3,ff=768)",Baseline,1,64,8,64,8,3,192,3,768,WIKITEXT,True,False,1.0,0.00135,31.683,1970304.0,62188.050374017614,944232726528.0,2211840.0,294912.0,1437696.0,1.442103,1,3.0,31.683,1.0,1.0,Baseline,581066293248.0,4357997199360.0,-6.607650686531799,0.0,27.57363850504679,14.609335306277663,14.493698403529692,0.0,12.5944322857354,29.103033709807356,27.08813068926509,14.979206219311392
602,NVIDIA GeForce RTX 2080 Ti,gpt,"CustomGPT(L=3,d=192,h=3,ff=768)",Baseline,1,96,8,96,8,3,192,3,768,WIKITEXT,True,False,1.0,0.001722,37.155,2584512.0,69560.27452563585,1286218579968.0,2211840.0,442368.0,1492992.0,1.286022,1,3.0,37.155,1.0,1.0,Baseline,1143305404416.0,5716527022080.0,-6.364268872976598,0.0,27.88272769617182,14.609335306277663,14.765047266671875,0.0,12.999897393843563,29.374382572949536,27.764944660515436,14.882830302328257
603,NVIDIA GeForce RTX 2080 Ti,gpt,"CustomGPT(L=3,d=192,h=3,ff=768)",Baseline,1,128,8,128,8,3,192,3,768,WIKITEXT,True,False,1.0,0.0020829999999999998,43.141999999999996,3198720.0,74143.98961568774,1650846597120.0,2211840.0,589824.0,1548288.0,1.181363,1,3.0,43.141999999999996,1.0,1.0,Baseline,1886681825280.0,7075056844800.0,-6.173946116703302,0.0,28.132309361419438,14.609335306277663,14.978261287748614,0.0,13.287579466295345,29.587596594026277,28.265840754043957,14.844729895124091
604,NVIDIA GeForce RTX 2080 Ti,gpt,"CustomGPT(L=3,d=192,h=3,ff=768)",FSDP,2,32,8,32,8,3,192,3,768,WIKITEXT,True,False,1.0,0.003713,67.642,1970496.0,29131.249815203573,908004556800.0,2211840.0,147456.0,1382400.0,2.31944,1,3.0,30.485,0.4506815292274031,0.22534076461370156,FSDP,290561458176.0,4358421872640.0,-5.595915103787194,-1.490141513096191,27.534515234037315,14.609335306277663,14.493795845673496,-0.7969943325362459,11.901285105175454,29.10313115195116,26.39508095084895,15.633230128861861
605,NVIDIA GeForce RTX 2080 Ti,gpt,"CustomGPT(L=3,d=192,h=3,ff=768)",FSDP,2,64,8,64,8,3,192,3,768,WIKITEXT,True,False,1.0,0.004201,69.27199999999999,3199104.0,46181.77618662664,1533113008128.0,2211840.0,294912.0,1437696.0,1.899195,1,3.0,31.683,0.4573709435269662,0.2286854717634831,FSDP,943454158848.0,7075906191360.0,-5.472432686794892,-1.4754077052729981,28.058321430079737,14.609335306277663,14.978381328562635,-0.7822605247130529,12.5944322857354,29.587716634840298,27.572813614298035,15.463889144344336
606,NVIDIA GeForce RTX 2080 Ti,gpt,"CustomGPT(L=3,d=192,h=3,ff=768)",FSDP,2,96,8,96,8,3,192,3,768,WIKITEXT,True,False,1.0,0.00473,74.05199999999999,4427712.0,59791.929995138555,2203512864768.0,2211840.0,442368.0,1492992.0,1.83257,1,3.0,37.155,0.5017420191216984,0.2508710095608492,FSDP,1958678102016.0,9793390510080.0,-5.353830076478295,-1.3828163780774427,28.42107395954497,14.609335306277663,15.303393530045023,-0.6896691975174973,12.999897393843563,29.912728836322685,28.303290923888586,15.421176565701407
607,NVIDIA GeForce RTX 2080 Ti,gpt,"CustomGPT(L=3,d=192,h=3,ff=768)",FSDP,2,128,8,128,8,3,192,3,768,WIKITEXT,True,False,1.0,0.005325,79.4105,5656320.0,71230.13158238232,2919204126720.0,2211840.0,589824.0,1548288.0,1.806278,2,3.0,43.141999999999996,0.5432782818393033,0.27163914091965163,FSDP,3336233287680.0,12510874828800.0,-5.235342567386648,-1.3032807813109346,28.702332135715224,14.609335306277663,15.548284062044402,-0.6101336007509893,13.287579466295345,30.157619368322067,28.835863528339747,15.41475266941988
608,NVIDIA GeForce RTX 2080 Ti,gpt,"CustomGPT(L=3,d=192,h=3,ff=768)",FSDP,4,32,8,32,8,3,192,3,768,WIKITEXT,True,False,1.0,0.007703,72.526,3199488.0,44115.048396437145,1474324070400.0,2211840.0,147456.0,1382400.0,4.009523,1,3.0,30.485,0.4203320188622012,0.1050830047155503,FSDP,471783702528.0,7076755537920.0,-4.866145415611308,-2.2530047200213654,28.019220743332408,14.609335306277663,14.97850135496859,-0.8667103589014751,11.901285105175454,29.587836661246254,26.879786460144043,16.117935638156954
609,NVIDIA GeForce RTX 2080 Ti,gpt,"CustomGPT(L=3,d=192,h=3,ff=768)",FSDP,4,64,8,64,8,3,192,3,768,WIKITEXT,True,False,1.0,0.008424,73.523,5657088.0,76943.10623886403,2711057596416.0,2211840.0,294912.0,1437696.0,3.469145,1,3.0,31.683,0.43092637678005524,0.10773159419501381,FSDP,1668343136256.0,12512573521920.0,-4.776670504150463,-2.228112384125433,28.62835993166978,14.609335306277663,15.548419830152682,-0.8418180230055425,12.5944322857354,30.157755136430346,28.14285211588808,16.033927645934384
610,NVIDIA GeForce RTX 2080 Ti,gpt,"CustomGPT(L=3,d=192,h=3,ff=768)",FSDP,4,96,8,96,8,3,192,3,768,WIKITEXT,True,False,1.0,0.009425,76.498,7911936.0,103426.70396611675,3937485717504.0,2211840.0,442368.0,1492992.0,3.435816,1,3.0,37.155,0.48569897252215743,0.12142474313053936,FSDP,3499987304448.0,17499936522240.0,-4.664389545648063,-2.1084606062103437,29.001563492773148,14.609335306277663,15.883883063273203,-0.722166245090453,12.999897393843563,30.493218369550867,28.883780457116764,16.001666098929586
611,NVIDIA GeForce RTX 2080 Ti,gpt,"CustomGPT(L=3,d=192,h=3,ff=768)",FSDP,4,128,8,128,8,3,192,3,768,WIKITEXT,True,False,1.0,0.0078105,64.285,7905792.0,122981.90011960338,4080147628032.0,2211840.0,589824.0,1548288.0,3.312372,2,3.0,43.141999999999996,0.6711052345026055,0.16777630862565138,FSDP,4663025860608.0,17486346977280.0,-4.852286296693211,-1.7851236830835777,29.037154287031193,14.609335306277663,15.88310621336037,-0.3988293219636872,13.287579466295345,30.492441519638035,29.170685679655715,15.749574820735848
612,NVIDIA GeForce RTX 2080 Ti,gpt,"CustomGPT(L=4,d=256,h=4,ff=1024)",Baseline,1,32,8,32,8,4,256,4,1024,WIKITEXT,True,False,1.0,0.001124,37.598,1356096.0,36068.30150539923,1466406273024.0,5242880.0,262144.0,3244032.0,1.960827,1,3.0,37.598,1.0,1.0,Baseline,355492429824.0,7109848596480.0,-6.790861527510637,0.0,28.013835811302364,15.472381523633006,14.120120541436703,0.0,12.476649250079015,29.59250206506971,26.59676979151572,15.537186561223347
613,NVIDIA GeForce RTX 2080 Ti,gpt,"CustomGPT(L=4,d=256,h=4,ff=1024)",Baseline,1,64,8,64,8,4,256,4,1024,WIKITEXT,True,False,1.0,0.0017079999999999999,38.986,1970304.0,50538.757502693275,2195139330048.0,5242880.0,524288.0,3342336.0,1.408848,1,3.0,38.986,1.0,1.0,Baseline,1033006743552.0,10330067435520.0,-6.372432183615759,0.0,28.417266636545033,15.472381523633006,14.493698403529692,0.0,13.16979643063896,29.966079927162696,27.663494834168652,15.24747020590607
614,NVIDIA GeForce RTX 2080 Ti,gpt,"CustomGPT(L=4,d=256,h=4,ff=1024)",Baseline,1,96,8,96,8,4,256,4,1024,WIKITEXT,True,False,1.0,0.002009,44.202,2584512.0,58470.476449029455,2964125122560.0,5242880.0,786432.0,3440640.0,1.278288,1,3.0,44.202,1.0,1.0,Baseline,2032542941184.0,13550286274560.0,-6.21011819314934,0.0,28.717603036560465,15.472381523633006,14.765047266671875,0.0,13.575261538747124,30.23742879030488,28.340308805419,15.142341497813343
615,NVIDIA GeForce RTX 2080 Ti,gpt,"CustomGPT(L=4,d=256,h=4,ff=1024)",Baseline,1,128,8,128,8,4,256,4,1024,WIKITEXT,True,False,1.0,0.002571,53.08,3198720.0,60262.245666917865,3773363650560.0,5242880.0,1048576.0,3538944.0,1.170063,1,3.0,53.08,1.0,1.0,Baseline,3354101022720.0,16770505113600.0,-5.9634603506983845,0.0,28.958987934603904,15.472381523633006,14.978261287748614,0.0,13.862943611198906,30.45064281138162,28.84120489894752,15.096044323404998
616,NVIDIA GeForce RTX 2080 Ti,gpt,"CustomGPT(L=4,d=256,h=4,ff=1024)",FSDP,2,32,8,32,8,4,256,4,1024,WIKITEXT,True,False,1.0,0.005179,89.039,1970496.0,22130.706768943946,2130784026624.0,5242880.0,262144.0,3244032.0,2.455495,1,3.0,37.598,0.42226440099282336,0.21113220049641168,FSDP,516553703424.0,10331074068480.0,-5.263143291540382,-1.5552707990649406,28.387511115539155,15.472381523633006,14.493795845673496,-0.8621236185049952,12.476649250079015,29.9661773693065,26.97044509575251,15.91086186546014
617,NVIDIA GeForce RTX 2080 Ti,gpt,"CustomGPT(L=4,d=256,h=4,ff=1024)",FSDP,2,64,8,64,8,4,256,4,1024,WIKITEXT,True,False,1.0,0.005406,86.245,3199104.0,37093.21120064931,3564160155648.0,5242880.0,524288.0,3342336.0,2.005381,1,3.0,38.986,0.45203779929271254,0.22601889964635627,FSDP,1677251837952.0,16772518379520.0,-5.220245831127881,-1.4871366564525843,28.901949561577975,15.472381523633006,14.978381328562635,-0.7939894758926391,13.16979643063896,30.45076285219564,28.148177759201594,15.732153130939016
618,NVIDIA GeForce RTX 2080 Ti,gpt,"CustomGPT(L=4,d=256,h=4,ff=1024)",FSDP,2,96,8,96,8,4,256,4,1024,WIKITEXT,True,False,1.0,0.005958,89.565,4427712.0,49435.73940713448,5078054338560.0,5242880.0,786432.0,3440640.0,1.9155,1,3.0,44.202,0.4935186735890136,0.2467593367945068,FSDP,3482094403584.0,23213962690560.0,-5.123020424691046,-1.3993417622982791,29.255949299933615,15.472381523633006,15.303393530045023,-0.7061945817383338,13.575261538747124,30.77577505367803,28.87865506879215,15.68068776118649
619,NVIDIA GeForce RTX 2080 Ti,gpt,"CustomGPT(L=4,d=256,h=4,ff=1024)",FSDP,2,128,8,128,8,4,256,4,1024,WIKITEXT,True,False,1.0,0.0069165,98.3125,5656320.0,57596.354248609096,6672466575360.0,5242880.0,1048576.0,3538944.0,1.862506,2,3.0,53.08,0.5399109980928163,0.26995549904640814,FSDP,5931081400320.0,29655407001600.0,-4.973845417649404,-1.309498151914435,29.52901070889969,15.472381523633006,15.548284062044402,-0.6163509713544898,13.862943611198906,31.02066558567741,29.411227673243307,15.666067097700786
620,NVIDIA GeForce RTX 2080 Ti,gpt,"CustomGPT(L=4,d=256,h=4,ff=1024)",FSDP,4,32,8,32,8,4,256,4,1024,WIKITEXT,True,False,1.0,0.009696,89.579,3199488.0,35716.942586990255,3459747151872.0,5242880.0,262144.0,3244032.0,4.100528,1,3.0,37.598,0.41971890733319195,0.10492972683329799,FSDP,838726582272.0,16774531645440.0,-4.636041849655179,-2.254464421138893,28.872216624834248,15.472381523633006,14.97850135496859,-0.8681700600190024,12.476649250079015,30.450882878601593,27.455150605047603,16.395567374755235
621,NVIDIA GeForce RTX 2080 Ti,gpt,"CustomGPT(L=4,d=256,h=4,ff=1024)",FSDP,4,64,8,64,8,4,256,4,1024,WIKITEXT,True,False,1.0,0.010999,91.379,5657088.0,61907.965725166614,6302629625856.0,5242880.0,524288.0,3342336.0,3.653785,1,3.0,38.986,0.4266406942514144,0.1066601735628536,FSDP,2965943353344.0,29659433533440.0,-4.509950919407157,-2.238107446557549,29.471988063168023,15.472381523633006,15.548419830152682,-0.8518130854376584,13.16979643063896,31.02080135378569,28.718216260791642,16.302191632529063
622,NVIDIA GeForce RTX 2080 Ti,gpt,"CustomGPT(L=4,d=256,h=4,ff=1024)",FSDP,4,96,8,96,8,4,256,4,1024,WIKITEXT,True,False,1.0,0.012098000000000001,94.561,7911936.0,83670.18115290659,9074041159680.0,5242880.0,786432.0,3440640.0,3.594667,1,3.0,44.202,0.4674442952168441,0.11686107380421103,FSDP,6222199652352.0,41481331015680.0,-4.414715129297415,-2.1467694530891372,29.836438833161797,15.472381523633006,15.883883063273203,-0.7604750919692469,13.575261538747124,31.356264586906207,29.459144602020327,16.26117729441467
623,NVIDIA GeForce RTX 2080 Ti,gpt,"CustomGPT(L=4,d=256,h=4,ff=1024)",FSDP,4,128,8,128,8,4,256,4,1024,WIKITEXT,True,False,1.0,0.0099305,78.11,7905792.0,101228.16861972981,9326051721216.0,5242880.0,1048576.0,3538944.0,3.4531099999999997,2,3.0,53.08,0.6795544744590961,0.16988861861477403,FSDP,8289823752192.0,41449118760960.0,-4.612144449725427,-1.7726122412780898,29.86383286021566,15.472381523633006,15.88310621336037,-0.38631788015819923,13.862943611198906,31.35548773699338,29.74604982455928,16.000889249016755
624,NVIDIA GeForce RTX 2080 Ti,gpt,"CustomGPT(L=4,d=320,h=5,ff=1280)",Baseline,1,32,8,32,8,4,320,5,1280,WIKITEXT,True,False,1.0,0.00133,40.966,1356096.0,33102.96343309085,2277373378560.0,8192000.0,327680.0,5038080.0,1.91803,1,3.0,40.966,1.0,1.0,Baseline,444365537280.0,11109138432000.0,-6.622576336748475,0.0,28.4540438678544,15.918668626261425,14.120120541436703,0.0,12.699792801393224,30.03878916769813,26.819913342829928,15.754251066461174
625,NVIDIA GeForce RTX 2080 Ti,gpt,"CustomGPT(L=4,d=320,h=5,ff=1280)",Baseline,1,64,8,64,8,4,320,5,1280,WIKITEXT,True,False,1.0,0.001948,43.617999999999995,1970304.0,45171.80980329222,3389553377280.0,8192000.0,655360.0,5160960.0,1.420043,1,3.0,43.617999999999995,1.0,1.0,Baseline,1291258429440.0,16140730368000.0,-6.240952073761793,0.0,28.85171928152645,15.918668626261425,14.493698403529692,0.0,13.39293998195317,30.412367029791117,27.88663838548286,15.458779299573278
626,NVIDIA GeForce RTX 2080 Ti,gpt,"CustomGPT(L=4,d=320,h=5,ff=1280)",Baseline,1,96,8,96,8,4,320,5,1280,WIKITEXT,True,False,1.0,0.002454,50.658,2584512.0,51018.832168660425,4552049295360.0,8192000.0,983040.0,5283840.0,1.266852,1,3.0,50.658,1.0,1.0,Baseline,2540678676480.0,21172322304000.0,-6.010035932693417,0.0,29.146598642078825,15.918668626261425,14.765047266671875,0.0,13.798405090061335,30.6837158929333,28.563452356733208,15.348193552017491
627,NVIDIA GeForce RTX 2080 Ti,gpt,"CustomGPT(L=4,d=320,h=5,ff=1280)",Baseline,1,128,8,128,8,4,320,5,1280,WIKITEXT,True,False,1.0,0.002993,58.291,3198720.0,54875.02358854712,5764861132800.0,8192000.0,1310720.0,5406720.0,1.194376,1,3.0,58.291,1.0,1.0,Baseline,4192626278400.0,26203914240000.0,-5.811479050111575,0.0,29.382802181380264,15.918668626261425,14.978261287748614,0.0,14.086087162513115,30.89692991401004,29.06434845026173,15.296715018867149
628,NVIDIA GeForce RTX 2080 Ti,gpt,"CustomGPT(L=4,d=320,h=5,ff=1280)",FSDP,2,32,8,32,8,4,320,5,1280,WIKITEXT,True,False,1.0,0.0055309999999999995,94.22200000000001,1970496.0,20913.332342764956,3309172162560.0,8192000.0,327680.0,5038080.0,2.509856,1,3.0,40.966,0.43478168580586274,0.21739084290293137,FSDP,645692129280.0,16142303232000.0,-5.197386647969596,-1.5260584261438177,28.827719172091193,15.918668626261425,14.493795845673496,-0.8329112455838725,12.699792801393224,30.41246447193492,27.193588647066722,16.127926370697967
629,NVIDIA GeForce RTX 2080 Ti,gpt,"CustomGPT(L=4,d=320,h=5,ff=1280)",FSDP,2,64,8,64,8,4,320,5,1280,WIKITEXT,True,False,1.0,0.006241,95.32499999999999,3199104.0,33559.96852871755,5503482593280.0,8192000.0,655360.0,5160960.0,2.060034,1,3.0,43.617999999999995,0.457571466037241,0.2287857330186205,FSDP,2096564797440.0,26207059968000.0,-5.076614853030231,-1.4749693771085384,29.33640220655939,15.918668626261425,14.978381328562635,-0.781822196548593,13.39293998195317,30.897049954824062,28.371321310515807,15.943462224606222
630,NVIDIA GeForce RTX 2080 Ti,gpt,"CustomGPT(L=4,d=320,h=5,ff=1280)",FSDP,2,96,8,96,8,4,320,5,1280,WIKITEXT,True,False,1.0,0.007213,102.999,4427712.0,42987.9125040049,7798440591360.0,8192000.0,983040.0,5283840.0,1.970233,1,3.0,50.658,0.49183001776716284,0.24591500888358142,FSDP,4352618004480.0,36271816704000.0,-4.931870325460602,-1.4027692950891688,29.684944905451975,15.918668626261425,15.303393530045023,-0.7096221145292236,13.798405090061335,31.22206215630645,29.101798620106358,15.88653981539064
631,NVIDIA GeForce RTX 2080 Ti,gpt,"CustomGPT(L=4,d=320,h=5,ff=1280)",FSDP,2,128,8,128,8,4,320,5,1280,WIKITEXT,True,False,1.0,0.0081665,109.97399999999999,5656320.0,51433.823781563435,10194046156800.0,8192000.0,1310720.0,5406720.0,1.9256005,2,3.0,58.291,0.5300434648189573,0.2650217324094786,FSDP,7413851750400.0,46336573440000.0,-4.80771485847108,-1.3279434472661045,29.952824955676054,15.918668626261425,15.548284062044402,-0.6347962667061591,14.086087162513115,31.466952688305827,29.63437122455752,15.866737793162937
632,NVIDIA GeForce RTX 2080 Ti,gpt,"CustomGPT(L=4,d=320,h=5,ff=1280)",FSDP,4,32,8,32,8,4,320,5,1280,WIKITEXT,True,False,1.0,0.011541,100.361,3199488.0,31879.793943862653,5373092167680.0,8192000.0,327680.0,5038080.0,4.183716,1,3.0,40.966,0.408186446926595,0.10204661173164875,FSDP,1048408227840.0,26210205696000.0,-4.461849366543869,-2.2823255923191414,29.312424681386286,15.918668626261425,14.97850135496859,-0.8960312311992511,12.699792801393224,30.897169981230014,27.678294156361815,16.61263187999306
633,NVIDIA GeForce RTX 2080 Ti,gpt,"CustomGPT(L=4,d=320,h=5,ff=1280)",FSDP,4,64,8,64,8,4,320,5,1280,WIKITEXT,True,False,1.0,0.012924999999999999,102.77000000000001,5657088.0,55046.10294833122,9732001628160.0,8192000.0,655360.0,5160960.0,3.806193,1,3.0,43.617999999999995,0.42442346988420737,0.10610586747105184,FSDP,3707429191680.0,46342864896000.0,-4.348591858587644,-2.2433179335618383,29.90644070814944,15.918668626261425,15.548419830152682,-0.8570235724419475,13.39293998195317,31.467088456414107,28.94135981210585,16.51350072619627
634,NVIDIA GeForce RTX 2080 Ti,gpt,"CustomGPT(L=4,d=320,h=5,ff=1280)",FSDP,4,96,8,96,8,4,320,5,1280,WIKITEXT,True,False,1.0,0.014422999999999998,106.07499999999999,7911936.0,74588.13103935895,13935134638080.0,8192000.0,983040.0,5283840.0,3.663425,1,3.0,50.658,0.4775677586613246,0.11939193966533115,FSDP,7777749565440.0,64814579712000.0,-4.2389311243807635,-2.125343587292861,30.265434438680153,15.918668626261425,15.883883063273203,-0.7390492261729705,13.798405090061335,31.802551689534628,29.682288153334536,16.46702934861882
635,NVIDIA GeForce RTX 2080 Ti,gpt,"CustomGPT(L=4,d=320,h=5,ff=1280)",FSDP,4,128,8,128,8,4,320,5,1280,WIKITEXT,True,False,1.0,0.0120305,89.304,7905792.0,88532.08672515134,14248134574080.0,8192000.0,1310720.0,5406720.0,3.5588355,2,3.0,58.291,0.6527255218131326,0.16318138045328315,FSDP,10362279690240.0,64764248064000.0,-4.420310187099489,-1.812892933320715,30.287647106992022,15.918668626261425,15.88310621336037,-0.4265985722008246,14.086087162513115,31.801774839621796,29.969193375873488,16.201559944478905
636,NVIDIA GeForce RTX 2080 Ti,gpt,"CustomGPT(L=6,d=384,h=6,ff=1536)",Baseline,1,32,8,32,8,6,384,6,1536,WIKITEXT,True,False,1.0,0.0017569999999999999,56.4105,1356096.0,24039.784000243526,4899130048512.0,17694720.0,589824.0,10838016.0,1.9125665,2,3.0,56.4105,1.0,1.0,Baseline,799857967104.0,23995739013120.0,-6.344147469777177,0.0,29.22007876416284,16.6887768479575,14.120120541436703,0.0,13.287579466295345,30.808897389394204,27.407700007732046,15.932499297867494
637,NVIDIA GeForce RTX 2080 Ti,gpt,"CustomGPT(L=6,d=384,h=6,ff=1536)",Baseline,1,64,8,64,8,6,384,6,1536,WIKITEXT,True,False,1.0,0.0025875,58.0315,1970304.0,33953.3162304734,7263328665600.0,17694720.0,1179648.0,11059200.0,1.384626,2,3.0,58.0315,1.0,1.0,Baseline,2324265172992.0,34863977594880.0,-5.957063120390649,0.0,29.613859333573345,16.6887768479575,14.493698403529692,0.0,13.98072664685529,31.18247525148719,28.47442505038498,15.633132686718056
638,NVIDIA GeForce RTX 2080 Ti,gpt,"CustomGPT(L=6,d=384,h=6,ff=1536)",Baseline,1,96,8,96,8,6,384,6,1536,WIKITEXT,True,False,1.0,0.003249,65.472,2584512.0,39475.238670996725,9718095937536.0,17694720.0,1769472.0,11280384.0,1.265525,2,3.0,65.472,1.0,1.0,Baseline,4573221617664.0,45732216176640.0,-5.729408022295174,0.0,29.905010824011708,16.6887768479575,14.765047266671875,0.0,14.386191754963454,31.453824114629374,29.151239021635327,15.518819069048254
639,NVIDIA GeForce RTX 2080 Ti,gpt,"CustomGPT(L=6,d=384,h=6,ff=1536)",Baseline,1,128,8,128,8,6,384,6,1536,WIKITEXT,True,False,1.0,0.0039095,74.116,3198720.0,43158.85671367573,12263431864320.0,17694720.0,2359296.0,11501568.0,1.186336,2,3.0,74.116,1.0,1.0,Baseline,7546727301120.0,56600454758400.0,-5.5443457903997055,0.0,30.13764293094555,16.6887768479575,14.978261287748614,0.0,14.673873827415234,31.667038135706115,29.652135115163848,15.463769103530316
640,NVIDIA GeForce RTX 2080 Ti,gpt,"CustomGPT(L=6,d=384,h=6,ff=1536)",FSDP,2,32,8,32,8,6,384,6,1536,WIKITEXT,True,False,1.0,0.007397,118.88,1970496.0,16575.504710632573,7118755725312.0,17694720.0,589824.0,10838016.0,2.601824,1,3.0,56.4105,0.47451631897711977,0.23725815948855988,FSDP,1162245832704.0,34867374981120.0,-4.9066807663764065,-1.4386064501401388,29.59375406839963,16.6887768479575,14.493795845673496,-0.7454592695801934,13.287579466295345,31.182572693630995,27.78137531196884,16.306174602104285
641,NVIDIA GeForce RTX 2080 Ti,gpt,"CustomGPT(L=6,d=384,h=6,ff=1536)",FSDP,2,64,8,64,8,6,384,6,1536,WIKITEXT,True,False,1.0,0.008208,121.21700000000001,3199104.0,26391.54574028395,11793176985600.0,17694720.0,1179648.0,11059200.0,2.137349,1,3.0,58.0315,0.47874060569062094,0.23937030284531047,FSDP,3773816635392.0,56607249530880.0,-4.8026459905537235,-1.4297435418180893,30.09854225860629,16.6887768479575,14.978381328562635,-0.7365963612581441,13.98072664685529,31.667158176520136,28.959107975417925,16.117815611751002
642,NVIDIA GeForce RTX 2080 Ti,gpt,"CustomGPT(L=6,d=384,h=6,ff=1536)",FSDP,2,96,8,96,8,6,384,6,1536,WIKITEXT,True,False,1.0,0.009436,132.123,4427712.0,33512.045593878436,16648763867136.0,17694720.0,1769472.0,11280384.0,1.998076,1,3.0,65.472,0.49553824845030764,0.24776912422515382,FSDP,7834712408064.0,78347124080640.0,-4.663223117436709,-1.3952579171259174,30.443357087384857,16.6887768479575,15.303393530045023,-0.7021107365659721,14.386191754963454,31.992170378002523,29.689585285008476,16.057165332421402
643,NVIDIA GeForce RTX 2080 Ti,gpt,"CustomGPT(L=6,d=384,h=6,ff=1536)",FSDP,2,128,8,128,8,6,384,6,1536,WIKITEXT,True,False,1.0,0.0104935,136.862,5656320.0,41335.574669530906,21685516369920.0,17694720.0,2359296.0,11501568.0,1.988149,2,3.0,74.116,0.5415381917551987,0.27076909587759934,FSDP,13344933150720.0,100086998630400.0,-4.556999261126798,-1.3064888660309757,30.707665705241336,16.6887768479575,15.548284062044402,-0.6133416854710304,14.673873827415234,32.2370609100019,30.222157889459638,16.033791877826104
644,NVIDIA GeForce RTX 2080 Ti,gpt,"CustomGPT(L=6,d=384,h=6,ff=1536)",FSDP,4,32,8,32,8,6,384,6,1536,WIKITEXT,True,False,1.0,0.015477999999999999,129.112,3199488.0,24780.717516574758,11558700711936.0,17694720.0,589824.0,10838016.0,4.391454,1,3.0,56.4105,0.4369113637771857,0.10922784094429643,FSDP,1887134810112.0,56614044303360.0,-4.168335618133869,-2.2143192944641563,30.078459577694723,16.6887768479575,14.97850135496859,-0.8280249333442656,13.287579466295345,31.667278202926088,28.266080821263934,16.790880111399378
645,NVIDIA GeForce RTX 2080 Ti,gpt,"CustomGPT(L=6,d=384,h=6,ff=1536)",FSDP,4,64,8,64,8,6,384,6,1536,WIKITEXT,True,False,1.0,0.016916,131.707,5657088.0,42952.06784757075,20854289203200.0,17694720.0,1179648.0,11059200.0,3.885348,1,3.0,58.0315,0.4406105977662539,0.11015264944156347,FSDP,6673372545024.0,100100588175360.0,-4.079495359371895,-2.205888152990249,30.668580760196335,16.6887768479575,15.548419830152682,-0.8195937918703589,13.98072664685529,32.23719667811018,29.52914647700797,16.687854113341047
646,NVIDIA GeForce RTX 2080 Ti,gpt,"CustomGPT(L=6,d=384,h=6,ff=1536)",FSDP,4,96,8,96,8,6,384,6,1536,WIKITEXT,True,False,1.0,0.019139,137.852,7911936.0,57394.42300438151,29749892087808.0,17694720.0,1769472.0,11280384.0,3.849679,1,3.0,65.472,0.47494414299393545,0.11873603574848386,FSDP,13999949217792.0,139999492177920.0,-3.9560271409262007,-2.1308524366790453,31.023846620613035,16.6887768479575,15.883883063273203,-0.7445580755591547,14.386191754963454,32.5726599112307,30.270074818236655,16.637654865649584
647,NVIDIA GeForce RTX 2080 Ti,gpt,"CustomGPT(L=6,d=384,h=6,ff=1536)",FSDP,4,128,8,128,8,6,384,6,1536,WIKITEXT,True,False,1.0,0.015868,112.91300000000001,7905792.0,70017.27303167921,30309668093952.0,17694720.0,2359296.0,11501568.0,3.7372665,2,3.0,74.116,0.6563991745857429,0.16409979364643573,FSDP,18652103442432.0,139890775818240.0,-4.143450776330053,-1.8072805383735628,31.042487856557308,16.6887768479575,15.88310621336037,-0.4209861772536723,14.673873827415234,32.57188306131787,30.556980040775606,16.368614029142073
648,NVIDIA GeForce RTX 2080 Ti,gpt,"CustomGPT(L=6,d=384,h=6,ff=1536)",FSDP,4,128,16,128,8,6,384,6,1536,WIKITEXT,True,False,1.0,0.010454999999999999,73.253,7893504.0,107756.73351262065,30262557671424.0,17694720.0,4718592.0,11501568.0,3.476313,1,3.0,74.116,1.0117810874639945,0.25294527186599863,FSDP,37246224826368.0,139673343098880.0,-4.56067494610154,-1.3745821303896395,31.04093234389678,16.6887768479575,15.881550700699847,0.011712230730250994,15.367021007975179,32.570327548657346,31.248571708675026,15.673911335921602
649,NVIDIA GeForce RTX 2080 Ti,gpt,"CustomGPT(L=6,d=448,h=7,ff=1792)",Baseline,1,32,8,32,8,6,448,7,1792,WIKITEXT,True,False,1.0,0.00205,57.025,1356096.0,23780.72775098641,6648819351552.0,24084480.0,688128.0,14708736.0,1.914526,1,3.0,57.025,1.0,1.0,Baseline,933167628288.0,32660866990080.0,-6.18991548583182,0.0,29.52546041371402,16.997078207612017,14.120120541436703,0.0,13.441730146122602,31.11719874904872,27.561850687559307,16.083730267591417
650,NVIDIA GeForce RTX 2080 Ti,gpt,"CustomGPT(L=6,d=448,h=7,ff=1792)",Baseline,1,64,8,64,8,6,448,7,1792,WIKITEXT,True,False,1.0,0.00282,60.169,1970304.0,32746.164968671575,9829704794112.0,24084480.0,1376256.0,14966784.0,1.389267,1,3.0,60.169,1.0,1.0,Baseline,2711642701824.0,47453747281920.0,-5.871018394032115,0.0,29.916430018518877,16.997078207612017,14.493698403529692,0.0,14.134877326682547,31.49077661114171,28.628575730212237,15.78155269183633
651,NVIDIA GeForce RTX 2080 Ti,gpt,"CustomGPT(L=6,d=448,h=7,ff=1792)",Baseline,1,96,8,96,8,6,448,7,1792,WIKITEXT,True,False,1.0,0.003529,68.226,2584512.0,37881.62870459942,13116253667328.0,24084480.0,2064384.0,15224832.0,1.266576,1,3.0,68.226,1.0,1.0,Baseline,5335425220608.0,62246627573760.0,-5.646740734289004,0.0,30.20487331502036,16.997078207612017,14.765047266671875,0.0,14.540342434790713,31.76212547428389,29.305389701462587,15.664530880229648
652,NVIDIA GeForce RTX 2080 Ti,gpt,"CustomGPT(L=6,d=448,h=7,ff=1792)",Baseline,1,128,8,128,8,6,448,7,1792,WIKITEXT,True,False,1.0,0.004199,77.30199999999999,3198720.0,41379.52446249774,16508465971200.0,24084480.0,2752512.0,15482880.0,1.190218,1,3.0,77.30199999999999,1.0,1.0,Baseline,8804515184640.0,77039507865600.0,-5.472908877280081,0.0,30.43489445441348,16.997078207612017,14.978261287748614,0.0,14.828024507242493,31.97533949536063,29.80628579499111,15.606869947170988
653,NVIDIA GeForce RTX 2080 Ti,gpt,"CustomGPT(L=6,d=448,h=7,ff=1792)",FSDP,2,32,8,32,8,6,448,7,1792,WIKITEXT,True,False,1.0,0.008444,130.547,1970496.0,15094.149999616997,9661168484352.0,24084480.0,688128.0,14708736.0,2.64889,1,3.0,57.025,0.436815859422277,0.2184079297111385,FSDP,1355953471488.0,47458371502080.0,-4.774299148996063,-1.5213907275693301,29.899135717950813,16.997078207612017,14.493795845673496,-0.8282435470093849,13.441730146122602,31.490874053285513,27.935525991796098,16.45740557182821
654,NVIDIA GeForce RTX 2080 Ti,gpt,"CustomGPT(L=6,d=448,h=7,ff=1792)",FSDP,2,64,8,64,8,6,448,7,1792,WIKITEXT,True,False,1.0,0.009354,133.89600000000002,3199104.0,23892.453844775046,15960099520512.0,24084480.0,1376256.0,14966784.0,2.215423,1,3.0,60.169,0.449371153731254,0.224685576865627,FSDP,4402786074624.0,77048756305920.0,-4.6719512196784425,-1.4930532902549913,30.401112943551823,16.997078207612017,14.978381328562635,-0.7999061096950462,14.134877326682547,31.97545953617465,29.113258655245183,16.266235616869274
655,NVIDIA GeForce RTX 2080 Ti,gpt,"CustomGPT(L=6,d=448,h=7,ff=1792)",FSDP,2,96,8,96,8,6,448,7,1792,WIKITEXT,True,False,1.0,0.010836,143.337,4427712.0,30890.223738462508,22470390448128.0,24084480.0,2064384.0,15224832.0,2.075061,1,3.0,68.226,0.4759831725234936,0.2379915862617468,FSDP,9140497809408.0,106639141109760.0,-4.524881354759288,-1.4355199577769533,30.743219578393507,16.997078207612017,15.303393530045023,-0.7423727772170081,14.540342434790713,32.30047173765704,29.843735964835734,16.202877143602798
656,NVIDIA GeForce RTX 2080 Ti,gpt,"CustomGPT(L=6,d=448,h=7,ff=1792)",FSDP,2,128,8,128,8,6,448,7,1792,WIKITEXT,True,False,1.0,0.011817,151.225,5656320.0,37403.599777569565,29192041267200.0,24084480.0,2752512.0,15482880.0,2.009803,2,3.0,77.30199999999999,0.5111720945610845,0.25558604728054224,FSDP,15569088675840.0,136229525913600.0,-4.4382161063252585,-1.364196146073037,31.00491722870927,16.997078207612017,15.548284062044402,-0.6710489655130916,14.828024507242493,32.545362269656415,30.376308569286895,16.176892721466775
657,NVIDIA GeForce RTX 2080 Ti,gpt,"CustomGPT(L=6,d=448,h=7,ff=1792)",FSDP,4,32,8,32,8,6,448,7,1792,WIKITEXT,True,False,1.0,0.017302,138.071,3199488.0,23172.77342816377,15686808109056.0,24084480.0,688128.0,14708736.0,4.438653,1,3.0,57.025,0.4130121459249227,0.10325303648123067,FSDP,2201657278464.0,77058004746240.0,-4.0569331772239545,-2.270572638554248,30.383841227245906,16.997078207612017,14.97850135496859,-0.8842782774343577,13.441730146122602,31.975579562580606,28.42023150109119,16.942111081123304
658,NVIDIA GeForce RTX 2080 Ti,gpt,"CustomGPT(L=6,d=448,h=7,ff=1792)",FSDP,4,64,8,64,8,6,448,7,1792,WIKITEXT,True,False,1.0,0.019715,147.083,5657088.0,38461.87526770599,28222804721664.0,24084480.0,1376256.0,14966784.0,3.943555,1,3.0,60.169,0.40908194692792504,0.10227048673198126,FSDP,7785601302528.0,136248022794240.0,-3.9263755116525463,-2.2801341448914765,30.971151445141867,16.997078207612017,15.548419830152682,-0.893839783771586,14.134877326682547,32.545498037764695,29.68329715683523,16.836274118459322
659,NVIDIA GeForce RTX 2080 Ti,gpt,"CustomGPT(L=6,d=448,h=7,ff=1792)",FSDP,4,96,8,96,8,6,448,7,1792,WIKITEXT,True,False,1.0,0.022173,154.576,7911936.0,51184.7634820412,40152632131584.0,24084480.0,2064384.0,15224832.0,3.898274,1,3.0,68.226,0.4413751164475727,0.11034377911189318,FSDP,16333274087424.0,190554864353280.0,-3.8088799465112775,-2.2041545220244037,31.32370911162169,16.997078207612017,15.883883063273203,-0.817860160904513,14.540342434790713,32.880961270885216,30.424225498063915,16.783366676830976
660,NVIDIA GeForce RTX 2080 Ti,gpt,"CustomGPT(L=6,d=448,h=7,ff=1792)",FSDP,4,128,8,128,8,6,448,7,1792,WIKITEXT,True,False,1.0,0.0177145,121.467,7905792.0,65085.98495898637,40801476280320.0,24084480.0,2752512.0,15482880.0,3.7642655,2,3.0,77.30199999999999,0.6364033029547119,0.15910082573867798,FSDP,21760787349504.0,190406889308160.0,-4.033371765731385,-1.8382171535910345,31.33973938002524,16.997078207612017,15.88310621336037,-0.451922792471144,14.828024507242493,32.880184420972384,30.711130720602863,16.511714872782747
661,NVIDIA GeForce RTX 2080 Ti,gpt,"CustomGPT(L=8,d=448,h=7,ff=1792)",Baseline,1,32,8,32,8,8,448,7,1792,WIKITEXT,True,False,1.0,0.0023279999999999998,71.716,1356096.0,18909.253165262984,8865092468736.0,32112640.0,917504.0,19611648.0,1.920927,1,3.0,71.716,1.0,1.0,Baseline,1244223504384.0,43547822653440.0,-6.0627457491129455,0.0,29.813142486165802,17.284760280063797,14.120120541436703,0.0,13.729412218574383,31.4048808215005,27.849532760011087,16.083730267591417
662,NVIDIA GeForce RTX 2080 Ti,gpt,"CustomGPT(L=8,d=448,h=7,ff=1792)",Baseline,1,64,8,64,8,8,448,7,1792,WIKITEXT,True,False,1.0,0.003352,74.235,1970304.0,26541.44271570014,13106273058816.0,32112640.0,1835008.0,19955712.0,1.398323,1,3.0,74.235,1.0,1.0,Baseline,3615523602432.0,63271663042560.0,-5.6981980963623,0.0,30.204112090970657,17.284760280063797,14.493698403529692,0.0,14.422559399134329,31.778458683593488,28.91625780266402,15.78155269183633
663,NVIDIA GeForce RTX 2080 Ti,gpt,"CustomGPT(L=8,d=448,h=7,ff=1792)",Baseline,1,96,8,96,8,8,448,7,1792,WIKITEXT,True,False,1.0,0.004268,81.943,2584512.0,31540.36342335526,17488338223104.0,32112640.0,2752512.0,20299776.0,1.26682,1,3.0,81.943,1.0,1.0,Baseline,7113900294144.0,82995503431680.0,-5.45660994554263,0.0,30.49255538747214,17.284760280063797,14.765047266671875,0.0,14.828024507242493,32.04980754673567,29.593071773914367,15.664530880229648
664,NVIDIA GeForce RTX 2080 Ti,gpt,"CustomGPT(L=8,d=448,h=7,ff=1792)",Baseline,1,128,8,128,8,8,448,7,1792,WIKITEXT,True,False,1.0,0.004962,91.301,3198720.0,35034.88461243579,22011287961600.0,32112640.0,3670016.0,20643840.0,1.174397,1,3.0,91.301,1.0,1.0,Baseline,11739353579520.0,102719343820800.0,-5.305946393712528,0.0,30.72257652686526,17.284760280063797,14.978261287748614,0.0,15.115706579694274,32.26302156781241,30.09396786744289,15.606869947170988
665,NVIDIA GeForce RTX 2080 Ti,gpt,"CustomGPT(L=8,d=448,h=7,ff=1792)",FSDP,2,32,8,32,8,8,448,7,1792,WIKITEXT,True,False,1.0,0.009325,143.998,1970496.0,13684.190058195254,12881557979136.0,32112640.0,917504.0,19611648.0,2.721931,1,3.0,71.716,0.4980346949263184,0.2490173474631592,FSDP,1807937961984.0,63277828669440.0,-4.675056313452258,-1.3902327164174246,30.186817790402593,17.284760280063797,14.493795845673496,-0.6970855358574795,13.729412218574383,31.778556125737293,28.223208064247878,16.45740557182821
666,NVIDIA GeForce RTX 2080 Ti,gpt,"CustomGPT(L=8,d=448,h=7,ff=1792)",FSDP,2,64,8,64,8,8,448,7,1792,WIKITEXT,True,False,1.0,0.010787999999999999,152.81799999999998,3199104.0,20934.07844625633,21280132694016.0,32112640.0,1835008.0,19955712.0,2.213097,1,3.0,74.235,0.4857739271551781,0.24288696357758904,FSDP,5870381432832.0,102731675074560.0,-4.529320873704654,-1.4151591143295281,30.688795016003603,17.284760280063797,14.978381328562635,-0.7220119337695828,14.422559399134329,32.263141608626434,29.400940727696963,16.266235616869274
667,NVIDIA GeForce RTX 2080 Ti,gpt,"CustomGPT(L=8,d=448,h=7,ff=1792)",FSDP,2,96,8,96,8,8,448,7,1792,WIKITEXT,True,False,1.0,0.012215,162.589,4427712.0,27232.54340699555,29960520597504.0,32112640.0,2752512.0,20299776.0,2.063693,1,3.0,81.943,0.503988584713603,0.2519942923568015,FSDP,12187330412544.0,142185521479680.0,-4.405090574272434,-1.3783488411049867,31.03090165084529,17.284760280063797,15.303393530045023,-0.6852016605450413,14.828024507242493,32.58815381010882,30.131418037287517,16.202877143602798
668,NVIDIA GeForce RTX 2080 Ti,gpt,"CustomGPT(L=8,d=448,h=7,ff=1792)",FSDP,2,128,8,128,8,8,448,7,1792,WIKITEXT,True,False,1.0,0.013545,171.06799999999998,5656320.0,33064.746182804505,38922721689600.0,32112640.0,3670016.0,20643840.0,1.998306,1,3.0,91.301,0.5337117403605585,0.26685587018027923,FSDP,20758784901120.0,181639367884800.0,-4.301737803445079,-1.3210465783917507,31.29259930116105,17.284760280063797,15.548284062044402,-0.6278993978318054,15.115706579694274,32.8330443421082,30.663990641738675,16.176892721466775
669,NVIDIA GeForce RTX 2080 Ti,gpt,"CustomGPT(L=8,d=448,h=7,ff=1792)",FSDP,4,32,8,32,8,8,448,7,1792,WIKITEXT,True,False,1.0,0.020616000000000002,164.435,3199488.0,19457.463435400005,20915744145408.0,32112640.0,917504.0,19611648.0,4.548849,1,3.0,71.716,0.436135859154073,0.10903396478851825,FSDP,2935543037952.0,102744006328320.0,-3.881687805632073,-2.2160958417269137,30.671523299697686,17.284760280063797,14.97850135496859,-0.8298014806070229,13.729412218574383,32.263261635032386,28.70791357354297,16.942111081123304
670,NVIDIA GeForce RTX 2080 Ti,gpt,"CustomGPT(L=8,d=448,h=7,ff=1792)",FSDP,4,64,8,64,8,8,448,7,1792,WIKITEXT,True,False,1.0,0.022671,167.782,5657088.0,33716.89454172676,37630406295552.0,32112640.0,1835008.0,19955712.0,3.951446,1,3.0,74.235,0.44244913041923445,0.11061228260480861,FSDP,10380801736704.0,181664030392320.0,-3.7866687042754443,-2.2017241417669484,31.258833517593647,17.284760280063797,15.548419830152682,-0.8154297806470581,14.422559399134329,32.83318011021648,29.97097922928701,16.836274118459322
671,NVIDIA GeForce RTX 2080 Ti,gpt,"CustomGPT(L=8,d=448,h=7,ff=1792)",FSDP,4,96,8,96,8,8,448,7,1792,WIKITEXT,True,False,1.0,0.025067,173.17000000000002,7911936.0,45688.83755846855,53536842842112.0,32112640.0,2752512.0,20299776.0,3.844268,1,3.0,81.943,0.47319397124213197,0.11829849281053299,FSDP,21777698783232.0,254073152471040.0,-3.686203038910528,-2.134544248480198,31.61139118407347,17.284760280063797,15.883883063273203,-0.7482498873603076,14.828024507242493,33.168643343336996,30.711907570515695,16.783366676830976
672,NVIDIA GeForce RTX 2080 Ti,gpt,"CustomGPT(L=8,d=448,h=7,ff=1792)",FSDP,4,128,8,128,8,8,448,7,1792,WIKITEXT,True,False,1.0,0.020773,137.62400000000002,7905792.0,57444.86426786025,54401968373760.0,32112640.0,3670016.0,20643840.0,3.769049,1,3.0,91.301,0.6634089984305062,0.16585224960762654,FSDP,29014383132672.0,253875852410880.0,-3.8741012124295895,-1.7966579495711694,31.62742145247702,17.284760280063797,15.88310621336037,-0.41036358845127896,15.115706579694274,33.16786649342417,30.998812793054647,16.511714872782747
673,NVIDIA GeForce RTX 2080 Ti,gpt,"CustomGPT(L=8,d=512,h=8,ff=2048)",Baseline,1,32,8,32,8,8,512,8,2048,WIKITEXT,True,False,1.0,0.002666,72.148,1356096.0,18796.062288112225,11553503969280.0,41943040.0,1048576.0,25559040.0,1.931211,2,3.0,72.148,1.0,1.0,Baseline,1421969719296.0,56878788771840.0,-5.92717605722562,0.0,30.07800988085141,17.551823065312842,14.120120541436703,0.0,13.862943611198906,31.671943606749544,27.98306415263561,16.215066269652503
674,NVIDIA GeForce RTX 2080 Ti,gpt,"CustomGPT(L=8,d=512,h=8,ff=2048)",Baseline,1,64,8,64,8,8,512,8,2048,WIKITEXT,True,False,1.0,0.003617,73.7795,1970304.0,26705.67130262526,17044611268608.0,41943040.0,2097152.0,25952256.0,1.4014885,2,3.0,73.7795,1.0,1.0,Baseline,4132026974208.0,82640539484160.0,-5.622110326012176,0.0,30.466855215075185,17.551823065312842,14.493698403529692,0.0,14.556090791758852,32.04552146884253,29.049789195288543,15.910764423316335
675,NVIDIA GeForce RTX 2080 Ti,gpt,"CustomGPT(L=8,d=512,h=8,ff=2048)",Baseline,1,96,8,96,8,8,512,8,2048,WIKITEXT,True,False,1.0,0.004543999999999999,85.46549999999999,2584512.0,30240.41288198272,22696729509888.0,41943040.0,3145728.0,26345472.0,1.273155,2,3.0,85.46549999999999,1.0,1.0,Baseline,8130171764736.0,108402290196480.0,-5.393947597563287,0.0,30.75324195558191,17.551823065312842,14.765047266671875,0.0,14.961555899867015,32.31687033198472,29.72660316653889,15.791686055714894
676,NVIDIA GeForce RTX 2080 Ti,gpt,"CustomGPT(L=8,d=512,h=8,ff=2048)",Baseline,1,128,8,128,8,8,512,8,2048,WIKITEXT,True,False,1.0,0.005386500000000001,96.03,3198720.0,33309.64019850749,28509858693120.0,41943040.0,4194304.0,26738688.0,1.1937505000000002,2,3.0,96.03,1.0,1.0,Baseline,13416404090880.0,134164040908800.0,-5.223859455630027,0.0,30.981271062443792,17.551823065312842,14.978261287748614,0.0,15.249237972318797,32.530084353061454,30.22749926006741,15.732033090124995
677,NVIDIA GeForce RTX 2080 Ti,gpt,"CustomGPT(L=8,d=512,h=8,ff=2048)",FSDP,2,32,8,32,8,8,512,8,2048,WIKITEXT,True,False,1.0,0.010628,158.928,1970496.0,12398.671096345515,16787995361280.0,41943040.0,1048576.0,25559040.0,2.756853,1,3.0,72.148,0.4539665760595993,0.22698328802979964,FSDP,2066214813696.0,82648592547840.0,-4.54426325108457,-1.4828788852249928,30.451685185088202,17.551823065312842,14.493795845673496,-0.7897317046650474,13.862943611198906,32.045618910986335,28.3567394568724,16.588741573889298
678,NVIDIA GeForce RTX 2080 Ti,gpt,"CustomGPT(L=8,d=512,h=8,ff=2048)",FSDP,2,64,8,64,8,8,512,8,2048,WIKITEXT,True,False,1.0,0.012044,164.6,3199104.0,19435.62575941677,27674655326208.0,41943040.0,2097152.0,25952256.0,2.289089,1,3.0,73.7795,0.44823511543134875,0.22411755771567438,FSDP,6709007351808.0,134180147036160.0,-4.41918866836265,-1.4955845535616585,30.95153814010813,17.551823065312842,14.978381328562635,-0.8024373730017132,14.556090791758852,32.53020439387548,29.534472120321485,16.39544734834928
679,NVIDIA GeForce RTX 2080 Ti,gpt,"CustomGPT(L=8,d=512,h=8,ff=2048)",FSDP,2,96,8,96,8,8,512,8,2048,WIKITEXT,True,False,1.0,0.013742,178.083,4427712.0,24863.193005508667,38883387506688.0,41943040.0,3145728.0,26345472.0,2.110734,1,3.0,85.46549999999999,0.47991947575007154,0.23995973787503577,FSDP,13928377614336.0,185711701524480.0,-4.2872984423732525,-1.4272841285672537,31.29158821895506,17.551823065312842,15.303393530045023,-0.7341369480073086,14.961555899867015,32.85521659535787,30.264949429912036,16.330032319088044
680,NVIDIA GeForce RTX 2080 Ti,gpt,"CustomGPT(L=8,d=512,h=8,ff=2048)",FSDP,2,128,8,128,8,8,512,8,2048,WIKITEXT,True,False,1.0,0.015064999999999999,186.41750000000002,5656320.0,30343.288629009596,50414191902720.0,41943040.0,4194304.0,26738688.0,2.034062,2,3.0,96.03,0.5151340405273109,0.25756702026365547,FSDP,23724325601280.0,237243256012800.0,-4.195381106399872,-1.3564753198748882,31.55129383673958,17.551823065312842,15.548284062044402,-0.663328139314943,15.249237972318797,33.10010712735724,30.797522034363197,16.302055864420783
681,NVIDIA GeForce RTX 2080 Ti,gpt,"CustomGPT(L=8,d=512,h=8,ff=2048)",FSDP,4,32,8,32,8,8,512,8,2048,WIKITEXT,True,False,1.0,0.022851,180.721,3199488.0,17704.01890206451,27258613923840.0,41943040.0,1048576.0,25559040.0,4.615851,1,3.0,72.148,0.39922311186857085,0.09980577796714271,FSDP,3354906329088.0,134196253163520.0,-3.7787603989233762,-2.3045292018782444,30.936390694383295,17.551823065312842,14.97850135496859,-0.9182348407583539,13.862943611198906,32.53032442028143,28.841444966167494,17.07344708318439
682,NVIDIA GeForce RTX 2080 Ti,gpt,"CustomGPT(L=8,d=512,h=8,ff=2048)",FSDP,4,64,8,64,8,8,512,8,2048,WIKITEXT,True,False,1.0,0.025389,183.679,5657088.0,30798.7739480289,48938065330176.0,41943040.0,2097152.0,25952256.0,4.076421,1,3.0,73.7795,0.4016762939693705,0.10041907349234262,FSDP,11863773413376.0,237275468267520.0,-3.6734392696260585,-2.298403114744145,31.52157664169818,17.551823065312842,15.548419830152682,-0.9121087536242544,14.556090791758852,33.10024289546553,30.104510621911533,16.965485849939327
683,NVIDIA GeForce RTX 2080 Ti,gpt,"CustomGPT(L=8,d=512,h=8,ff=2048)",FSDP,4,96,8,96,8,8,512,8,2048,WIKITEXT,True,False,1.0,0.028376,191.881,7911936.0,41233.5562145288,69481229451264.0,41943040.0,3145728.0,26345472.0,3.837887,1,3.0,85.46549999999999,0.4454088732078736,0.1113522183019684,FSDP,24888798609408.0,331850648125440.0,-3.562211561510816,-2.195056963591537,31.872077752183237,17.551823065312842,15.883883063273203,-0.8087626024716466,14.961555899867015,33.43570612858604,30.845438963140218,16.910521852316222
684,NVIDIA GeForce RTX 2080 Ti,gpt,"CustomGPT(L=8,d=512,h=8,ff=2048)",FSDP,4,128,8,128,8,8,512,8,2048,WIKITEXT,True,False,1.0,0.022760000000000002,152.22750000000002,7905792.0,51935.84046545396,70463501893632.0,41943040.0,4194304.0,26738688.0,3.840325,2,3.0,96.03,0.6308321426811844,0.1577080356702961,FSDP,33159295008768.0,331592950087680.0,-3.7827506697240065,-1.8470098308877634,31.886115988055547,17.551823065312842,15.88310621336037,-0.4607154697678729,15.249237972318797,33.434929278673216,31.132344185679166,16.63687801573675
685,NVIDIA GeForce RTX 2080 Ti,gpt,"CustomGPT(L=8,d=512,h=8,ff=2048)",FSDP,4,128,16,128,8,8,512,8,2048,WIKITEXT,True,False,1.0,0.015394999999999999,96.027,7893504.0,82200.88100221813,70353980227584.0,41943040.0,8388608.0,26738688.0,3.645539,1,3.0,96.03,1.0000312412134087,0.2500078103033522,FSDP,66215510802432.0,331077554012160.0,-4.173712497605673,-1.3862631203944784,31.884560475395023,17.551823065312842,15.881550700699847,3.124072541215087e-05,15.942385152878742,33.433373766012686,31.82393585357859,15.942175322516281
686,NVIDIA GeForce RTX 2080 Ti,gpt,"CustomGPT(L=8,d=640,h=10,ff=2560)",Baseline,1,32,8,32,8,8,640,10,2560,WIKITEXT,True,False,1.0,0.00334,74.009,1356096.0,18323.393100839086,17996804259840.0,65536000.0,1310720.0,39813120.0,1.909649,1,3.0,74.009,1.0,1.0,Baseline,1777462149120.0,88873107456000.0,-5.701784471993528,0.0,30.52121531694242,17.998110167941263,14.120120541436703,0.0,14.086087162513115,32.11823070937796,28.20620770394982,16.435128154429307
687,NVIDIA GeForce RTX 2080 Ti,gpt,"CustomGPT(L=8,d=640,h=10,ff=2560)",Baseline,1,64,8,64,8,8,640,10,2560,WIKITEXT,True,False,1.0,0.004411,81.238,1970304.0,24253.47743666757,26470797803520.0,65536000.0,2621440.0,40304640.0,1.437877,1,3.0,81.238,1.0,1.0,Baseline,5165033717760.0,129125842944000.0,-5.4236538578593345,0.0,30.907063271627223,17.998110167941263,14.493698403529692,0.0,14.77923434307306,32.491808571470955,29.272932746602752,16.127828928554163
688,NVIDIA GeForce RTX 2080 Ti,gpt,"CustomGPT(L=8,d=640,h=10,ff=2560)",Baseline,1,96,8,96,8,8,640,10,2560,WIKITEXT,True,False,1.0,0.005437,96.90299999999999,2584512.0,26671.124732980406,35146055024640.0,65536000.0,3932160.0,40796160.0,1.28433,1,3.0,96.90299999999999,1.0,1.0,Baseline,10162714705920.0,169378578432000.0,-5.214527840818353,0.0,31.19053349530175,17.998110167941263,14.765047266671875,0.0,15.184699451181226,32.763157434613134,29.9497467178531,16.005834044120526
689,NVIDIA GeForce RTX 2080 Ti,gpt,"CustomGPT(L=8,d=640,h=10,ff=2560)",Baseline,1,128,8,128,8,8,640,10,2560,WIKITEXT,True,False,1.0,0.006531,109.674,3198720.0,29165.709283877673,44022575923200.0,65536000.0,5242880.0,41287680.0,1.205219,1,3.0,109.674,1.0,1.0,Baseline,16770505113600.0,209631313920000.0,-5.031195208061617,0.0,31.415723707425208,17.998110167941263,14.978261287748614,0.0,15.472381523633006,32.97637145568988,30.45064281138162,15.943342183792202
690,NVIDIA GeForce RTX 2080 Ti,gpt,"CustomGPT(L=8,d=640,h=10,ff=2560)",FSDP,2,32,8,32,8,8,640,10,2560,WIKITEXT,True,False,1.0,0.013779,196.22500000000002,1970496.0,10042.023187667217,26150531235840.0,65536000.0,1310720.0,39813120.0,2.85823,1,3.0,74.009,0.3771639699324754,0.1885819849662377,FSDP,2582768517120.0,129138425856000.0,-4.2846095849703705,-1.6682224331423412,30.894890621179215,17.998110167941263,14.493795845673496,-0.975075252582396,14.086087162513115,32.49190601361476,28.57988300818661,16.808803458666098
691,NVIDIA GeForce RTX 2080 Ti,gpt,"CustomGPT(L=8,d=640,h=10,ff=2560)",FSDP,2,64,8,64,8,8,640,10,2560,WIKITEXT,True,False,1.0,0.015622,207.452,3199104.0,15420.935927347049,42979578347520.0,65536000.0,2621440.0,40304640.0,2.326089,1,3.0,81.238,0.39159902049630757,0.19579951024815379,FSDP,8386259189760.0,209656479744000.0,-4.1590751017940315,-1.6306640501750973,31.39174619666017,17.998110167941263,14.978381328562635,-0.9375168696151521,14.77923434307306,32.9764914965039,29.757615671635698,16.612511853587108
692,NVIDIA GeForce RTX 2080 Ti,gpt,"CustomGPT(L=8,d=640,h=10,ff=2560)",FSDP,2,96,8,96,8,8,640,10,2560,WIKITEXT,True,False,1.0,0.017543,219.15099999999998,4427712.0,20203.932448403157,60211215728640.0,65536000.0,3932160.0,40796160.0,2.152319,1,3.0,96.90299999999999,0.4421745736957623,0.22108728684788115,FSDP,17410472017920.0,290174533632000.0,-4.043100269035089,-1.5091976923291985,31.7288797586749,17.998110167941263,15.303393530045023,-0.8160505117692533,15.184699451181226,33.301503697986284,30.48809298122625,16.544180307493676
693,NVIDIA GeForce RTX 2080 Ti,gpt,"CustomGPT(L=8,d=640,h=10,ff=2560)",FSDP,2,128,8,128,8,8,640,10,2560,WIKITEXT,True,False,1.0,0.0192575,228.21699999999998,5656320.0,24786.628644963308,77845443379200.0,65536000.0,5242880.0,41287680.0,2.068908,2,3.0,109.674,0.48056893220049346,0.24028446610024673,FSDP,29655407001600.0,370692587520000.0,-3.9498546837371533,-1.425931782106796,31.985746481720994,17.998110167941263,15.548284062044402,-0.7327846015468509,15.472381523633006,33.546394229985665,31.02066558567741,16.51336495808799
694,NVIDIA GeForce RTX 2080 Ti,gpt,"CustomGPT(L=8,d=640,h=10,ff=2560)",FSDP,4,32,8,32,8,8,640,10,2560,WIKITEXT,True,False,1.0,0.02992,227.457,3199488.0,14066.342209736345,42460533227520.0,65536000.0,1310720.0,39813120.0,4.747195,1,3.0,74.009,0.325375785313268,0.081343946328317,FSDP,4193632911360.0,209681645568000.0,-3.5092281258758606,-2.509068863226575,31.379596130474308,17.998110167941263,14.97850135496859,-1.1227745021066844,14.086087162513115,32.97661152290985,29.064588517481706,17.29350896796119
695,NVIDIA GeForce RTX 2080 Ti,gpt,"CustomGPT(L=8,d=640,h=10,ff=2560)",FSDP,4,64,8,64,8,8,640,10,2560,WIKITEXT,True,False,1.0,0.032977,230.645,5657088.0,24527.251837239048,76002298429440.0,65536000.0,2621440.0,40304640.0,4.158042,1,3.0,81.238,0.35222094560905287,0.08805523640226322,FSDP,14829716766720.0,370742919168000.0,-3.4119449302089198,-2.429790975027282,31.961784698250217,17.998110167941263,15.548419830152682,-1.0434966139073916,14.77923434307306,33.546529998093945,30.327654173225742,17.182550355177153
696,NVIDIA GeForce RTX 2080 Ti,gpt,"CustomGPT(L=8,d=640,h=10,ff=2560)",FSDP,4,96,8,96,8,8,640,10,2560,WIKITEXT,True,False,1.0,0.036247,237.473,7911936.0,33317.202376691246,107592202321920.0,65536000.0,3932160.0,40796160.0,3.954973,1,3.0,96.90299999999999,0.40805902144664863,0.10201475536166216,FSDP,31110998261760.0,518516637696000.0,-3.3173986597268263,-2.2826378157517215,32.30936929190308,17.998110167941263,15.883883063273203,-0.8963434546318307,15.184699451181226,33.881993231214466,31.068582514454427,17.124669840721854
697,NVIDIA GeForce RTX 2080 Ti,gpt,"CustomGPT(L=8,d=640,h=10,ff=2560)",FSDP,4,128,8,128,8,8,640,10,2560,WIKITEXT,True,False,1.0,0.029554,189.322,7905792.0,41758.54814127443,108803936747520.0,65536000.0,5242880.0,41287680.0,3.955498,2,3.0,109.674,0.579298760841318,0.1448246902103295,FSDP,41449118760960.0,518113984512000.0,-3.5215361805006946,-1.9322313010638497,32.32056863303696,17.998110167941263,15.88310621336037,-0.5459369399439592,15.472381523633006,33.881216381301634,31.35548773699338,16.84818710940396
768,Tesla T4,gpt,"CustomGPT(L=10,d=640,h=10,ff=2560)",Baseline,1,128,8,128,8,10,640,10,2560,WIKITEXT,True,False,1.0,0.008775,207.91199999999998,3198720.0,15384.970564469584,55028219904000.0,81920000.0,6553600.0,51609600.0,1.245237,1,3.0,207.91199999999998,1.0,1.0,Baseline,20963131392000.0,262039142400000.0,-4.735848509630207,0.0,31.638867258739417,18.221253719255472,14.978261287748614,0.0,15.695525074947216,33.19951500700409,30.673786362695832,15.943342183792202
772,Tesla T4,gpt,"CustomGPT(L=10,d=640,h=10,ff=2560)",FSDP,2,128,8,128,8,10,640,10,2560,WIKITEXT,True,False,1.0,0.018702,322.846,5656320.0,17520.17990001425,97306804224000.0,81920000.0,6553600.0,51609600.0,2.074687,1,3.0,207.91199999999998,0.6439974476995223,0.32199872384976114,FSDP,37069258752000.0,463365734400000.0,-3.9791248089688818,-1.1332076966450817,32.2088900330352,18.221253719255472,15.548284062044402,-0.4400605160851365,15.695525074947216,33.769537781299874,31.24380913699162,16.51336495808799
776,Tesla T4,gpt,"CustomGPT(L=10,d=640,h=10,ff=2560)",FSDP,4,128,8,128,8,10,640,10,2560,WIKITEXT,True,False,1.0,0.028920500000000002,322.564,7905792.0,24511.106580732878,136004920934400.0,81920000.0,6553600.0,51609600.0,4.021345,2,3.0,207.91199999999998,0.6445604593197007,0.16114011482992519,FSDP,51811398451200.0,647642480640000.0,-3.5432045927677214,-1.8254810140236526,32.54371218435117,18.221253719255472,15.88310621336037,-0.4391866529037621,15.695525074947216,34.10435993261584,31.578631288307587,16.84818710940396
777,Tesla T4,gpt,"CustomGPT(L=10,d=640,h=10,ff=2560)",FSDP,4,128,16,128,8,10,640,10,2560,WIKITEXT,True,False,1.0,0.020209,227.032,7893504.0,34768.24412417632,135793528012800.0,81920000.0,13107200.0,51609600.0,3.985563,1,3.0,207.91199999999998,0.9157827971387292,0.2289456992846823,FSDP,103461735628800.0,646635847680000.0,-3.9016272292460257,-1.4742704245731213,32.54215667169065,18.221253719255472,15.881550700699847,-0.08797606345323077,16.38867225550716,34.10280441995532,32.27022295620701,16.15348441618349
778,Tesla T4,gpt,"CustomGPT(L=10,d=768,h=12,ff=3072)",Baseline,1,128,8,128,8,10,768,12,3072,WIKITEXT,True,False,1.0,0.010458,247.898,3198720.0,12903.371547975377,78611742720000.0,117964800.0,7864320.0,73728000.0,1.239079,1,3.0,247.898,1.0,1.0,Baseline,25155757670400.0,377336365056000.0,-4.560388043216198,0.0,31.99554220267815,18.585896832843382,14.978261287748614,0.0,15.877846631741171,33.564158120592,30.856107919489784,16.11769557093698
782,Tesla T4,gpt,"CustomGPT(L=10,d=768,h=12,ff=3072)",FSDP,2,128,8,128,8,10,768,12,3072,WIKITEXT,True,False,1.0,0.02053,351.346,5656320.0,16099.002123263108,139009720320000.0,117964800.0,7864320.0,73728000.0,2.129519,1,3.0,247.898,0.7055665924757931,0.35278329623789656,FSDP,44483110502400.0,667246657536000.0,-3.885868047951295,-1.041901302234836,32.56556497697394,18.585896832843382,15.548284062044402,-0.34875412167489084,15.877846631741171,34.134180894887784,31.426130693785574,16.687718345232767
786,Tesla T4,gpt,"CustomGPT(L=10,d=768,h=12,ff=3072)",FSDP,4,128,8,128,8,10,768,12,3072,WIKITEXT,True,False,1.0,0.036237,403.2365,7905792.0,19607.972948800998,194292744192000.0,117964800.0,7864320.0,73728000.0,4.0537505,2,3.0,247.898,0.6147707362800738,0.15369268407001846,FSDP,62173678141440.0,932605172121600.0,-3.317674582690886,-1.8728002283341494,32.90038712828991,18.585896832843382,15.88310621336037,-0.48650586721425887,15.877846631741171,34.46900304620375,31.760952845101542,17.022540496548736
795,Tesla T4,gpt,"CustomGPT(L=12,d=768,h=12,ff=3072)",Baseline,1,128,8,128,8,12,768,12,3072,WIKITEXT,True,False,1.0,0.011769,278.859,3198720.0,11470.74327886136,94334091264000.0,141557760.0,9437184.0,88473600.0,1.236569,1,3.0,278.859,1.0,1.0,Baseline,30186909204480.0,452803638067200.0,-4.442286323086612,0.0,32.1778637594721,18.768218389637337,14.978261287748614,0.0,16.060168188535126,33.74647967738595,31.03842947628374,16.11769557093698
799,Tesla T4,gpt,"CustomGPT(L=12,d=768,h=12,ff=3072)",FSDP,2,128,8,128,8,12,768,12,3072,WIKITEXT,True,False,1.0,0.024903,425.369,5656320.0,13297.442926024227,166811664384000.0,141557760.0,9437184.0,88473600.0,2.103475,1,3.0,278.859,0.6555696348346963,0.32778481741734816,FSDP,53379732602880.0,800695989043200.0,-3.692767000841129,-1.1153979303486297,32.74788653376789,18.768218389637337,15.548284062044402,-0.4222507497886843,16.060168188535126,34.316502451681735,31.60845225057953,16.687718345232767
803,Tesla T4,gpt,"CustomGPT(L=12,d=768,h=12,ff=3072)",FSDP,4,128,8,128,8,12,768,12,3072,WIKITEXT,True,False,1.0,0.041725,459.746,7905792.0,17195.99953017536,233151293030400.0,141557760.0,9437184.0,88473600.0,4.084356,1,3.0,278.859,0.6065501385547671,0.15163753463869178,FSDP,74608413769728.0,1119126206545920.0,-3.1766548094342384,-1.8862622464542176,33.08270868508386,18.768218389637337,15.88310621336037,-0.4999678853343269,16.060168188535126,34.651324602997704,31.943274401895497,17.022540496548736
804,Tesla T4,gpt,"CustomGPT(L=12,d=768,h=12,ff=3072)",FSDP,4,128,16,128,8,12,768,12,3072,WIKITEXT,True,False,1.0,0.026562000000000002,293.594,7893504.0,26885.781044571755,232788905164800.0,141557760.0,18874368.0,88473600.0,4.070969,1,3.0,278.859,0.9498116446521386,0.23745291116303466,FSDP,148984899305472.0,1117386744791040.0,-3.628273656004078,-1.437785943952518,33.081153172423335,18.768218389637337,15.881550700699847,-0.05149158283262742,16.75331536909507,34.64976909033718,32.63486606979492,16.327837803328265
805,Tesla T4,gpt,"CustomGPT(L=12,d=896,h=14,ff=3584)",Baseline,1,128,8,128,8,12,896,14,3584,WIKITEXT,True,False,1.0,0.014234,337.45799999999997,3198720.0,9478.86848141102,127665470177280.0,192675840.0,11010048.0,119734272.0,1.235073,1,3.0,337.45799999999997,1.0,1.0,Baseline,35218060738560.0,616316062924800.0,-4.2521218101050575,0.0,32.48043444441764,19.07651974929185,14.978261287748614,0.0,16.214318868362383,34.05478103704046,31.192580156111,16.266115576055252
809,Tesla T4,gpt,"CustomGPT(L=12,d=896,h=14,ff=3584)",FSDP,2,128,8,128,8,12,896,14,3584,WIKITEXT,True,False,1.0,0.027817,470.4,5656320.0,12024.489795918367,225751785799680.0,192675840.0,11010048.0,119734272.0,2.14515,1,3.0,337.45799999999997,0.7173852040816326,0.3586926020408163,FSDP,62276354703360.0,1089836207308800.0,-3.582107934390714,-1.0252895190200748,33.050457218713426,19.07651974929185,15.548284062044402,-0.3321423384601294,16.214318868362383,34.62480381133626,31.762602930406786,16.83613835035104
810,Tesla T4,gpt,"CustomGPT(L=12,d=896,h=14,ff=3584)",FSDP,4,128,8,128,8,12,896,14,3584,WIKITEXT,True,False,1.0,0.049969,548.904,7905792.0,14402.868261116699,315531416567808.0,192675840.0,11010048.0,119734272.0,4.123123,1,3.0,337.45799999999997,0.6147850990337108,0.1536962747584277,FSDP,87043149398016.0,1523255114465280.0,-2.9963524658334704,-1.8727768658267705,33.385279370029394,19.07651974929185,15.88310621336037,-0.48648250470688004,16.214318868362383,34.959625962652225,32.097425081722754,17.17096050166701
811,Tesla T4,gpt,"CustomGPT(L=16,d=1024,h=16,ff=4096)",Baseline,1,64,8,64,8,16,1024,16,4096,WIKITEXT,True,False,1.0,0.012506,296.088,1970304.0,6654.454081219096,134290876661760.0,335544320.0,8388608.0,204472320.0,1.460957,1,3.0,296.088,1.0,1.0,Baseline,16528107896832.0,661124315873280.0,-4.381546749837031,0.0,32.53102928462423,19.631264606992676,14.493698403529692,0.0,15.942385152878742,34.12496301052237,30.436083556408434,16.588644131745493
812,Tesla T4,gpt,"CustomGPT(L=16,d=1024,h=16,ff=4096)",FSDP,4,64,8,64,8,16,1024,16,4096,WIKITEXT,True,False,1.0,0.094161,1054.867,5657088.0,5362.844794651838,385572635934720.0,335544320.0,8388608.0,204472320.0,4.330035,1,3.0,296.088,0.2806875179525002,0.07017187948812505,FSDP,47455093653504.0,1898203746140160.0,-2.3627491958656095,-2.656807625295043,33.58575071124722,19.631264606992676,15.548419830152682,-1.2705132641751524,15.942385152878742,35.17968443714536,31.490804983031424,17.643365558368483
813,Tesla T4,gpt,"CustomGPT(L=16,d=768,h=12,ff=3072)",Baseline,1,128,8,128,8,16,768,12,3072,WIKITEXT,True,False,1.0,0.014422,341.86,3198720.0,9356.812730357457,125778788352000.0,188743680.0,12582912.0,117964800.0,1.24196,1,3.0,341.86,1.0,1.0,Baseline,40249212272640.0,603738184089600.0,-4.239000460487569,0.0,32.46554583192388,19.055900462089117,14.978261287748614,0.0,16.347850260986906,34.03416174983773,31.326111548735522,16.11769557093698
816,Tesla T4,gpt,"CustomGPT(L=16,d=768,h=12,ff=3072)",FSDP,4,128,8,128,8,16,768,12,3072,WIKITEXT,True,False,1.0,0.049555,539.576,7905792.0,14651.859978946432,310868390707200.0,188743680.0,12582912.0,117964800.0,4.115457,1,3.0,341.86,0.633571545065014,0.1583928862662535,FSDP,99477885026304.0,1492168275394560.0,-3.004672115123465,-1.842676710545561,33.370390757535645,19.055900462089117,15.88310621336037,-0.4563823494256706,16.347850260986906,34.939006675449484,32.23095647434728,17.022540496548736
817,Tesla T4,gpt,"CustomGPT(L=16,d=768,h=12,ff=3072)",FSDP,4,128,16,128,8,16,768,12,3072,WIKITEXT,True,False,1.0,0.03258,355.385,7893504.0,22211.134403534197,310385206886400.0,188743680.0,25165824.0,117964800.0,4.121504,1,3.0,341.86,0.9619426818802145,0.24048567047005362,FSDP,198646532407296.0,1489848993054720.0,-3.424056675808238,-1.425094773456513,33.368835244875115,19.055900462089117,15.881550700699847,-0.038800412336622334,17.04099744154685,34.93745116278896,32.9225481422467,16.327837803328265
818,Tesla T4,gpt,"CustomGPT(L=2,d=128,h=2,ff=512)",Baseline,1,128,8,128,8,2,128,2,512,WIKITEXT,True,False,1.0,0.002513,60.094,3198720.0,53228.60851332912,524078284800.0,655360.0,262144.0,491520.0,1.211505,1,3.0,60.094,1.0,1.0,Baseline,838525255680.0,2096313139200.0,-5.986278020420682,0.0,26.984906908581895,13.39293998195317,14.978261287748614,0.0,12.476649250079015,28.371201269701785,27.45491053782763,14.50825765850288
822,Tesla T4,gpt,"CustomGPT(L=2,d=128,h=2,ff=512)",FSDP,2,128,8,128,8,2,128,2,512,WIKITEXT,True,False,1.0,0.00426,82.97399999999999,5656320.0,68169.78812640105,926731468800.0,655360.0,262144.0,491520.0,1.782405,1,3.0,60.094,0.7242509701834311,0.36212548509171555,FSDP,1482770350080.0,3706925875200.0,-5.458486118700858,-1.015764483323715,27.55492968287768,13.39293998195317,15.548284062044402,-0.3226173027637697,12.476649250079015,28.941224043997572,28.024933312123416,15.078280432798667
826,Tesla T4,gpt,"CustomGPT(L=2,d=128,h=2,ff=512)",FSDP,4,128,8,128,8,2,128,2,512,WIKITEXT,True,False,1.0,0.0056955,73.0235,7905792.0,108286.16385017632,1295284961280.0,655360.0,262144.0,491520.0,3.3658085,2,3.0,60.094,0.8229405602306107,0.20573514005765267,FSDP,2072455938048.0,5181139845120.0,-5.168078889624307,-1.5811656653252744,27.88975183419365,13.39293998195317,15.88310621336037,-0.19487130420538387,12.476649250079015,29.27604619531354,28.359755463439388,15.413102584114636
827,Tesla T4,gpt,"CustomGPT(L=20,d=1024,h=16,ff=4096)",Baseline,1,64,8,64,8,20,1024,16,4096,WIKITEXT,True,False,1.0,0.014892,352.584,1970304.0,5588.183241440338,167863595827200.0,419430400.0,10485760.0,255590400.0,1.462011,1,3.0,352.584,1.0,1.0,Baseline,20660134871040.0,826405394841600.0,-4.206931122971667,0.0,32.75417283593844,19.85440815830689,14.493698403529692,0.0,16.16552870419295,34.34810656183658,30.659227107722643,16.588644131745493
828,Tesla T4,gpt,"CustomGPT(L=20,d=1024,h=16,ff=4096)",FSDP,4,64,8,64,8,20,1024,16,4096,WIKITEXT,True,False,1.0,0.109998,1221.904,5657088.0,4629.731959302859,481965794918400.0,419430400.0,10485760.0,255590400.0,4.367897,1,3.0,352.584,0.28855294687635036,0.07213823671908759,FSDP,59318867066880.0,2372754682675200.0,-2.2072930951731937,-2.6291710462910833,33.80889426256144,19.85440815830689,15.548419830152682,-1.242876685171193,16.16552870419295,35.40282798845957,31.713948534345633,17.643365558368483
829,Tesla T4,gpt,"CustomGPT(L=24,d=1024,h=16,ff=4096)",Baseline,1,64,8,64,8,24,1024,16,4096,WIKITEXT,True,False,1.0,0.017296,409.669,1970304.0,4809.502305519823,201436314992640.0,503316480.0,12582912.0,306708480.0,1.462544,1,3.0,409.669,1.0,1.0,Baseline,24792161845248.0,991686473809920.0,-4.057280018085285,0.0,32.9364943927324,20.036729715100844,14.493698403529692,0.0,16.347850260986906,34.53042811863053,30.841548664516598,16.588644131745493
830,Tesla T4,gpt,"CustomGPT(L=24,d=1024,h=16,ff=4096)",FSDP,4,64,8,64,8,24,1024,16,4096,WIKITEXT,True,False,1.0,0.12648500000000001,1398.911,5657088.0,4043.922737043314,578358953902080.0,503316480.0,12582912.0,306708480.0,4.336856,1,3.0,409.669,0.292848508589896,0.073212127147474,FSDP,71182640480256.0,2847305619210240.0,-2.067631554920478,-2.614394200323285,33.99121581935539,20.036729715100844,15.548419830152682,-1.2280998392033944,16.347850260986906,35.58514954525352,31.896270091139588,17.643365558368483
832,Tesla T4,gpt,"CustomGPT(L=3,d=192,h=3,ff=768)",Baseline,1,128,8,128,8,3,192,3,768,WIKITEXT,True,False,1.0,0.002932,69.093,3198720.0,46295.86209891016,1650846597120.0,2211840.0,589824.0,1548288.0,1.209913,1,3.0,69.093,1.0,1.0,Baseline,1886681825280.0,7075056844800.0,-5.8320704949577316,0.0,28.132309361419438,14.609335306277663,14.978261287748614,0.0,13.287579466295345,29.587596594026277,28.265840754043957,14.844729895124091
836,Tesla T4,gpt,"CustomGPT(L=3,d=192,h=3,ff=768)",FSDP,2,128,8,128,8,3,192,3,768,WIKITEXT,True,False,1.0,0.005348,100.803,5656320.0,56112.61569596143,2919204126720.0,2211840.0,589824.0,1548288.0,1.828542,1,3.0,69.093,0.6854260289872326,0.3427130144936163,FSDP,3336233287680.0,12510874828800.0,-5.23103261974244,-1.070861874477118,28.702332135715224,14.609335306277663,15.548284062044402,-0.37771469391717255,13.287579466295345,30.157619368322067,28.835863528339747,15.41475266941988
840,Tesla T4,gpt,"CustomGPT(L=3,d=192,h=3,ff=768)",FSDP,4,128,8,128,8,3,192,3,768,WIKITEXT,True,False,1.0,0.0074345,91.297,7905792.0,86606.35642845028,4080147628032.0,2211840.0,589824.0,1548288.0,3.444872,2,3.0,69.093,0.7567937610217204,0.1891984402554301,FSDP,4663025860608.0,17486346977280.0,-4.901623950826996,-1.6649588662914159,29.037154287031193,14.609335306277663,15.88310621336037,-0.27866450517152525,13.287579466295345,30.492441519638035,29.170685679655715,15.749574820735848
841,Tesla T4,gpt,"CustomGPT(L=4,d=256,h=4,ff=1024)",Baseline,1,128,8,128,8,4,256,4,1024,WIKITEXT,True,False,1.0,0.003411,80.686,3198720.0,39644.05225193961,3773363650560.0,5242880.0,1048576.0,3538944.0,1.198378,1,3.0,80.686,1.0,1.0,Baseline,3354101022720.0,16770505113600.0,-5.680749775545628,0.0,28.958987934603904,15.472381523633006,14.978261287748614,0.0,13.862943611198906,30.45064281138162,28.84120489894752,15.096044323404998
845,Tesla T4,gpt,"CustomGPT(L=4,d=256,h=4,ff=1024)",FSDP,2,128,8,128,8,4,256,4,1024,WIKITEXT,True,False,1.0,0.0062439999999999996,115.667,5656320.0,48901.76109002568,6672466575360.0,5242880.0,1048576.0,3538944.0,1.914514,1,3.0,80.686,0.6975714767392601,0.34878573836963006,FSDP,5931081400320.0,29655407001600.0,-5.076134276328951,-1.053297475484986,29.52901070889969,15.472381523633006,15.548284062044402,-0.36015029492504075,13.862943611198906,31.02066558567741,29.411227673243307,15.666067097700786
849,Tesla T4,gpt,"CustomGPT(L=4,d=256,h=4,ff=1024)",FSDP,4,128,8,128,8,4,256,4,1024,WIKITEXT,True,False,1.0,0.0092565,111.6085,7905792.0,70835.05063970163,9326051721216.0,5242880.0,1048576.0,3538944.0,3.4758275000000003,2,3.0,80.686,0.722937769076728,0.180734442269182,FSDP,8289823752192.0,41449118760960.0,-4.682429271535042,-1.7107264948473198,29.86383286021566,15.472381523633006,15.88310621336037,-0.3244321337274291,13.862943611198906,31.35548773699338,29.74604982455928,16.000889249016755
850,Tesla T4,gpt,"CustomGPT(L=4,d=320,h=5,ff=1280)",Baseline,1,128,8,128,8,4,320,5,1280,WIKITEXT,True,False,1.0,0.003837,90.886,3198720.0,35194.85949431156,5764861132800.0,8192000.0,1310720.0,5406720.0,1.222314,1,3.0,90.886,1.0,1.0,Baseline,4192626278400.0,26203914240000.0,-5.5630644677173215,0.0,29.382802181380264,15.918668626261425,14.978261287748614,0.0,14.086087162513115,30.89692991401004,29.06434845026173,15.296715018867149
854,Tesla T4,gpt,"CustomGPT(L=4,d=320,h=5,ff=1280)",FSDP,2,128,8,128,8,4,320,5,1280,WIKITEXT,True,False,1.0,0.007516,136.837,5656320.0,41336.18831164086,10194046156800.0,8192000.0,1310720.0,5406720.0,1.87943,1,3.0,90.886,0.6641917025365947,0.3320958512682973,FSDP,7413851750400.0,46336573440000.0,-4.890721197430918,-1.102331643094518,29.952824955676054,15.918668626261425,15.548284062044402,-0.40918446253457286,14.086087162513115,31.466952688305827,29.63437122455752,15.866737793162937
858,Tesla T4,gpt,"CustomGPT(L=4,d=320,h=5,ff=1280)",FSDP,4,128,8,128,8,4,320,5,1280,WIKITEXT,True,False,1.0,0.010984,129.36950000000002,7905792.0,61110.2572246331,14248134574080.0,8192000.0,1310720.0,5406720.0,3.5957334999999997,2,3.0,90.886,0.7025303491162909,0.17563258727907272,FSDP,10362279690240.0,64764248064000.0,-4.511315610516467,-1.7393610382382625,30.287647106992022,15.918668626261425,15.88310621336037,-0.35306667711837186,14.086087162513115,31.801774839621796,29.969193375873488,16.201559944478905
859,Tesla T4,gpt,"CustomGPT(L=6,d=384,h=6,ff=1536)",Baseline,1,128,8,128,8,6,384,6,1536,WIKITEXT,True,False,1.0,0.004752,112.855,3198720.0,28343.626777723628,12263431864320.0,17694720.0,2359296.0,11501568.0,1.208417,1,3.0,112.855,1.0,1.0,Baseline,7546727301120.0,56600454758400.0,-5.349189696921793,0.0,30.13764293094555,16.6887768479575,14.978261287748614,0.0,14.673873827415234,31.667038135706115,29.652135115163848,15.463769103530316
863,Tesla T4,gpt,"CustomGPT(L=6,d=384,h=6,ff=1536)",FSDP,2,128,8,128,8,6,384,6,1536,WIKITEXT,True,False,1.0,0.009356,167.637,5656320.0,33741.47712020616,21685516369920.0,17694720.0,2359296.0,11501568.0,1.912844,1,3.0,112.855,0.6732105680726809,0.33660528403634044,FSDP,13344933150720.0,100086998630400.0,-4.671737430260205,-1.0888442990826335,30.707665705241336,16.6887768479575,15.548284062044402,-0.39569711852268824,14.673873827415234,32.2370609100019,30.222157889459638,16.033791877826104
867,Tesla T4,gpt,"CustomGPT(L=6,d=384,h=6,ff=1536)",FSDP,4,128,8,128,8,6,384,6,1536,WIKITEXT,True,False,1.0,0.014057,162.5515,7905792.0,48636.66735940418,30309668093952.0,17694720.0,2359296.0,11501568.0,3.6986660000000002,2,3.0,112.855,0.6942722767861262,0.17356806919653156,FSDP,18652103442432.0,139890775818240.0,-4.2646347866325085,-1.7511854268733758,31.042487856557308,16.6887768479575,15.88310621336037,-0.3648910657534852,14.673873827415234,32.57188306131787,30.556980040775606,16.368614029142073
868,Tesla T4,gpt,"CustomGPT(L=6,d=384,h=6,ff=1536)",FSDP,4,128,16,128,8,6,384,6,1536,WIKITEXT,True,False,1.0,0.009411,112.741,7893504.0,70014.49339636866,30262557671424.0,17694720.0,4718592.0,11501568.0,3.672568,1,3.0,112.855,1.0010111671885118,0.25025279179712795,FSDP,37246224826368.0,139673343098880.0,-4.665876061105486,-1.3852837048165558,31.04093234389678,16.6887768479575,15.881550700699847,0.001010656303334783,15.367021007975179,32.570327548657346,31.248571708675026,15.673911335921602
869,Tesla T4,gpt,"CustomGPT(L=6,d=448,h=7,ff=1792)",Baseline,1,128,8,128,8,6,448,7,1792,WIKITEXT,True,False,1.0,0.005126,121.80799999999999,3198720.0,26260.34414816761,16508465971200.0,24084480.0,2752512.0,15482880.0,1.2234,1,3.0,121.80799999999999,1.0,1.0,Baseline,8804515184640.0,77039507865600.0,-5.273429651040257,0.0,30.43489445441348,16.997078207612017,14.978261287748614,0.0,14.828024507242493,31.97533949536063,29.80628579499111,15.606869947170988
873,Tesla T4,gpt,"CustomGPT(L=6,d=448,h=7,ff=1792)",FSDP,2,128,8,128,8,6,448,7,1792,WIKITEXT,True,False,1.0,0.010171,180.967,5656320.0,31256.08536362983,29192041267200.0,24084480.0,2752512.0,15482880.0,2.009155,1,3.0,121.80799999999999,0.6730950946857713,0.33654754734288567,FSDP,15569088675840.0,136229525913600.0,-4.588214745338678,-1.0890158401975332,31.00491722870927,16.997078207612017,15.548284062044402,-0.39586865963758794,14.828024507242493,32.545362269656415,30.376308569286895,16.176892721466775
877,Tesla T4,gpt,"CustomGPT(L=6,d=448,h=7,ff=1792)",FSDP,4,128,8,128,8,6,448,7,1792,WIKITEXT,True,False,1.0,0.0164545,188.0235,7905792.0,42047.090307039354,40801476280320.0,24084480.0,2752512.0,15482880.0,3.9046495,2,3.0,121.80799999999999,0.647833914377724,0.161958478594431,FSDP,21760787349504.0,190406889308160.0,-4.107156282949436,-1.8204152815741341,31.33973938002524,16.997078207612017,15.88310621336037,-0.43412092045424355,14.828024507242493,32.880184420972384,30.711130720602863,16.511714872782747
886,Tesla T4,gpt,"CustomGPT(L=8,d=512,h=8,ff=2048)",Baseline,1,128,8,128,8,8,512,8,2048,WIKITEXT,True,False,1.0,0.006358,150.96699999999998,3198720.0,21188.2066941782,28509858693120.0,41943040.0,4194304.0,26738688.0,1.223238,1,3.0,150.96699999999998,1.0,1.0,Baseline,13416404090880.0,134164040908800.0,-5.058041416493526,0.0,30.981271062443792,17.551823065312842,14.978261287748614,0.0,15.249237972318797,32.530084353061454,30.22749926006741,15.732033090124995
890,Tesla T4,gpt,"CustomGPT(L=8,d=512,h=8,ff=2048)",FSDP,2,128,8,128,8,8,512,8,2048,WIKITEXT,True,False,1.0,0.01319,231.29700000000003,5656320.0,24454.791890945406,50414191902720.0,41943040.0,4194304.0,26738688.0,1.96159,1,3.0,150.96699999999998,0.652697613890366,0.326348806945183,FSDP,23724325601280.0,237243256012800.0,-4.328296312252913,-1.119788509660058,31.55129383673958,17.551823065312842,15.548284062044402,-0.42664132910011277,15.249237972318797,33.10010712735724,30.797522034363197,16.302055864420783
894,Tesla T4,gpt,"CustomGPT(L=8,d=512,h=8,ff=2048)",FSDP,4,128,8,128,8,8,512,8,2048,WIKITEXT,True,False,1.0,0.020283500000000003,230.356,7905792.0,34320.73987442795,70463501893632.0,41943040.0,4194304.0,26738688.0,3.9544604999999997,2,3.0,150.96699999999998,0.6553638715726962,0.16384096789317404,FSDP,33159295008768.0,331592950087680.0,-3.8979475313235996,-1.8088590295973326,31.886115988055547,17.551823065312842,15.88310621336037,-0.4225646684774419,15.249237972318797,33.434929278673216,31.132344185679166,16.63687801573675
895,Tesla T4,gpt,"CustomGPT(L=8,d=512,h=8,ff=2048)",FSDP,4,128,16,128,8,8,512,8,2048,WIKITEXT,True,False,1.0,0.013878000000000001,160.437,7893504.0,49200.02243871426,70353980227584.0,41943040.0,8388608.0,26738688.0,3.885549,1,3.0,150.96699999999998,0.9409737155394328,0.2352434288848582,FSDP,66215510802432.0,331077554012160.0,-4.27745042650478,-1.447134433383459,31.884560475395023,17.551823065312842,15.881550700699847,-0.06084007226356837,15.942385152878742,33.433373766012686,31.82393585357859,15.942175322516281
896,Tesla T4,gpt,"CustomGPT(L=8,d=640,h=10,ff=2560)",Baseline,1,128,8,128,8,8,640,10,2560,WIKITEXT,True,False,1.0,0.0077339999999999996,183.148,3198720.0,17465.219385415076,44022575923200.0,65536000.0,5242880.0,41287680.0,1.245302,1,3.0,183.148,1.0,1.0,Baseline,16770505113600.0,209631313920000.0,-4.862129085797031,0.0,31.415723707425208,17.998110167941263,14.978261287748614,0.0,15.472381523633006,32.97637145568988,30.45064281138162,15.943342183792202
900,Tesla T4,gpt,"CustomGPT(L=8,d=640,h=10,ff=2560)",FSDP,2,128,8,128,8,8,640,10,2560,WIKITEXT,True,False,1.0,0.015276,264.721,5656320.0,21367.099701194842,77845443379200.0,65536000.0,5242880.0,41287680.0,2.108728,1,3.0,183.148,0.691852931954775,0.3459264659773875,FSDP,29655407001600.0,370692587520000.0,-4.181472309618867,-1.0615290525881944,31.985746481720994,17.998110167941263,15.548284062044402,-0.3683818720282491,15.472381523633006,33.546394229985665,31.02066558567741,16.51336495808799
904,Tesla T4,gpt,"CustomGPT(L=8,d=640,h=10,ff=2560)",FSDP,4,128,8,128,8,8,640,10,2560,WIKITEXT,True,False,1.0,0.026077500000000003,293.5905,7905792.0,26933.908069107143,108803936747520.0,65536000.0,5242880.0,41287680.0,3.9858325,2,3.0,183.148,0.6238212748709512,0.1559553187177378,FSDP,41449118760960.0,518113984512000.0,-3.646682405414148,-1.8581857312342454,32.32056863303696,17.998110167941263,15.88310621336037,-0.47189137011435467,15.472381523633006,33.881216381301634,31.35548773699338,16.84818710940396
905,Tesla V100-PCIE-16GB,Bert,"CustomBERT(L=10,d=640,h=10,ff=2560)",Baseline,1,128,32,66,1,10,640,10,2560,SST2,True,False,1.0,0.014122,406.861,8225072.0,20215.926323732183,138247832985600.0,81920000.0,13516800.0,50419200.0,0.792969,1,3.0,406.861,1.0,1.0,Baseline,111176653209600.0,673797898240000.0,-4.260021413887982,0.0,32.56006908160127,18.221253719255472,15.922697608376787,0.0,16.419443914173915,34.14395132763226,32.342141522550705,16.140625167427356
906,Tesla V100-PCIE-16GB,Bert,"CustomBERT(L=10,d=768,h=12,ff=3072)",Baseline,1,128,32,66,1,10,768,12,3072,SST2,True,False,1.0,0.015641,395.324,8236528.0,20834.87974420981,198511346073600.0,117964800.0,16220160.0,72299520.0,0.774289,1,3.0,395.324,1.0,1.0,Baseline,133597802004480.0,971620378214400.0,-4.157859607290033,0.0,32.92186737348323,18.585896832843382,15.92408945386561,0.0,16.60176547096787,34.509986286708994,32.52585492483348,16.320101902515365
907,Tesla V100-PCIE-16GB,Bert,"CustomBERT(L=12,d=768,h=12,ff=3072)",Baseline,1,128,32,66,1,12,768,12,3072,SST2,True,False,1.0,0.019294,502.087,8222192.0,16376.030448906266,237716657307648.0,141557760.0,19464192.0,86759424.0,0.772859,1,3.0,502.087,1.0,1.0,Baseline,160038323748864.0,1163915081809920.0,-3.947961112233775,0.0,33.10210056485939,18.768218389637337,15.922347398149792,0.0,16.784087027761824,34.69056578778713,32.70643442591162,16.318013537097567
908,Tesla V100-PCIE-16GB,Bert,"CustomBERT(L=16,d=512,h=8,ff=2048)",Baseline,1,128,32,66,1,16,512,8,2048,SST2,True,False,1.0,0.019495000000000002,657.2729999999999,8231184.0,12523.234637661977,142584960516096.0,83886080.0,17301504.0,51953664.0,0.792839,1,3.0,657.2729999999999,1.0,1.0,Baseline,142411862900736.0,690481759518720.0,-3.9375972565475763,0.0,32.590959152120256,18.244970245872786,15.923440426218347,0.0,16.66630399210544,34.168410672091134,32.58974441832379,15.924655160014813
909,Tesla V100-PCIE-16GB,Bert,"CustomBERT(L=16,d=768,h=12,ff=3072)",Baseline,1,128,32,66,1,16,768,12,3072,SST2,True,False,1.0,0.02484,640.494,8236848.0,12860.148572820353,317851363049472.0,188743680.0,25952256.0,115679232.0,0.807437,1,3.0,640.494,1.0,1.0,Baseline,213764787929088.0,1554653003120640.0,-3.695300021916859,0.0,33.392604977643664,19.055900462089117,15.924128304432736,0.0,17.071769100213604,34.980028766521855,32.99589740464634,16.320835877430063
910,Tesla V100-PCIE-16GB,Bert,"CustomBERT(L=2,d=128,h=2,ff=512)",Baseline,1,128,32,66,1,2,128,2,512,SST2,True,False,1.0,0.003171,135.184,8231344.0,60889.92780210676,1217483071488.0,655360.0,540672.0,443904.0,0.771953,1,3.0,135.184,1.0,1.0,Baseline,4450457223168.0,5394493603840.0,-5.753708283425927,0.0,27.82780678748452,13.39293998195317,15.923459864302218,0.0,13.200568089305714,29.31639984625539,29.124027953607932,14.627238698178804
911,Tesla V100-PCIE-16GB,Bert,"CustomBERT(L=2,d=64,h=1,ff=256)",Baseline,1,128,32,66,1,2,64,1,256,SST2,True,False,1.0,0.002936,127.509,8231472.0,64556.00781121333,339272306688.0,163840.0,270336.0,123648.0,0.768903,1,3.0,127.509,1.0,1.0,Baseline,2225263214592.0,1348644372480.0,-5.830707168229868,0.0,26.550068886448912,12.006645620833279,15.923475414497277,0.0,12.507420908745768,27.930121035330558,28.430896323243047,14.042647977703142
912,Tesla V100-PCIE-16GB,Bert,"CustomBERT(L=24,d=768,h=12,ff=3072)",Baseline,1,128,32,66,1,24,768,12,3072,SST2,True,False,1.0,0.036917,940.2470000000001,8234096.0,8757.375455598369,475905285881856.0,283115520.0,38928384.0,173518848.0,0.773846,1,3.0,940.2470000000001,1.0,1.0,Baseline,320540050980864.0,2331200370769920.0,-3.2990831294203935,0.0,33.796239971121175,19.46136557019728,15.923794140219004,0.0,17.477234208321768,35.38515971041628,33.40102834854077,16.319005762799403
913,Tesla V100-PCIE-16GB,Bert,"CustomBERT(L=3,d=192,h=3,ff=768)",Baseline,1,128,32,66,1,3,192,3,768,SST2,True,False,1.0,0.003926,162.946,8235312.0,50540.12985897168,3967918036992.0,2211840.0,1216512.0,1441152.0,0.776354,1,3.0,162.946,1.0,1.0,Baseline,10018355871744.0,18215192494080.0,-5.540134183127868,0.0,29.009262649137835,14.609335306277663,15.923941807943576,0.0,14.011498305522043,30.53327711422124,29.935440113465617,14.997764343615792
914,Tesla V100-PCIE-16GB,Bert,"CustomBERT(L=4,d=256,h=4,ff=1024)",Baseline,1,128,32,66,1,4,256,4,1024,SST2,True,False,1.0,0.004705,187.74,8235600.0,43867.050175775,9190747176960.0,5242880.0,2162688.0,3348480.0,0.771093,1,3.0,187.74,1.0,1.0,Baseline,17811033292800.0,43178262528000.0,-5.359129505944794,0.0,29.849218352251278,15.472381523633006,15.923976778684725,0.0,14.586862450425604,31.396358302317733,30.51083922911033,15.262355901825673
915,Tesla V100-PCIE-16GB,Bert,"CustomBERT(L=4,d=320,h=5,ff=1280)",Baseline,1,128,32,66,1,4,320,5,1280,SST2,True,False,1.0,0.004938,190.876,8219920.0,43064.18826882374,14171749294080.0,8192000.0,2703360.0,5168640.0,0.777322,1,3.0,190.876,1.0,1.0,Baseline,22221402931200.0,67337584640000.0,-5.310794888059149,0.0,30.28227161254668,15.918668626261425,15.922071034624905,0.0,14.810006001739815,31.84073966088633,30.732077036364718,15.472265610806865
916,Tesla V100-PCIE-16GB,Bert,"CustomBERT(L=6,d=384,h=6,ff=1536)",Baseline,1,128,32,66,1,6,384,6,1536,SST2,True,False,1.0,0.007526,285.15700000000004,8232176.0,28868.924837896313,30424595079168.0,17694720.0,4866048.0,11073024.0,0.75329,1,3.0,285.15700000000004,1.0,1.0,Baseline,40058163560448.0,145666049310720.0,-4.889391586810891,0.0,31.046272445894118,16.6887768479575,15.923560936248037,0.0,15.397792666641934,32.612337784205536,31.32135360288997,15.648479779252185
917,Tesla V100-PCIE-16GB,Bert,"CustomBERT(L=6,d=448,h=7,ff=1792)",Baseline,1,128,32,66,1,6,448,7,1792,SST2,True,False,1.0,0.007664,279.433,8223024.0,29427.533612708594,41069240561664.0,24084480.0,5677056.0,14982912.0,0.745007,1,3.0,279.433,1.0,1.0,Baseline,46682567737344.0,198047257067520.0,-4.871221238313577,0.0,31.34628055241034,16.997078207612017,15.922448582591604,0.0,15.551943346469193,32.91952679020362,31.474391929060797,15.79433720594115
918,Tesla V100-PCIE-16GB,Bert,"CustomBERT(L=8,d=512,h=8,ff=2048)",Baseline,1,128,32,66,1,8,512,8,2048,SST2,True,False,1.0,0.009948,320.497,8243312.0,25720.402999092035,71360643465216.0,41943040.0,8650752.0,25976832.0,0.78715,1,3.0,320.497,1.0,1.0,Baseline,71310847770624.0,345749564948480.0,-4.610383753040979,0.0,31.898767621329153,17.551823065312842,15.924912762876282,0.0,15.973156811545495,33.47673582818912,31.898069574421775,15.925610809783658
919,Tesla V100-PCIE-16GB,Bert,"CustomBERT(L=8,d=640,h=10,ff=2560)",Baseline,1,128,32,66,1,8,640,10,2560,SST2,True,False,1.0,0.011408999999999999,328.38599999999997,8231952.0,25067.91397928048,110677001011200.0,65536000.0,10813440.0,40335360.0,0.780269,1,3.0,328.38599999999997,1.0,1.0,Baseline,89015719034880.0,539489206272000.0,-4.473352761367905,0.0,32.33763717444837,17.998110167941263,15.923533725575233,0.0,16.196300362859706,33.921643893516496,32.119834088434935,16.14133681158866
