n_test,r2,rmse,calib_intercept,calib_slope,setting,model,kind,split,split_seed,n_train,n_train_groups,n_test_groups
37,-0.031670322593043254,1.01025435545911,-4.225532776906431,-0.03435336077785152,bert,tokens_only,linear,0,1829338324,94,47,21
39,0.006172993419318651,1.071347961806576,7.72411319800511,2.804505580753316,bert,tokens_only,linear,1,384259585,92,47,21
29,-0.10142202855463966,1.0096815915278559,-3.295928195839016,0.2657422483795857,bert,tokens_only,linear,2,56731231,102,47,21
45,0.005672757669314965,1.0051061842789246,3.8280795971945407,1.8856615226216544,bert,tokens_only,linear,3,1374203058,86,47,21
34,-0.6245852000630636,1.1401547624513952,-5.590027454488927,-0.23723182497019682,bert,tokens_only,linear,4,784857332,97,47,21
34,0.02244157801119029,1.0620531832727387,2.776676654212414,1.632590492089839,bert,tokens_only,linear,5,1003451250,97,47,21
39,-0.14994174037440922,1.0333574862280683,0.9589790033993933,1.3408733319355728,bert,tokens_only,linear,6,171429433,92,47,21
36,0.011050490278562752,1.0350677914168123,5.441643227814837,2.2487548999801175,bert,tokens_only,linear,7,795643823,95,47,21
47,-0.018744495425090824,1.0301108730435764,-4.027692609147208,0.025021322498351675,bert,tokens_only,linear,8,1381800716,84,47,21
44,-0.061110781563397776,1.0104352796276077,588.0372645740855,140.5958492728106,bert,tokens_only,linear,9,762179171,87,47,21
41,0.0010355659171390474,1.0359844939044465,7.411556928543343,2.7403748015793377,bert,tokens_only,linear,10,1784690067,90,47,21
35,0.001481342185884027,1.008425730681497,-1.539656944245853,0.6127363341580452,bert,tokens_only,linear,11,1697625005,96,47,21
41,0.010575193486805134,0.9615117753052406,8.895512902892436,3.084844227536999,bert,tokens_only,linear,12,1512746413,90,47,21
44,-0.09891231115456978,1.0726175172301609,1.610524723537467,1.2942361532318412,bert,tokens_only,linear,13,1943781587,87,47,21
42,0.032204623569112245,0.9981228229807002,5.831972553724197,2.406135872909648,bert,tokens_only,linear,14,1548783626,89,47,21
46,-0.09417259974021364,1.178045335880295,-3.0253564522689684,0.3236744641668828,bert,tokens_only,linear,15,380863078,85,47,21
34,-0.08518960463167868,1.070592945338158,-4.6578523747960645,-0.16418770251250236,bert,tokens_only,linear,16,1843517862,97,47,21
39,-0.0923342961588951,0.9196003455430295,-5.570907148068344,-0.3460219835569328,bert,tokens_only,linear,17,1401844688,92,47,21
40,-0.05530512143731281,0.9144063115263912,0.4300983987389262,1.1699248401107962,bert,tokens_only,linear,18,211455622,91,47,21
51,-0.024544930658548125,1.0063324162780427,1.4723175595486235,1.420311508815961,bert,tokens_only,linear,19,640600314,80,47,21
37,0.3949750759956957,0.7736542141970653,0.51835959851006,1.1643939260832936,bert,total_flops_only,linear,0,1829338324,94,47,21
39,0.386112888532507,0.8420141858542045,0.9066790698985278,1.1902659419355774,bert,total_flops_only,linear,1,384259585,92,47,21
29,0.278630703569967,0.8171210262955887,0.9521066389022068,1.3372728752044132,bert,total_flops_only,linear,2,56731231,102,47,21
45,0.4277692442053377,0.762487755871559,-0.13740749837315006,0.9697616296296923,bert,total_flops_only,linear,3,1374203058,86,47,21
34,0.3085052899237627,0.7438527800275089,-1.1724475811296564,0.802734257521026,bert,total_flops_only,linear,4,784857332,97,47,21
34,0.5202604404091496,0.744008111095912,1.92175309506466,1.4937299096948335,bert,total_flops_only,linear,5,1003451250,97,47,21
39,0.26167849984458713,0.8280097079871025,-1.196066539975236,0.7429823068003297,bert,total_flops_only,linear,6,171429433,92,47,21
36,0.32555239445761064,0.8547829355104132,0.17115655983044836,0.9919854451699845,bert,total_flops_only,linear,7,795643823,95,47,21
47,0.29631773149511165,0.8561298461717797,-0.8538629448283184,0.7579584371826052,bert,total_flops_only,linear,8,1381800716,84,47,21
44,0.341065967459122,0.796249379573723,-0.3681653596252315,0.89691265229403,bert,total_flops_only,linear,9,762179171,87,47,21
41,0.4299527047758793,0.7825889052689889,1.215852898257626,1.3023391422471384,bert,total_flops_only,linear,10,1784690067,90,47,21
35,0.3184461425907359,0.8331360298296103,0.9236108474852134,1.2443863730243896,bert,total_flops_only,linear,11,1697625005,96,47,21
41,0.27229308822966014,0.8245964483029337,1.4498407106878557,1.3468104004882977,bert,total_flops_only,linear,12,1512746413,90,47,21
44,0.2627434706797589,0.8785625352245706,-0.4801028404972859,0.8214393161776546,bert,total_flops_only,linear,13,1943781587,87,47,21
42,0.3627231979548613,0.809946381688718,2.5871082348724053,1.6531393590825676,bert,total_flops_only,linear,14,1548783626,89,47,21
46,0.4495309488043733,0.8355751971263677,-0.015577403242124806,0.9714876263423453,bert,total_flops_only,linear,15,380863078,85,47,21
34,0.3474709890729304,0.8301784913004716,-0.779700751616225,0.7788425217590718,bert,total_flops_only,linear,16,1843517862,97,47,21
39,0.21249022000388618,0.7808171056738931,-0.19057397148237828,1.0115392157064982,bert,total_flops_only,linear,17,1401844688,92,47,21
40,0.26208296355308236,0.7646346256727422,-0.9506125766731015,0.8052261346931513,bert,total_flops_only,linear,18,211455622,91,47,21
51,0.40722370623166326,0.7654580093916313,-0.4829853017248862,0.8879305766304104,bert,total_flops_only,linear,19,640600314,80,47,21
37,0.3788303883833326,0.7839084815033931,0.48037813974300686,1.1618941109997336,bert,compute_only,linear,0,1829338324,94,47,21
39,0.4037566743208538,0.8298257667815894,0.9525556376639414,1.2021930954726048,bert,compute_only,linear,1,384259585,92,47,21
29,0.24877386905829357,0.8338595409904535,0.20206336120240315,1.1323991727703642,bert,compute_only,linear,2,56731231,102,47,21
45,0.4374497120710117,0.7560107164497049,-0.07989458092956975,0.9903355234362039,bert,compute_only,linear,3,1374203058,86,47,21
34,0.3061540330578969,0.7451163505956562,-1.1131879166663639,0.8115319753739307,bert,compute_only,linear,4,784857332,97,47,21
34,0.5179362599147828,0.7458081709412823,1.3906266471606559,1.3485432140348512,bert,compute_only,linear,5,1003451250,97,47,21
39,0.2889556255722988,0.8125704475395196,-1.0631377280792476,0.7778130680077311,bert,compute_only,linear,6,171429433,92,47,21
36,0.3628377780046731,0.8308196201155592,0.6362909774311772,1.0949258752784696,bert,compute_only,linear,7,795643823,95,47,21
47,0.3358042513142854,0.8317625826089953,-0.5841131533598466,0.8282711870307012,bert,compute_only,linear,8,1381800716,84,47,21
44,0.36795793690020495,0.7798321372527913,-0.4911193690924635,0.8725139708151937,bert,compute_only,linear,9,762179171,87,47,21
41,0.4344225433276593,0.779514660114495,1.1373554073538636,1.2887979198737565,bert,compute_only,linear,10,1784690067,90,47,21
35,0.29503779675157893,0.8473225074225701,0.37067791717035586,1.0983224679430905,bert,compute_only,linear,11,1697625005,96,47,21
41,0.28715068256807763,0.8161351427950188,1.0544626030863884,1.249196260046433,bert,compute_only,linear,12,1512746413,90,47,21
44,0.2529593400961724,0.884373022236383,-0.1668506928044691,0.8853166271834506,bert,compute_only,linear,13,1943781587,87,47,21
42,0.35407031984195025,0.8154265260508334,1.8268811182473421,1.4571344938254198,bert,compute_only,linear,14,1548783626,89,47,21
46,0.4564344051590935,0.8303191736526184,0.21098881621409094,1.0356212028533083,bert,compute_only,linear,15,380863078,85,47,21
34,0.356847835102042,0.82419207216406,-0.5613168440502174,0.8278205921651826,bert,compute_only,linear,16,1843517862,97,47,21
39,0.15637013296901092,0.808159931553162,-0.4454416208294092,0.9547838985574006,bert,compute_only,linear,17,1401844688,92,47,21
40,0.25706788949899495,0.7672285527192914,-1.0468505562657964,0.7829861335652775,bert,compute_only,linear,18,211455622,91,47,21
51,0.41598759291508636,0.7597784913973021,-0.4474710893083371,0.9051748743720313,bert,compute_only,linear,19,640600314,80,47,21
37,0.3558111279589885,0.7983013649553216,0.4641702863621832,1.1566214098261893,bert,compute_memory,linear,0,1829338324,94,47,21
39,0.4051291657084326,0.8288701293354886,0.970912273981053,1.2065419667316883,bert,compute_memory,linear,1,384259585,92,47,21
29,0.23026298302528547,0.8440705454082859,-0.3188753443285425,1.0043043841225954,bert,compute_memory,linear,2,56731231,102,47,21
45,0.43047104806024905,0.7606855722322373,-0.05443782232013491,0.9932858837051202,bert,compute_memory,linear,3,1374203058,86,47,21
34,0.2787273386844499,0.7597002949741389,-1.3227125892753782,0.7558915017439948,bert,compute_memory,linear,4,784857332,97,47,21
34,0.5090228005704238,0.7526716639122722,1.0482911730811606,1.2594175546770385,bert,compute_memory,linear,5,1003451250,97,47,21
39,0.28740186913733134,0.8134577674057653,-1.0729192094775493,0.7756577681247857,bert,compute_memory,linear,6,171429433,92,47,21
36,0.3377603745710236,0.8470115191213071,0.311862447951901,1.0211191148861847,bert,compute_memory,linear,7,795643823,95,47,21
47,0.31034469698222567,0.8475539919037641,-0.7007143378083588,0.7982174283129206,bert,compute_memory,linear,8,1381800716,84,47,21
44,0.3700514880780753,0.778539523371637,-0.47985836883864147,0.8751465592069871,bert,compute_memory,linear,9,762179171,87,47,21
41,0.4333331373444268,0.7802650430952114,1.0953315311239347,1.280851105082638,bert,compute_memory,linear,10,1784690067,90,47,21
35,0.2859909692231566,0.8527420489745883,0.15483975636046607,1.0441366331560107,bert,compute_memory,linear,11,1697625005,96,47,21
41,0.29062546754984253,0.8141435869297482,1.0011931811976855,1.234451021063431,bert,compute_memory,linear,12,1512746413,90,47,21
44,0.22920538649415856,0.8983233768799933,-0.28894795096984305,0.85397778652154,bert,compute_memory,linear,13,1943781587,87,47,21
42,0.3554562703561519,0.8145512390608173,1.4255491715674684,1.3579507825278236,bert,compute_memory,linear,14,1548783626,89,47,21
46,0.45225944228135295,0.8335017893447646,0.3092397636836623,1.0595191895982023,bert,compute_memory,linear,15,380863078,85,47,21
34,0.3607763333272508,0.8216710539957324,-0.5317829089132277,0.834760691033261,bert,compute_memory,linear,16,1843517862,97,47,21
39,0.12025976076014,0.8252747725464817,-0.7163433372375684,0.8862846443892658,bert,compute_memory,linear,17,1401844688,92,47,21
40,0.2604235041656858,0.7654939143650437,-1.058449362979816,0.7800289129994288,bert,compute_memory,linear,18,211455622,91,47,21
51,0.41387441925166013,0.7611518305051905,-0.46973221693959605,0.8989592357103161,bert,compute_memory,linear,19,640600314,80,47,21
37,0.8866630566368073,0.33484669022667085,0.3898208441253269,1.0976705496581889,bert,compute_efficiency,linear,0,1829338324,94,47,21
39,0.9083317932946197,0.32537525261607975,0.20173024855004765,1.0362777029086554,bert,compute_efficiency,linear,1,384259585,92,47,21
29,0.8883258410886173,0.32150216685060784,-0.1506381377161689,0.9867852470869966,bert,compute_efficiency,linear,2,56731231,102,47,21
45,0.8941332771976312,0.32796463135375475,0.30728135690624236,1.067548166616899,bert,compute_efficiency,linear,3,1374203058,86,47,21
34,0.8395035336550107,0.35836476031902914,-0.23274984676423116,0.9305118673417402,bert,compute_efficiency,linear,4,784857332,97,47,21
34,0.8936219937861806,0.3503489556949235,-0.0012472901293556615,0.9769715435990469,bert,compute_efficiency,linear,5,1003451250,97,47,21
39,0.8846591991954864,0.32726845948975813,0.1525800908444385,1.0387845733109604,bert,compute_efficiency,linear,6,171429433,92,47,21
36,0.8611761557167132,0.38780532511834165,0.12748960182486901,1.000938959081354,bert,compute_efficiency,linear,7,795643823,95,47,21
47,0.9316212815427201,0.2668774087755989,-0.2374016935216198,0.9506601594123693,bert,compute_efficiency,linear,8,1381800716,84,47,21
44,0.9246303292062416,0.2692938571509583,-0.05548273596133447,0.9817801311676908,bert,compute_efficiency,linear,9,762179171,87,47,21
41,0.9369694993658687,0.2602277581202557,0.10381188402119702,1.0316480664824694,bert,compute_efficiency,linear,10,1784690067,90,47,21
35,0.8637054526873778,0.3725675853339165,0.24102090913321852,1.0637466730476457,bert,compute_efficiency,linear,11,1697625005,96,47,21
41,0.8888649634929854,0.3222468703480525,-0.15039406625219975,0.9645081507741572,bert,compute_efficiency,linear,12,1512746413,90,47,21
44,0.9073732036198883,0.3114093784415195,0.19673357591025759,1.0358374018572547,bert,compute_efficiency,linear,13,1943781587,87,47,21
42,0.904265099958896,0.31392605239193105,-0.19340567074815881,0.977307436531407,bert,compute_efficiency,linear,14,1548783626,89,47,21
46,0.913622545304183,0.3309933648252203,0.4775290129651818,1.0972632125694122,bert,compute_efficiency,linear,15,380863078,85,47,21
34,0.8731962927350181,0.3659633043628951,0.18297262772955458,0.9961340830999693,bert,compute_efficiency,linear,16,1843517862,97,47,21
39,0.8645955794603272,0.32377086275581435,-0.03316484696920779,1.0298790538485445,bert,compute_efficiency,linear,17,1401844688,92,47,21
40,0.8715938405698513,0.31896506600578184,-0.3998750622415195,0.927011137630565,bert,compute_efficiency,linear,18,211455622,91,47,21
51,0.9336394924782431,0.25611251892199405,-0.11581745692687614,0.9828914809131363,bert,compute_efficiency,linear,19,640600314,80,47,21
37,0.9038978456926839,0.30833783899017975,-0.04943806200177273,0.984489394944931,bert,memory_efficiency,linear,0,1829338324,94,47,21
39,0.9190496285252663,0.30576274851769114,0.1696724815372909,1.0324957739067009,bert,memory_efficiency,linear,1,384259585,92,47,21
29,0.931303224991855,0.25215973182545814,0.2416947905178429,1.0688203464088428,bert,memory_efficiency,linear,2,56731231,102,47,21
45,0.8967738381457812,0.32384870585112524,-0.024648601347628845,0.9942626710492399,bert,memory_efficiency,linear,3,1374203058,86,47,21
34,0.9119728347757289,0.26539999940520353,-0.18957220591837126,0.9665629841047875,bert,memory_efficiency,linear,4,784857332,97,47,21
34,0.9297708842969177,0.2846646269681281,0.21677393997935432,1.0383225293519232,bert,memory_efficiency,linear,5,1003451250,97,47,21
39,0.8916064536202308,0.3172593161631086,0.057570454983030865,1.0303345753504938,bert,memory_efficiency,linear,6,171429433,92,47,21
36,0.910024772662613,0.31220741343582364,0.3815201058822342,1.0810325184173963,bert,memory_efficiency,linear,7,795643823,95,47,21
47,0.9387472738134403,0.2525887740508934,-0.16334118647702395,0.9536943610370908,bert,memory_efficiency,linear,8,1381800716,84,47,21
44,0.9224678216822867,0.2731298276446606,-0.09355220462904526,0.9739168395037271,bert,memory_efficiency,linear,9,762179171,87,47,21
41,0.9281717236599107,0.2777959848676199,-0.06368051104514946,0.9744313381733194,bert,memory_efficiency,linear,10,1784690067,90,47,21
35,0.9136806103496702,0.296496797433433,0.36298765455046045,1.0974380995888233,bert,memory_efficiency,linear,11,1697625005,96,47,21
41,0.9352741510240267,0.2459246645806618,0.0790106417077095,1.0357403633118785,bert,memory_efficiency,linear,12,1512746413,90,47,21
44,0.9027845393426216,0.31902964092800756,0.18757502734609433,1.019357170576124,bert,memory_efficiency,linear,13,1943781587,87,47,21
42,0.9369472427350201,0.25476763535077146,0.03456718945986715,1.0404250584696275,bert,memory_efficiency,linear,14,1548783626,89,47,21
46,0.936454941521924,0.28389646086243164,0.21925865128537883,1.0420371559253254,bert,memory_efficiency,linear,15,380863078,85,47,21
34,0.9027812676442696,0.3204398662764103,0.23862300414392096,1.0105445013408978,bert,memory_efficiency,linear,16,1843517862,97,47,21
39,0.925843481576041,0.23960507198677683,-0.2634717603153763,0.9602454526809348,bert,memory_efficiency,linear,17,1401844688,92,47,21
40,0.912488926987116,0.26331869654289725,-0.10446493082698093,0.9997129306598035,bert,memory_efficiency,linear,18,211455622,91,47,21
51,0.933070334017081,0.2572084823951504,-0.2365224025002946,0.9623615958034963,bert,memory_efficiency,linear,19,640600314,80,47,21
37,0.9335673021800847,0.2563605574980432,0.1670261649637978,1.0448550824944938,bert,full_interpretable,linear,0,1829338324,94,47,21
39,0.9445673732913511,0.25302176435334206,0.17038088664077536,1.0344972524584173,bert,full_interpretable,linear,1,384259585,92,47,21
29,0.9180340484213932,0.2754382825857777,0.1335858796620546,1.0483151813283793,bert,full_interpretable,linear,2,56731231,102,47,21
45,0.9289731428993663,0.26863251305234503,0.08512446599191996,1.0207513013085743,bert,full_interpretable,linear,3,1374203058,86,47,21
34,0.9254779296164561,0.2441940149341516,-0.11936592390027073,0.9645361754267763,bert,full_interpretable,linear,4,784857332,97,47,21
34,0.9485985563102317,0.24353566020006867,0.1770717587044144,1.0283811079791987,bert,full_interpretable,linear,5,1003451250,97,47,21
39,0.9247848019344826,0.26428071477526605,0.1383395934991431,1.042806550956344,bert,full_interpretable,linear,6,171429433,92,47,21
36,0.9406498696779148,0.2535669071432058,0.32171190469181454,1.062345316858952,bert,full_interpretable,linear,7,795643823,95,47,21
47,0.9534077267656471,0.22029684823371745,-0.20817686642970523,0.9456332814156722,bert,full_interpretable,linear,8,1381800716,84,47,21
44,0.947347866431486,0.22507959491520166,-0.10107870741436767,0.9736838271945881,bert,full_interpretable,linear,9,762179171,87,47,21
41,0.9516821915574226,0.22784098830860336,0.002691759307435927,0.9971940475091878,bert,full_interpretable,linear,10,1784690067,90,47,21
35,0.9218881385592829,0.2820488413584263,0.3037830559026426,1.0836406310735898,bert,full_interpretable,linear,11,1697625005,96,47,21
41,0.947359422550049,0.2217805888781709,-0.04390777567164244,0.9997710050995389,bert,full_interpretable,linear,12,1512746413,90,47,21
44,0.9210247735682078,0.2875469766999472,0.10172774720397709,0.9943229060302219,bert,full_interpretable,linear,13,1943781587,87,47,21
42,0.92781880114968,0.27258644782308594,-0.1660860928240261,0.9832056539361638,bert,full_interpretable,linear,14,1548783626,89,47,21
46,0.9488649753619424,0.2546703126291457,0.22512804757121374,1.0356953379137184,bert,full_interpretable,linear,15,380863078,85,47,21
34,0.9282996935526074,0.2751896340939478,0.1658667893678894,0.9980721957315661,bert,full_interpretable,linear,16,1843517862,97,47,21
39,0.9177254705155432,0.25237948203645827,0.029996461876072637,1.0422254455380753,bert,full_interpretable,linear,17,1401844688,92,47,21
40,0.947167643736714,0.20459743381317982,-0.10014283202765283,0.9960099171754909,bert,full_interpretable,linear,18,211455622,91,47,21
51,0.9530959889650683,0.2153183037321167,-0.20208151910821712,0.962491591225887,bert,full_interpretable,linear,19,640600314,80,47,21
37,0.9284096846373094,0.26612605763285024,0.19990934355144205,1.0530525905724804,bert,full_plus_hardware,linear,0,1829338324,94,47,21
39,0.9387478207981992,0.2659720023336865,0.21031451479090837,1.0454046750858172,bert,full_plus_hardware,linear,1,384259585,92,47,21
29,0.9104646307303504,0.2878756116787427,0.13645336452168755,1.0485760678627052,bert,full_plus_hardware,linear,2,56731231,102,47,21
45,0.9288935271673787,0.2687830292442818,0.07829140975464817,1.0194271608774557,bert,full_plus_hardware,linear,3,1374203058,86,47,21
34,0.9214723199324957,0.2506709131386979,-0.1279294060987914,0.963885257834098,bert,full_plus_hardware,linear,4,784857332,97,47,21
34,0.9482907848757555,0.2442636694842504,0.19208117305974942,1.0323747086245778,bert,full_plus_hardware,linear,5,1003451250,97,47,21
39,0.9249924768301964,0.2639156129824357,0.13734208409692306,1.042011507638025,bert,full_plus_hardware,linear,6,171429433,92,47,21
36,0.9360652735538963,0.2631783383828066,0.3272632487414665,1.0628293118737928,bert,full_plus_hardware,linear,7,795643823,95,47,21
47,0.9511907102645858,0.22547717123514266,-0.223479896014902,0.9414030857088846,bert,full_plus_hardware,linear,8,1381800716,84,47,21
44,0.946360638176755,0.22717991817064354,-0.10685194225893606,0.9729071794608158,bert,full_plus_hardware,linear,9,762179171,87,47,21
41,0.9507832637743515,0.22995065297176703,-0.004812076099019417,0.995193612753151,bert,full_plus_hardware,linear,10,1784690067,90,47,21
35,0.9214313791868279,0.28287228012198956,0.3046757032383594,1.083805478603949,bert,full_plus_hardware,linear,11,1697625005,96,47,21
41,0.9474266250475416,0.22163897788133013,-0.043736258776818575,0.9999015800201542,bert,full_plus_hardware,linear,12,1512746413,90,47,21
44,0.9178541605105198,0.2932622430385469,0.08918750155487477,0.9908233971701493,bert,full_plus_hardware,linear,13,1943781587,87,47,21
42,0.9274750943195149,0.27323466757377973,-0.16523976736476634,0.9835259403739817,bert,full_plus_hardware,linear,14,1548783626,89,47,21
46,0.9485173005180156,0.25553461716283715,0.22135040588145627,1.0342533237362508,bert,full_plus_hardware,linear,15,380863078,85,47,21
34,0.9278868805330429,0.27598069638756667,0.1589995160550939,0.9974543834685234,bert,full_plus_hardware,linear,16,1843517862,97,47,21
39,0.9177797822102485,0.2522961669428953,0.029761199784279116,1.0421805069926828,bert,full_plus_hardware,linear,17,1401844688,92,47,21
40,0.9472277358861722,0.2044810449327168,-0.10301312603711417,0.9954531262663818,bert,full_plus_hardware,linear,18,211455622,91,47,21
51,0.9520520373282699,0.21770130750549502,-0.22093602536873952,0.9572000361231774,bert,full_plus_hardware,linear,19,640600314,80,47,21
37,0.9283213379703945,0.2662902146206105,0.18659074938218329,1.049217180804199,bert,full_plus_hardware_gpu_count,linear,0,1829338324,94,47,21
39,0.9397647269734327,0.26375493374517434,0.21903857871508897,1.0473671048437516,bert,full_plus_hardware_gpu_count,linear,1,384259585,92,47,21
29,0.9145780553821896,0.2811850886343156,0.13440360257060027,1.0499052045910353,bert,full_plus_hardware_gpu_count,linear,2,56731231,102,47,21
45,0.93038113590488,0.2659565817852519,0.08043423391998897,1.018717601959533,bert,full_plus_hardware_gpu_count,linear,3,1374203058,86,47,21
34,0.9162903137217228,0.2588096208660001,-0.21297589240514672,0.945007558773729,bert,full_plus_hardware_gpu_count,linear,4,784857332,97,47,21
34,0.9502416791721279,0.2396115575120659,0.18106831576675733,1.0310486671567685,bert,full_plus_hardware_gpu_count,linear,5,1003451250,97,47,21
39,0.9246405409802674,0.26453403541848974,0.16530441546217806,1.0468626516814237,bert,full_plus_hardware_gpu_count,linear,6,171429433,92,47,21
36,0.9370839973372764,0.2610732021803419,0.3337295122505385,1.0654387050614769,bert,full_plus_hardware_gpu_count,linear,7,795643823,95,47,21
47,0.9487889399842675,0.230958109714208,-0.26278317631902387,0.9308729758449255,bert,full_plus_hardware_gpu_count,linear,8,1381800716,84,47,21
44,0.9441606252707686,0.23179198302424528,-0.03890684995151474,0.9869342544482339,bert,full_plus_hardware_gpu_count,linear,9,762179171,87,47,21
41,0.9506844331160512,0.2301814157026418,0.008386738094108186,0.9979912454729233,bert,full_plus_hardware_gpu_count,linear,10,1784690067,90,47,21
35,0.9240999051578298,0.27802700772296457,0.3128219519282436,1.0868697859469483,bert,full_plus_hardware_gpu_count,linear,11,1697625005,96,47,21
41,0.9485985865326558,0.2191546756679132,-0.008308147046537543,1.0082756831632347,bert,full_plus_hardware_gpu_count,linear,12,1512746413,90,47,21
44,0.9139409581224887,0.3001660838422838,0.09120781286815557,0.9897511554914964,bert,full_plus_hardware_gpu_count,linear,13,1943781587,87,47,21
42,0.9296493841383713,0.26910772611695993,-0.15330133615330746,0.9868072898420025,bert,full_plus_hardware_gpu_count,linear,14,1548783626,89,47,21
46,0.9437760044547028,0.2670422259038026,0.15062369895434502,1.0138547863915135,bert,full_plus_hardware_gpu_count,linear,15,380863078,85,47,21
34,0.9272767287971332,0.27714577850066935,0.12460972778625251,0.990030203747049,bert,full_plus_hardware_gpu_count,linear,16,1843517862,97,47,21
39,0.9194009408978135,0.2497964873629332,0.033398167748820894,1.0416700473987268,bert,full_plus_hardware_gpu_count,linear,17,1401844688,92,47,21
40,0.9492021257156718,0.20061941588822696,-0.09915744561243768,0.9964419384158419,bert,full_plus_hardware_gpu_count,linear,18,211455622,91,47,21
51,0.9450528339895176,0.2330497315876338,-0.23252700055816328,0.9483421413006771,bert,full_plus_hardware_gpu_count,linear,19,640600314,80,47,21
37,0.6583240409594013,0.5813898877278476,0.1111922220307042,1.0499973355842571,bert,runtime_only_postrun,linear,0,1829338324,94,47,21
39,0.7279692103226638,0.5605110538209713,0.10670552080318339,1.01255041972685,bert,runtime_only_postrun,linear,1,384259585,92,47,21
29,0.6331510798891871,0.5827082698776817,-0.45174316661889946,0.9116140272817953,bert,runtime_only_postrun,linear,2,56731231,102,47,21
45,0.7298080042825951,0.5239423643768459,-0.178609589090946,0.9567989055837689,bert,runtime_only_postrun,linear,3,1374203058,86,47,21
34,0.5267727584528913,0.6153574004692821,-0.676262182495664,0.8943031223707988,bert,runtime_only_postrun,linear,4,784857332,97,47,21
34,0.7298376141086085,0.5583253484873276,0.12624299910131484,1.0132667559264068,bert,runtime_only_postrun,linear,5,1003451250,97,47,21
39,0.7410590624467046,0.4903577335559596,-0.16294219549651534,0.9751273203642473,bert,runtime_only_postrun,linear,6,171429433,92,47,21
36,0.7528520452289764,0.5174402944836534,0.00961038146627291,0.9559022782696078,bert,runtime_only_postrun,linear,7,795643823,95,47,21
47,0.7339601372470066,0.5264106793306175,0.5046241650085855,1.1169304546881473,bert,runtime_only_postrun,linear,8,1381800716,84,47,21
44,0.7366694660970481,0.5033600539913744,-0.53961442409693,0.8661310354657742,bert,runtime_only_postrun,linear,9,762179171,87,47,21
41,0.7308292999277545,0.5377645057815681,-0.05588309264051276,0.9941421823987344,bert,runtime_only_postrun,linear,10,1784690067,90,47,21
35,0.7205483734960119,0.5334812341291921,-0.0017905195958098483,0.9786275499233614,bert,runtime_only_postrun,linear,11,1697625005,96,47,21
41,0.7051495239792933,0.5248849574063759,-0.44007560405581936,0.8750020889620805,bert,runtime_only_postrun,linear,12,1512746413,90,47,21
44,0.7392454705738832,0.5224915802966345,0.4115965396810649,1.0382022207087231,bert,runtime_only_postrun,linear,13,1943781587,87,47,21
42,0.7294166139363074,0.5277676647489339,0.028271215695645193,0.9876991533139717,bert,runtime_only_postrun,linear,14,1548783626,89,47,21
46,0.7467663879411041,0.5667346440191852,0.4640662284175833,1.148111743901735,bert,runtime_only_postrun,linear,15,380863078,85,47,21
34,0.716070771821967,0.5476166142123688,-0.03988318296373963,0.9943001532852322,bert,runtime_only_postrun,linear,16,1843517862,97,47,21
39,0.5637749527316671,0.5811344751564882,-0.10058557121722217,1.0048341576051538,bert,runtime_only_postrun,linear,17,1401844688,92,47,21
40,0.67326599712286,0.5088003001622863,-0.5411387201032184,0.8720879099718096,bert,runtime_only_postrun,linear,18,211455622,91,47,21
51,0.7374113403784825,0.5094645164024613,-0.10674366088481013,0.9926913415385864,bert,runtime_only_postrun,linear,19,640600314,80,47,21
37,0.925353426198204,0.27174727767429974,0.10304451230517256,1.0024657340411,bert,device_seconds_postrun,linear,0,1829338324,94,47,21
39,0.9456301449504478,0.25058451970673695,0.17248593253589548,1.0444392909515328,bert,device_seconds_postrun,linear,1,384259585,92,47,21
29,0.9518446501353913,0.21112022033409072,-0.2513474288497441,0.9331835800952094,bert,device_seconds_postrun,linear,2,56731231,102,47,21
45,0.9247347396743031,0.2765314685798498,0.20104330937290416,1.0336613887175161,bert,device_seconds_postrun,linear,3,1374203058,86,47,21
34,0.9043054043371206,0.2767172705437294,0.5168300922882257,1.125166496191769,bert,device_seconds_postrun,linear,4,784857332,97,47,21
34,0.9433674247936404,0.2556277864356544,0.12438616807766271,1.0161176708682513,bert,device_seconds_postrun,linear,5,1003451250,97,47,21
39,0.9070538855426685,0.2937841020870224,0.04465569033544042,1.011163181925962,bert,device_seconds_postrun,linear,6,171429433,92,47,21
36,0.9435945296141378,0.24719651720344762,0.124341245371018,1.034820680217255,bert,device_seconds_postrun,linear,7,795643823,95,47,21
47,0.9442147333636254,0.241052194901916,0.05240619550873886,1.0221515115246278,bert,device_seconds_postrun,linear,8,1381800716,84,47,21
44,0.942050889206704,0.23613019503409333,0.026590212244779938,0.9973542795720934,bert,device_seconds_postrun,linear,9,762179171,87,47,21
41,0.9401271814169002,0.2536256036658321,-0.09114733054598953,0.9626757736579931,bert,device_seconds_postrun,linear,10,1784690067,90,47,21
35,0.9653174046959182,0.1879410377230642,-0.18001014532966528,0.9558686977479833,bert,device_seconds_postrun,linear,11,1697625005,96,47,21
41,0.9709502403335097,0.16475343640482246,-0.27339526274588477,0.9383571255390456,bert,device_seconds_postrun,linear,12,1512746413,90,47,21
44,0.939424045709647,0.2518334981269149,-0.021455879466711725,1.0052148763993973,bert,device_seconds_postrun,linear,13,1943781587,87,47,21
42,0.9738111029997966,0.16419155599094276,-0.16172185976927458,0.9683086992431208,bert,device_seconds_postrun,linear,14,1548783626,89,47,21
46,0.941999944999027,0.27122723047474645,0.18369566360282566,1.0660372517199554,bert,device_seconds_postrun,linear,15,380863078,85,47,21
34,0.9274334396949006,0.2768470076533762,0.10780969134169671,1.0221120523144092,bert,device_seconds_postrun,linear,16,1843517862,97,47,21
39,0.9377627474977929,0.21950607651125204,-0.19006665707263187,0.938052213708544,bert,device_seconds_postrun,linear,17,1401844688,92,47,21
40,0.9399449433236023,0.21813481341996704,-0.052617073180539424,0.9918273771098304,bert,device_seconds_postrun,linear,18,211455622,91,47,21
51,0.9420106875833574,0.23941421781961744,0.08876651966224637,1.0266700989758295,bert,device_seconds_postrun,linear,19,640600314,80,47,21
37,0.8576856817057322,0.3752187748271422,0.03424277800867411,1.0068650688950724,bert,configuration_only_prerun,linear,0,1829338324,94,47,21
39,0.8768405662099011,0.3771455540334538,0.39436389831812674,1.073337956009629,bert,configuration_only_prerun,linear,1,384259585,92,47,21
29,0.8849925500093998,0.32626504419494384,-0.007268256256425549,1.0383785894110598,bert,configuration_only_prerun,linear,2,56731231,102,47,21
45,0.8776752170436897,0.3525368364222946,0.052171277935679106,1.0127577141936959,bert,configuration_only_prerun,linear,3,1374203058,86,47,21
34,0.8650376898980663,0.32862364699961844,-0.47621817306818254,0.8977628794525925,bert,configuration_only_prerun,linear,4,784857332,97,47,21
34,0.8991761501364305,0.34108022627197965,0.0881383520616378,1.0072274585106304,bert,configuration_only_prerun,linear,5,1003451250,97,47,21
39,0.8620101040358256,0.3579614961450116,0.14453149697761408,1.0376152433402728,bert,configuration_only_prerun,linear,6,171429433,92,47,21
36,0.8538012355743685,0.39797297910435253,0.7675781590756501,1.1470163332410648,bert,configuration_only_prerun,linear,7,795643823,95,47,21
47,0.8901419049070981,0.33827302399039844,-0.36233030860074855,0.9021208628604926,bert,configuration_only_prerun,linear,8,1381800716,84,47,21
44,0.8744282955689546,0.3475954094430543,-0.05463152487158631,0.9789529417553028,bert,configuration_only_prerun,linear,9,762179171,87,47,21
41,0.9002781868897429,0.32732058975837475,-0.044210918470533274,0.986884486094104,bert,configuration_only_prerun,linear,10,1784690067,90,47,21
35,0.8592026609830701,0.3786718747763855,0.4788378960891299,1.122121073916764,bert,configuration_only_prerun,linear,11,1697625005,96,47,21
41,0.8946142606805607,0.3138008627228242,0.42966118591932345,1.1096371954958621,bert,configuration_only_prerun,linear,12,1512746413,90,47,21
44,0.8730730144538551,0.3645359370373891,-0.015563913475311861,0.9866966939366141,bert,configuration_only_prerun,linear,13,1943781587,87,47,21
42,0.8983889692232798,0.32341685028586586,0.10709985595102725,1.0605494174906362,bert,configuration_only_prerun,linear,14,1548783626,89,47,21
46,0.904675158170547,0.3477139650183667,0.23682314111247663,1.0302944378766843,bert,configuration_only_prerun,linear,15,380863078,85,47,21
34,0.8683035552471355,0.3729568519005395,0.22428158323452677,1.0055120161242985,bert,configuration_only_prerun,linear,16,1843517862,97,47,21
39,0.8459392120996458,0.3453563123478568,-0.3573476491629771,0.9447181658246271,bert,configuration_only_prerun,linear,17,1401844688,92,47,21
40,0.8831787108704872,0.30423641111686006,-0.14518132853754592,0.9939218157504078,bert,configuration_only_prerun,linear,18,211455622,91,47,21
51,0.9004092734330267,0.31375120938561496,-0.309335123162651,0.9333040445438984,bert,configuration_only_prerun,linear,19,640600314,80,47,21
37,0.9190973894095532,0.2829055910874027,0.6846830590433043,1.158652849810136,bert,random_forest_full_postrun,rf,0,1829338324,94,47,21
39,0.9235756207297524,0.29709210479831455,0.7293981359678863,1.1551321107927506,bert,random_forest_full_postrun,rf,1,384259585,92,47,21
29,0.9434016448577731,0.22888085343985903,0.4222367000937413,1.1012058910049614,bert,random_forest_full_postrun,rf,2,56731231,102,47,21
45,0.8921390410584064,0.3310391929581968,0.6544559107614649,1.150018291420552,bert,random_forest_full_postrun,rf,3,1374203058,86,47,21
34,0.8977456053186852,0.28604446628479424,0.04511857977311295,1.0463902852802451,bert,random_forest_full_postrun,rf,4,784857332,97,47,21
34,0.9168315617983205,0.3097805718829124,0.7676696075920446,1.1632242403175577,bert,random_forest_full_postrun,rf,5,1003451250,97,47,21
39,0.9460022887981968,0.22392384710985602,0.1705761522039603,1.0638914720092507,bert,random_forest_full_postrun,rf,6,171429433,92,47,21
36,0.8810045334696047,0.3590433959526954,0.9481608915672635,1.1947746971380533,bert,random_forest_full_postrun,rf,7,795643823,95,47,21
47,0.9340881974852,0.2620190863916115,0.28138568135266073,1.091596389350032,bert,random_forest_full_postrun,rf,8,1381800716,84,47,21
44,0.9418800587455903,0.236477987645782,0.6183373548818788,1.1450232830101272,bert,random_forest_full_postrun,rf,9,762179171,87,47,21
41,0.9601884198764757,0.2068154358127367,0.38122972837839425,1.0798947856957728,bert,random_forest_full_postrun,rf,10,1784690067,90,47,21
35,0.887350615171391,0.33871173115346503,0.8305510933326107,1.1880555294899677,bert,random_forest_full_postrun,rf,11,1697625005,96,47,21
41,0.9266556834663994,0.2617860154356821,0.527429703455594,1.1028071853672685,bert,random_forest_full_postrun,rf,12,1512746413,90,47,21
44,0.9138842887767877,0.3002648963310309,0.7068095873454852,1.1619191371528164,bert,random_forest_full_postrun,rf,13,1943781587,87,47,21
42,0.9364156538539185,0.2558393362074745,0.48283712689916125,1.1096436944806485,bert,random_forest_full_postrun,rf,14,1548783626,89,47,21
46,0.8968183231200632,0.36175986045739433,0.7546835564902464,1.1934270392571613,bert,random_forest_full_postrun,rf,15,380863078,85,47,21
34,0.9257548746814239,0.28003062980776033,0.7795964868528097,1.1684994521350696,bert,random_forest_full_postrun,rf,16,1843517862,97,47,21
39,0.949905101751119,0.19693281573248614,-0.006036453341848719,1.0153839019845503,bert,random_forest_full_postrun,rf,17,1401844688,92,47,21
40,0.9314623185691371,0.2330316425809497,0.23738805338611782,1.0846058803831389,bert,random_forest_full_postrun,rf,18,211455622,91,47,21
51,0.9465748286506246,0.22979941565020606,0.17026926720163454,1.0680350553491378,bert,random_forest_full_postrun,rf,19,640600314,80,47,21
37,0.9004739905506671,0.31378238394929553,0.3521894307845759,1.0771449049071864,bert,hist_gradient_boosting_full_postrun,hgb,0,1829338324,94,47,21
39,0.9089680345066589,0.32424412103095596,0.1886453184242867,1.0182532356093155,bert,hist_gradient_boosting_full_postrun,hgb,1,384259585,92,47,21
29,0.9264815781662513,0.2608588930989673,-0.3720124728074646,0.9188006741354368,bert,hist_gradient_boosting_full_postrun,hgb,2,56731231,102,47,21
45,0.8639184262669907,0.37183214980536883,-0.0407568718423157,0.9787066878452614,bert,hist_gradient_boosting_full_postrun,hgb,3,1374203058,86,47,21
34,0.8478856057974589,0.34888131892601226,-0.38301494377150874,0.9425385474936705,bert,hist_gradient_boosting_full_postrun,hgb,4,784857332,97,47,21
34,0.9003477073776319,0.33909278673859083,0.18367528726282292,1.0271915228040038,bert,hist_gradient_boosting_full_postrun,hgb,5,1003451250,97,47,21
39,0.8868453441571362,0.3241521339823801,-0.48405430305786484,0.9048053688552252,bert,hist_gradient_boosting_full_postrun,hgb,6,171429433,92,47,21
36,0.873532502167005,0.37014441258996,0.7349396913152612,1.134513213785403,bert,hist_gradient_boosting_full_postrun,hgb,7,795643823,95,47,21
47,0.8807641778616151,0.3524152627220759,-0.10684712840836079,1.0112071411633332,bert,hist_gradient_boosting_full_postrun,hgb,8,1381800716,84,47,21
44,0.893300585963069,0.32041228188703624,-0.16400051508825725,0.9667358989704607,bert,hist_gradient_boosting_full_postrun,hgb,9,762179171,87,47,21
41,0.8871540128059636,0.3481940151159006,-0.4788546451726126,0.8730145805420836,bert,hist_gradient_boosting_full_postrun,hgb,10,1784690067,90,47,21
35,0.8753785283259062,0.35625606294820533,0.30607243517073285,1.064693333543943,bert,hist_gradient_boosting_full_postrun,hgb,11,1697625005,96,47,21
41,0.9255304750799397,0.26378646113144766,0.156082487277511,1.00992579945743,bert,hist_gradient_boosting_full_postrun,hgb,12,1512746413,90,47,21
44,0.8960762139301766,0.3298533096161233,0.37234269121534275,1.085890205950561,bert,hist_gradient_boosting_full_postrun,hgb,13,1943781587,87,47,21
42,0.8968563843800627,0.32584674749220266,-0.4165782844150962,0.8911744979476868,bert,hist_gradient_boosting_full_postrun,hgb,14,1548783626,89,47,21
46,0.8526527558809887,0.43230483759941923,0.42102740406538985,1.1262372570240384,bert,hist_gradient_boosting_full_postrun,hgb,15,380863078,85,47,21
34,0.8938646483472031,0.3348124481257279,0.5096592012759008,1.1062654888368653,bert,hist_gradient_boosting_full_postrun,hgb,16,1843517862,97,47,21
39,0.919285260287759,0.24997568454752783,-0.2765489486411567,0.9458420532481189,bert,hist_gradient_boosting_full_postrun,hgb,17,1401844688,92,47,21
40,0.9097389013199249,0.26742407354190045,-0.17626523531385052,0.9833369305837616,bert,hist_gradient_boosting_full_postrun,hgb,18,211455622,91,47,21
51,0.8578181143680861,0.3748850252608402,-0.6045641978810715,0.8976588617618051,bert,hist_gradient_boosting_full_postrun,hgb,19,640600314,80,47,21
37,0.876817953113488,0.3490872370007358,0.49513440976790557,1.1176612903993595,bert,random_forest_configuration_prerun,rf,0,1829338324,94,47,21
39,0.8804459629119682,0.371584229371836,0.8838643035979383,1.1860932787774678,bert,random_forest_configuration_prerun,rf,1,384259585,92,47,21
29,0.9134800694680362,0.2829864494623734,0.35631798530950515,1.094694472390992,bert,random_forest_configuration_prerun,rf,2,56731231,102,47,21
45,0.868821075668661,0.36507265873476824,0.5851697544465732,1.138311261494964,bert,random_forest_configuration_prerun,rf,3,1374203058,86,47,21
34,0.823201004547335,0.3761252210111672,-0.1022593359242187,1.0372157845254364,bert,random_forest_configuration_prerun,rf,4,784857332,97,47,21
34,0.8990487218444532,0.3412956988333068,0.8039602245423317,1.1814047683389937,bert,random_forest_configuration_prerun,rf,5,1003451250,97,47,21
39,0.9051313634344746,0.2968069051588768,0.19684543010622002,1.065460675422784,bert,random_forest_configuration_prerun,rf,6,171429433,92,47,21
36,0.7970432592448674,0.46890350057630986,0.9753655775224,1.1788959428893857,bert,random_forest_configuration_prerun,rf,7,795643823,95,47,21
47,0.8901153395322476,0.33831392132474064,0.2551502186727899,1.0785662668283331,bert,random_forest_configuration_prerun,rf,8,1381800716,84,47,21
44,0.8990115358797376,0.3117195361628245,0.6071051177632134,1.1395299880023042,bert,random_forest_configuration_prerun,rf,9,762179171,87,47,21
41,0.9338215181425744,0.26664696326186593,0.5424595899507749,1.1203103382881245,bert,random_forest_configuration_prerun,rf,10,1784690067,90,47,21
35,0.8273106610476104,0.41937118796867,0.5509565610151742,1.119577267837906,bert,random_forest_configuration_prerun,rf,11,1697625005,96,47,21
41,0.8704405302128043,0.3479347378673155,0.47403871840467754,1.0938240551981062,bert,random_forest_configuration_prerun,rf,12,1512746413,90,47,21
44,0.8641500138544861,0.3771318096807218,0.44126392273860826,1.0872694652659929,bert,random_forest_configuration_prerun,rf,13,1943781587,87,47,21
42,0.9069293338046929,0.30952706242314415,0.6482007452528333,1.1566776377544743,bert,random_forest_configuration_prerun,rf,14,1548783626,89,47,21
46,0.8652421065924988,0.4134244842707541,0.9887183597258187,1.2479148720725877,bert,random_forest_configuration_prerun,rf,15,380863078,85,47,21
34,0.8680494780462445,0.3733164446481432,0.6493500759171716,1.1461277380074917,bert,random_forest_configuration_prerun,rf,16,1843517862,97,47,21
39,0.9145893635141431,0.25714454763272104,-0.14368898126547883,0.982959494221282,bert,random_forest_configuration_prerun,rf,17,1401844688,92,47,21
40,0.868086477626976,0.32329192015760605,0.03437153613185199,1.0427591334543118,bert,random_forest_configuration_prerun,rf,18,211455622,91,47,21
51,0.9160239502264524,0.2881069128801659,0.3379449830851792,1.1124139187428326,bert,random_forest_configuration_prerun,rf,19,640600314,80,47,21
37,0.8557849494844338,0.37771615131808645,0.08540461505936417,1.0194776016288156,bert,hist_gradient_boosting_configuration_prerun,hgb,0,1829338324,94,47,21
39,0.8769422838352717,0.37698977922533383,0.22135681297323903,1.019908223128877,bert,hist_gradient_boosting_configuration_prerun,hgb,1,384259585,92,47,21
29,0.8914163659827722,0.3170222510167844,-0.35502117908523523,0.9208420573898863,bert,hist_gradient_boosting_configuration_prerun,hgb,2,56731231,102,47,21
45,0.846546822455115,0.39485279713448357,0.006362443152274946,0.9891279293224285,bert,hist_gradient_boosting_configuration_prerun,hgb,3,1374203058,86,47,21
34,0.772712593499506,0.42646190831047853,-0.6799881546220959,0.8949632720912157,bert,hist_gradient_boosting_configuration_prerun,hgb,4,784857332,97,47,21
34,0.8728629466881908,0.3830107600119628,0.19384710193120522,1.0373478917906978,bert,hist_gradient_boosting_configuration_prerun,hgb,5,1003451250,97,47,21
39,0.9247155676104111,0.2644023197731352,-0.14743842719279276,0.9763731078323828,bert,hist_gradient_boosting_configuration_prerun,hgb,6,171429433,92,47,21
36,0.793028331194368,0.47351875559237006,0.5366036570825117,1.0629195657123198,bert,hist_gradient_boosting_configuration_prerun,hgb,7,795643823,95,47,21
47,0.8283284347421596,0.4228638087436298,-0.3405416204657074,0.9495011336119613,bert,hist_gradient_boosting_configuration_prerun,hgb,8,1381800716,84,47,21
44,0.8371066468031123,0.3958948200508142,-0.21750473621368416,0.9509146730709941,bert,hist_gradient_boosting_configuration_prerun,hgb,9,762179171,87,47,21
41,0.869026270709741,0.37512010280727204,-0.5525770994644165,0.8528756049876057,bert,hist_gradient_boosting_configuration_prerun,hgb,10,1784690067,90,47,21
35,0.7995674510052527,0.45180387470499866,-0.0931887421138892,0.9761005033445819,bert,hist_gradient_boosting_configuration_prerun,hgb,11,1697625005,96,47,21
41,0.8673677103823805,0.3520366206619621,0.03912249607485297,0.9840552862020489,bert,hist_gradient_boosting_configuration_prerun,hgb,12,1512746413,90,47,21
44,0.8870631150362642,0.3438596907565699,0.23918984795295975,1.0536321008854694,bert,hist_gradient_boosting_configuration_prerun,hgb,13,1943781587,87,47,21
42,0.889744825094765,0.33689278184086735,-0.07732135061590731,0.9757261391752869,bert,hist_gradient_boosting_configuration_prerun,hgb,14,1548783626,89,47,21
46,0.8370406895428936,0.4546306128021306,0.27888151260582206,1.0908708830656384,bert,hist_gradient_boosting_configuration_prerun,hgb,15,380863078,85,47,21
34,0.8502290385621927,0.39772727409681724,0.2491243369918817,1.0489842411270662,bert,hist_gradient_boosting_configuration_prerun,hgb,16,1843517862,97,47,21
39,0.8887505590335345,0.29347442454004063,-0.24252781380743482,0.9470179669606154,bert,hist_gradient_boosting_configuration_prerun,hgb,17,1401844688,92,47,21
40,0.8130786055487287,0.3848395501015593,-0.463175421195439,0.9167470649033175,bert,hist_gradient_boosting_configuration_prerun,hgb,18,211455622,91,47,21
51,0.8326193720827988,0.4067509299243018,-0.6067454524411484,0.9033405046508064,bert,hist_gradient_boosting_configuration_prerun,hgb,19,640600314,80,47,21
173,0.36769477570790976,0.72747134504788,1.3099882334638095,1.3065204708895408,gpt,tokens_only,linear,0,1829338324,389,124,54
168,0.21183651786768198,0.9076328637911765,-0.29186146746258745,0.9397063055627792,gpt,tokens_only,linear,1,384259585,394,124,54
175,0.3208863640620584,0.7925081509194822,0.8482484400631273,1.2014570566376281,gpt,tokens_only,linear,2,56731231,387,124,54
176,0.26385144112871883,0.8835720725698079,0.7941258969862166,1.1805478525920474,gpt,tokens_only,linear,3,1374203058,386,124,54
168,0.31444335544197255,0.8124051630871129,1.199702182301887,1.2299657048990136,gpt,tokens_only,linear,4,784857332,394,124,54
177,0.3258226141974361,0.7843200904747092,1.1530847393964057,1.2763755085920827,gpt,tokens_only,linear,5,1003451250,385,124,54
172,0.2503500794342217,0.8038837478916118,0.21397244597627432,1.0970319480247352,gpt,tokens_only,linear,6,171429433,390,124,54
166,0.2208912593446153,0.7951167749463144,0.7236375985826745,1.0897979092924774,gpt,tokens_only,linear,7,795643823,396,124,54
170,0.24749780840761149,0.803137425299239,-0.3264437098453572,0.9200913305182657,gpt,tokens_only,linear,8,1381800716,392,124,54
172,0.28090873067975164,0.7723755063432751,0.7143734684597143,1.101965082701675,gpt,tokens_only,linear,9,762179171,390,124,54
167,0.3023890887683004,0.7994308926856174,1.2670366233736643,1.239492230027871,gpt,tokens_only,linear,10,1784690067,395,124,54
164,0.2467725302946141,0.8295800918627624,0.2181985912620998,1.086811381079675,gpt,tokens_only,linear,11,1697625005,398,124,54
163,0.24306561383231973,0.7776222680153911,-0.4034971988927965,0.9409823656668229,gpt,tokens_only,linear,12,1512746413,399,124,54
172,0.35066496351574394,0.7527648252884541,1.1023855107559069,1.2615910666142274,gpt,tokens_only,linear,13,1943781587,390,124,54
177,0.12507888291879787,0.9101553508527342,-1.0065284696837293,0.8260032343149871,gpt,tokens_only,linear,14,1548783626,385,124,54
171,0.2500590742176436,0.7966522721074795,-0.1351708070788549,0.9982263714703452,gpt,tokens_only,linear,15,380863078,391,124,54
181,0.17615127599146763,0.8813826604369084,-0.7847698230074476,0.8619458783670276,gpt,tokens_only,linear,16,1843517862,381,124,54
169,0.22831245006994072,0.8221301742876413,-0.3260941635000664,0.964885329892395,gpt,tokens_only,linear,17,1401844688,393,124,54
175,0.2650670830874714,0.8508414809747543,0.4078763658853623,1.0796380564800536,gpt,tokens_only,linear,18,211455622,387,124,54
174,0.17117687119712532,0.8818874356453985,-0.4621136039202936,0.9546719680185334,gpt,tokens_only,linear,19,640600314,388,124,54
173,0.6431761873904343,0.546486478464272,0.1919008067850101,1.0533622783279637,gpt,total_flops_only,linear,0,1829338324,389,124,54
168,0.6590632138661718,0.596951419919692,0.22424913554011303,1.0274840783617694,gpt,total_flops_only,linear,1,384259585,394,124,54
175,0.6295048506241925,0.5853609885547301,-0.2902827651292709,0.9274975839094496,gpt,total_flops_only,linear,2,56731231,387,124,54
176,0.705192320703899,0.559150404490839,-0.07570730757008998,0.9635733193473182,gpt,total_flops_only,linear,3,1374203058,386,124,54
168,0.6499322329030037,0.5805332043184803,-0.25700919704818626,0.9420683632821345,gpt,total_flops_only,linear,4,784857332,394,124,54
177,0.6592536013991497,0.5575988719794163,0.18499854705976723,1.0474021814684782,gpt,total_flops_only,linear,5,1003451250,385,124,54
172,0.6576889890868414,0.5432183518021283,-0.3333541999681993,0.9442020573641539,gpt,total_flops_only,linear,6,171429433,390,124,54
166,0.5941558636163277,0.5738673489254486,0.28688541127377876,1.0626965419431273,gpt,total_flops_only,linear,7,795643823,396,124,54
170,0.6664362028795938,0.5347187758224189,0.2829256714769289,1.0749730736947587,gpt,total_flops_only,linear,8,1381800716,392,124,54
172,0.623525603930259,0.5588615200062578,0.10659550814112152,1.0279830046562408,gpt,total_flops_only,linear,9,762179171,390,124,54
167,0.6648898691514937,0.5540743851096497,-0.2398346714242596,0.9426723755302093,gpt,total_flops_only,linear,10,1784690067,395,124,54
164,0.6769220421811539,0.5433115165577357,0.18850064998826385,1.0397068665275284,gpt,total_flops_only,linear,11,1697625005,398,124,54
163,0.6460536823665458,0.5317509449197316,-0.6835560685661447,0.8647961217189264,gpt,total_flops_only,linear,12,1512746413,399,124,54
172,0.6383406877462736,0.5617909322091944,-0.576254008552994,0.8805821311474088,gpt,total_flops_only,linear,13,1943781587,390,124,54
177,0.6781387372196904,0.5520334989025854,-0.444563736384704,0.9024642732407087,gpt,total_flops_only,linear,14,1548783626,385,124,54
171,0.6477728670355236,0.5459673549626357,-0.5260462503378447,0.8889188979068319,gpt,total_flops_only,linear,15,380863078,391,124,54
181,0.6984787618122907,0.5332117604066172,0.17537694666769713,1.03352062794249,gpt,total_flops_only,linear,16,1843517862,381,124,54
169,0.6383827409722925,0.5627874658173392,-0.4150986270135107,0.9046632514349207,gpt,total_flops_only,linear,17,1401844688,393,124,54
175,0.6720858910598333,0.5683355948097866,0.16729245399493414,1.0260713556981245,gpt,total_flops_only,linear,18,211455622,387,124,54
174,0.6686608971024763,0.5575946142737097,-0.27093729067513145,0.937909090155724,gpt,total_flops_only,linear,19,640600314,388,124,54
173,0.6394887222894277,0.5493029529647523,0.20133995478195907,1.0561259326323722,gpt,compute_only,linear,0,1829338324,389,124,54
168,0.6565254269574744,0.5991690257509688,0.17809771956588547,1.0178762226385942,gpt,compute_only,linear,1,384259585,394,124,54
175,0.6275725665869243,0.5868854521855532,-0.2916431276663831,0.9285450522131226,gpt,compute_only,linear,2,56731231,387,124,54
176,0.7011364939915139,0.562983531321053,-0.11313735362010426,0.9557579520839515,gpt,compute_only,linear,3,1374203058,386,124,54
168,0.648484000006343,0.5817327999577407,-0.24804720295674332,0.9453059645981639,gpt,compute_only,linear,4,784857332,394,124,54
177,0.6560536223740732,0.5602109833877071,0.1853257768204702,1.048750695890122,gpt,compute_only,linear,5,1003451250,385,124,54
172,0.655468810864746,0.5449771212848192,-0.33464861324711803,0.9443950397429868,gpt,compute_only,linear,6,171429433,390,124,54
166,0.5964435907570904,0.5722476294964138,0.3562476714791675,1.0785420931519847,gpt,compute_only,linear,7,795643823,396,124,54
170,0.6643504592804863,0.5363879441460098,0.2835446384596596,1.0756638864877364,gpt,compute_only,linear,8,1381800716,392,124,54
172,0.6268124161452058,0.5564165998541464,0.19940340741811147,1.0488547427910513,gpt,compute_only,linear,9,762179171,390,124,54
167,0.668006062495389,0.5514921957797662,-0.18310392750827081,0.954830881078122,gpt,compute_only,linear,10,1784690067,395,124,54
164,0.679503746379403,0.5411363711911682,0.25263739792443196,1.0525457263022193,gpt,compute_only,linear,11,1697625005,398,124,54
163,0.6465627671486658,0.5313683957725037,-0.6764818351979843,0.8652972283118573,gpt,compute_only,linear,12,1512746413,399,124,54
172,0.6330269790517131,0.5659029625534494,-0.6036606765962236,0.8752937222602458,gpt,compute_only,linear,13,1943781587,390,124,54
177,0.6718439347860192,0.5574055583221742,-0.5065369348395766,0.8888068047399205,gpt,compute_only,linear,14,1548783626,385,124,54
171,0.6487501937372209,0.5452093793888333,-0.5113327009615988,0.8914369041077029,gpt,compute_only,linear,15,380863078,391,124,54
181,0.696006241455033,0.535393505947874,0.14769652260958518,1.0282401016323166,gpt,compute_only,linear,16,1843517862,381,124,54
169,0.6350201246697154,0.565398042653198,-0.4377283227481245,0.899979681313057,gpt,compute_only,linear,17,1401844688,393,124,54
175,0.6705143819126506,0.5696958245655811,0.1555524040404873,1.0245094442240807,gpt,compute_only,linear,18,211455622,387,124,54
174,0.6674178560348453,0.55863956210815,-0.2857969439018497,0.9349433745058284,gpt,compute_only,linear,19,640600314,388,124,54
173,0.7073510261852219,0.4949097491147527,0.53182982337809,1.1198049410649002,gpt,compute_memory,linear,0,1829338324,389,124,54
168,0.7338077291187193,0.5274724468799751,-0.05292284882490835,0.9700217302004582,gpt,compute_memory,linear,1,384259585,394,124,54
175,0.7153047442659469,0.5131243534219967,-0.24745000673050108,0.9506687173354578,gpt,compute_memory,linear,2,56731231,387,124,54
176,0.7657276968795488,0.498447842965781,-0.22247197672819596,0.9344597191807789,gpt,compute_memory,linear,3,1374203058,386,124,54
168,0.7467451499630464,0.4937758987833352,-0.15551507385869592,0.9756636296387997,gpt,compute_memory,linear,4,784857332,394,124,54
177,0.7204563980926242,0.5050461068284819,0.1940912269615176,1.0627131007645276,gpt,compute_memory,linear,5,1003451250,385,124,54
172,0.7573518056404019,0.45735405177364213,-0.13744452025984524,0.9816359062000894,gpt,compute_memory,linear,6,171429433,390,124,54
166,0.7069508660851677,0.48764311727405374,0.35155133406468264,1.0818591428366036,gpt,compute_memory,linear,7,795643823,396,124,54
170,0.7516658909656798,0.4613751153224718,0.2770809337705853,1.070186420178919,gpt,compute_memory,linear,8,1381800716,392,124,54
172,0.7142016109956039,0.4869298214177245,0.3699652171069053,1.0871927898497573,gpt,compute_memory,linear,9,762179171,390,124,54
167,0.7476634113079105,0.48079994385194114,0.12181332926887856,1.0129196056723393,gpt,compute_memory,linear,10,1784690067,395,124,54
164,0.7512953613660424,0.47669125970549614,0.6215037749109443,1.1092442301992018,gpt,compute_memory,linear,11,1697625005,398,124,54
163,0.6728167002465794,0.5112521356145228,-0.8921888025830426,0.808527041843051,gpt,compute_memory,linear,12,1512746413,399,124,54
172,0.7194984788879423,0.4947576400870271,-0.5171482560668025,0.8976494406759229,gpt,compute_memory,linear,13,1943781587,390,124,54
177,0.7522017489620874,0.4843733000736698,-0.587520831227413,0.8700631195546182,gpt,compute_memory,linear,14,1548783626,385,124,54
171,0.7307662071558391,0.47733145747121136,-0.5439425508477683,0.8799301773723356,gpt,compute_memory,linear,15,380863078,391,124,54
181,0.7812798342088433,0.4541352140986322,-0.021801419586708906,0.9999013489710401,gpt,compute_memory,linear,16,1843517862,381,124,54
169,0.7222781566211045,0.4932020363268335,-0.41652610118460426,0.9005767576662226,gpt,compute_memory,linear,17,1401844688,393,124,54
175,0.7656728138898998,0.48043666524466133,0.12819296296305643,1.026915439250905,gpt,compute_memory,linear,18,211455622,387,124,54
174,0.7772675003890365,0.4571661009122341,-0.039469260879253815,0.9840869138997429,gpt,compute_memory,linear,19,640600314,388,124,54
173,0.8782759949341821,0.31918363980850506,-0.04505619734779393,0.9990622956367311,gpt,compute_efficiency,linear,0,1829338324,389,124,54
168,0.9117695425680121,0.30367659660912383,0.09734496199746015,1.0094685789810118,gpt,compute_efficiency,linear,1,384259585,394,124,54
175,0.905104436120287,0.29624802766489833,-0.19490809177099927,0.9562911956498948,gpt,compute_efficiency,linear,2,56731231,387,124,54
176,0.9278851694384516,0.2765486489456213,-0.042677667392911824,0.980606602152123,gpt,compute_efficiency,linear,3,1374203058,386,124,54
168,0.9212376759981264,0.2753659668147092,-0.10233760604634431,0.9809601594838138,gpt,compute_efficiency,linear,4,784857332,394,124,54
177,0.8993720165326227,0.3030160511024706,-0.023421793152451107,1.01046738150012,gpt,compute_efficiency,linear,5,1003451250,385,124,54
172,0.8985749671364885,0.2956899593094311,-0.21516212813073288,0.9703220500857649,gpt,compute_efficiency,linear,6,171429433,390,124,54
166,0.9103585646063789,0.2697033114482174,0.16841340771207733,1.0312039786162366,gpt,compute_efficiency,linear,7,795643823,396,124,54
170,0.9007825812887408,0.2916284848395271,0.09762864096946244,1.027219719317005,gpt,compute_efficiency,linear,8,1381800716,392,124,54
172,0.9077703348203096,0.2766124994886041,0.15329591149245744,1.0304839762431197,gpt,compute_efficiency,linear,9,762179171,390,124,54
167,0.9137973631728733,0.2810182789905495,0.06454456074343037,1.0019935109165297,gpt,compute_efficiency,linear,10,1784690067,395,124,54
164,0.9041404636569598,0.29594629569972547,0.19088234644750895,1.0357244264291117,gpt,compute_efficiency,linear,11,1697625005,398,124,54
163,0.8674933586576993,0.32535568086434385,-0.5739993875928964,0.877231109707286,gpt,compute_efficiency,linear,12,1512746413,399,124,54
172,0.9058255568296132,0.2866760616392661,-0.33693513503518546,0.9330997056992659,gpt,compute_efficiency,linear,13,1943781587,390,124,54
177,0.9099247325563239,0.2920342961226742,-0.2914886924432856,0.9399745953090528,gpt,compute_efficiency,linear,14,1548783626,385,124,54
171,0.9016167744544457,0.2885464930609766,-0.35477531928534506,0.9224305516831018,gpt,compute_efficiency,linear,15,380863078,391,124,54
181,0.9174539796952759,0.2789901276602799,0.02245639639558171,1.0101839666110433,gpt,compute_efficiency,linear,16,1843517862,381,124,54
169,0.8974914925671905,0.29964000555619796,-0.3024957690555148,0.9297414485739043,gpt,compute_efficiency,linear,17,1401844688,393,124,54
175,0.9267817590808077,0.2685557469454775,0.12519630334025883,1.0247965651065756,gpt,compute_efficiency,linear,18,211455622,387,124,54
174,0.9250174131900842,0.2652543005315306,-0.0971591534214308,0.9851942320193591,gpt,compute_efficiency,linear,19,640600314,388,124,54
173,0.8933161226089064,0.2988146610982067,-0.24375106480672745,0.9605212948271362,gpt,memory_efficiency,linear,0,1829338324,389,124,54
168,0.9144115441996289,0.2990953447345352,0.15912491529283285,1.025553249398973,gpt,memory_efficiency,linear,1,384259585,394,124,54
175,0.9144927286360651,0.2812121210839417,-0.1994931757346431,0.9479021224875819,gpt,memory_efficiency,linear,2,56731231,387,124,54
176,0.9382615007153611,0.2558805536227044,0.06945051695592556,1.0072783198330344,gpt,memory_efficiency,linear,3,1374203058,386,124,54
168,0.9199139244116598,0.27767035079084545,-0.11036666078987074,0.9710577428569179,gpt,memory_efficiency,linear,4,784857332,394,124,54
177,0.9152206151829705,0.278132269621802,-0.08421590396731009,0.9909725495224394,gpt,memory_efficiency,linear,5,1003451250,385,124,54
172,0.8934428950924701,0.30307855306266795,-0.2585595263616572,0.9660398143687723,gpt,memory_efficiency,linear,6,171429433,390,124,54
166,0.9136392278110727,0.26472206150034056,0.12060989158015263,1.014247130320488,gpt,memory_efficiency,linear,7,795643823,396,124,54
170,0.9010754114281099,0.2911978108977924,0.062242471576781644,1.0196248109083086,gpt,memory_efficiency,linear,8,1381800716,392,124,54
172,0.9034248016537705,0.2830539953314376,-0.05476520187544764,0.9804901101889515,gpt,memory_efficiency,linear,9,762179171,390,124,54
167,0.9185046742553372,0.2732377147965978,-0.06998128554454865,0.9765273233335661,gpt,memory_efficiency,linear,10,1784690067,395,124,54
164,0.9038406353556535,0.29640876298382646,-0.02866527646015416,1.0044354296015907,gpt,memory_efficiency,linear,11,1697625005,398,124,54
163,0.8849488597533122,0.30316916997841253,-0.4731299597873135,0.9034890142126378,gpt,memory_efficiency,linear,12,1512746413,399,124,54
172,0.924275988747542,0.25706426259632237,-0.25996389741728276,0.9468427664414992,gpt,memory_efficiency,linear,13,1943781587,390,124,54
177,0.9147456531622201,0.28411184670325373,-0.08337160928578008,0.9889578185129605,gpt,memory_efficiency,linear,14,1548783626,385,124,54
171,0.9120276438794616,0.27285278039443867,-0.24914053157945182,0.9486273839926432,gpt,memory_efficiency,linear,15,380863078,391,124,54
181,0.9145425896643936,0.28386747166317045,0.13169863420436495,1.030702559853694,gpt,memory_efficiency,linear,16,1843517862,381,124,54
169,0.9028398627462778,0.29171845262263374,-0.2756001129373718,0.9401767067253088,gpt,memory_efficiency,linear,17,1401844688,393,124,54
175,0.9291756546610991,0.26412900148351315,0.18539266919418598,1.0331471320380876,gpt,memory_efficiency,linear,18,211455622,387,124,54
174,0.9100486990926746,0.2905266314331059,-0.18859182064805674,0.9729373720946546,gpt,memory_efficiency,linear,19,640600314,388,124,54
173,0.9062698386121506,0.28008650772706195,-0.1280446715829372,0.982408708108205,gpt,full_interpretable,linear,0,1829338324,389,124,54
168,0.9303682824357954,0.2697774293075828,0.07553944810690492,1.0086030233681513,gpt,full_interpretable,linear,1,384259585,394,124,54
175,0.9265381163142904,0.2606534888449278,-0.21402368156710325,0.9474912150567116,gpt,full_interpretable,linear,2,56731231,387,124,54
176,0.9452562331766484,0.24094980876684655,-0.024586008435242855,0.9866169816108485,gpt,full_interpretable,linear,3,1374203058,386,124,54
168,0.9359946997288898,0.24823268924132408,-0.1253244712543779,0.9712718173198379,gpt,full_interpretable,linear,4,784857332,394,124,54
177,0.9290857956648431,0.2543740862522639,-0.08701122858913242,0.9925203486229688,gpt,full_interpretable,linear,5,1003451250,385,124,54
172,0.9119933732152481,0.27543662396297386,-0.19858482972409114,0.9756696726429871,gpt,full_interpretable,linear,6,171429433,390,124,54
166,0.9339484811642691,0.23151188017770935,0.1119392427504451,1.0164445542904623,gpt,full_interpretable,linear,7,795643823,396,124,54
170,0.921073791614072,0.2601037414679637,0.10555005103469678,1.0286149712813364,gpt,full_interpretable,linear,8,1381800716,392,124,54
172,0.9234552457220117,0.251996321705419,0.06221195060476075,1.0056704778195806,gpt,full_interpretable,linear,9,762179171,390,124,54
167,0.9336972915817257,0.24645630281488465,0.021534220368920727,0.9951343612976546,gpt,full_interpretable,linear,10,1784690067,395,124,54
164,0.9234719877200526,0.2644267960996045,0.09029141249810534,1.0237770766785028,gpt,full_interpretable,linear,11,1697625005,398,124,54
163,0.8939851196490558,0.291020099512975,-0.45912425309426036,0.9004859447195045,gpt,full_interpretable,linear,12,1512746413,399,124,54
172,0.9292378716981543,0.24849939876438973,-0.2651759545788081,0.9463638981560819,gpt,full_interpretable,linear,13,1943781587,390,124,54
177,0.92684620445261,0.2631779558624181,-0.17291156520243117,0.9681059759791927,gpt,full_interpretable,linear,14,1548783626,385,124,54
171,0.9205423080669336,0.25931237608628543,-0.274816283952438,0.9402397056256089,gpt,full_interpretable,linear,15,380863078,391,124,54
181,0.9270432265096319,0.2622850731006218,0.07292060856881075,1.018426328482219,gpt,full_interpretable,linear,16,1843517862,381,124,54
169,0.9160124181307141,0.2712235400505646,-0.27454926399632473,0.9376258978506025,gpt,full_interpretable,linear,17,1401844688,393,124,54
175,0.9455876870556679,0.23151194239061718,0.10948123570173154,1.019934721323171,gpt,full_interpretable,linear,18,211455622,387,124,54
174,0.9309184406978299,0.2546028672517254,-0.1508353702195756,0.9792921265538947,gpt,full_interpretable,linear,19,640600314,388,124,54
173,0.9611698102776846,0.18027572982177065,-0.08272304551647643,0.9906008491680282,gpt,full_plus_hardware,linear,0,1829338324,389,124,54
168,0.9654669631602559,0.18998505725016557,0.036254492440647865,1.0083769133351768,gpt,full_plus_hardware,linear,1,384259585,394,124,54
175,0.9683575077709098,0.17106763577492845,-0.10761469241818017,0.9780712138438173,gpt,full_plus_hardware,linear,2,56731231,387,124,54
176,0.9609056411538869,0.20361805979516112,-0.17551173014948704,0.9511180456555494,gpt,full_plus_hardware,linear,3,1374203058,386,124,54
168,0.9701331744182082,0.16956863940080513,0.05844487769629025,1.012458279565679,gpt,full_plus_hardware,linear,4,784857332,394,124,54
177,0.9674432312660424,0.17235619448627623,-0.11933675700320054,0.9789265557369642,gpt,full_plus_hardware,linear,5,1003451250,385,124,54
172,0.9597241097826871,0.18633162573002635,-0.07593128869812686,0.9918137357416894,gpt,full_plus_hardware,linear,6,171429433,390,124,54
166,0.9618134884538472,0.17603007369089183,0.0783045510740997,1.0158268036371783,gpt,full_plus_hardware,linear,7,795643823,396,124,54
170,0.9691923430015189,0.1625044711403977,0.15417452380918079,1.0342286205435038,gpt,full_plus_hardware,linear,8,1381800716,392,124,54
172,0.9598821439081082,0.18243381626170677,0.157672141282143,1.0322063450130639,gpt,full_plus_hardware,linear,9,762179171,390,124,54
167,0.9679689077037209,0.17130110675888904,0.0031694189009936705,0.9907732971985368,gpt,full_plus_hardware,linear,10,1784690067,395,124,54
164,0.9609559871017735,0.1888741270599295,0.12728686874497816,1.0361185017036607,gpt,full_plus_hardware,linear,11,1697625005,398,124,54
163,0.9532717362875315,0.19320990777759678,-0.18336152384413415,0.9604035366818303,gpt,full_plus_hardware,linear,12,1512746413,399,124,54
172,0.9688359566884354,0.16491182529477721,-0.11467170570832654,0.9778429566598763,gpt,full_plus_hardware,linear,13,1943781587,390,124,54
177,0.9503379365821408,0.21684202651765233,-0.38307401786385475,0.9127410860911085,gpt,full_plus_hardware,linear,14,1548783626,385,124,54
171,0.9635961354709843,0.17552097253690196,-0.21523992417663698,0.9525210419065098,gpt,full_plus_hardware,linear,15,380863078,391,124,54
181,0.9658350933650743,0.17948612633872058,-0.1010114493573475,0.9742668143095674,gpt,full_plus_hardware,linear,16,1843517862,381,124,54
169,0.9660268545831294,0.17249945228499822,-0.16690609961684927,0.9671693446413413,gpt,full_plus_hardware,linear,17,1401844688,393,124,54
175,0.9725233818537119,0.16451535700746614,-0.06409158983800678,0.9820934283362686,gpt,full_plus_hardware,linear,18,211455622,387,124,54
174,0.9646107398786732,0.18222919882523067,-0.32416542639295826,0.9339246306028296,gpt,full_plus_hardware,linear,19,640600314,388,124,54
173,0.9670835773334714,0.1659811698916118,-0.036417666247264086,1.0001147931264927,gpt,full_plus_hardware_gpu_count,linear,0,1829338324,389,124,54
168,0.9713113502044459,0.17316380198794068,-0.02700264800628897,0.9951143103629311,gpt,full_plus_hardware_gpu_count,linear,1,384259585,394,124,54
175,0.9725507405943907,0.1593300997266403,-0.13798643902817595,0.9714426751275576,gpt,full_plus_hardware_gpu_count,linear,2,56731231,387,124,54
176,0.9665492777493739,0.18834842677717226,-0.17180815276397285,0.9531622761158589,gpt,full_plus_hardware_gpu_count,linear,3,1374203058,386,124,54
168,0.9748479892581807,0.1556099479699164,0.032911524165414284,1.0065522612889166,gpt,full_plus_hardware_gpu_count,linear,4,784857332,394,124,54
177,0.9736438960280577,0.15507680877826327,-0.11281213458294725,0.9809530373870131,gpt,full_plus_hardware_gpu_count,linear,5,1003451250,385,124,54
172,0.9671740114373186,0.16821817069644115,-0.007434356601405143,1.0056910238177923,gpt,full_plus_hardware_gpu_count,linear,6,171429433,390,124,54
166,0.9634020704056085,0.17232970176240453,-0.008472638924405347,0.9972608032839884,gpt,full_plus_hardware_gpu_count,linear,7,795643823,396,124,54
170,0.9759967553478978,0.14344022417733274,0.19745198311834675,1.0436439717204247,gpt,full_plus_hardware_gpu_count,linear,8,1381800716,392,124,54
172,0.9651416712356201,0.17005514100061875,0.1757971704861936,1.0347321634116975,gpt,full_plus_hardware_gpu_count,linear,9,762179171,390,124,54
167,0.970363254705516,0.16477432770388378,0.034287326067034565,0.9961170355714616,gpt,full_plus_hardware_gpu_count,linear,10,1784690067,395,124,54
164,0.9670382688268511,0.17354026363476302,0.1255118923196803,1.0336010882323687,gpt,full_plus_hardware_gpu_count,linear,11,1697625005,398,124,54
163,0.9538134064395289,0.19208680696550073,-0.1367281735018613,0.9658837968503988,gpt,full_plus_hardware_gpu_count,linear,12,1512746413,399,124,54
172,0.9732774583837925,0.152708699995833,-0.07999043127675659,0.9847280674946713,gpt,full_plus_hardware_gpu_count,linear,13,1943781587,390,124,54
177,0.9568489814602925,0.20212805777265824,-0.35542875875619695,0.9195196087589864,gpt,full_plus_hardware_gpu_count,linear,14,1548783626,385,124,54
171,0.9623268606416969,0.17855465539361207,-0.2201062720974359,0.9501444024916781,gpt,full_plus_hardware_gpu_count,linear,15,380863078,391,124,54
181,0.9716088814365802,0.16361835322908472,-0.06582396802720106,0.983119725307612,gpt,full_plus_hardware_gpu_count,linear,16,1843517862,381,124,54
169,0.9710888566937984,0.15913015090724428,-0.1732140525194853,0.9643020968212871,gpt,full_plus_hardware_gpu_count,linear,17,1401844688,393,124,54
175,0.9783441602200923,0.14605361810164325,-0.09060758156103961,0.9782394364688543,gpt,full_plus_hardware_gpu_count,linear,18,211455622,387,124,54
174,0.9725734056828486,0.1604235659014649,-0.30114729869146906,0.9393019290029141,gpt,full_plus_hardware_gpu_count,linear,19,640600314,388,124,54
173,0.6207307999726797,0.5634122611305432,-0.4072034429385601,0.9079645604873969,gpt,runtime_only_postrun,linear,0,1829338324,389,124,54
168,0.6912737354336367,0.5680529861586645,0.2743762876114328,1.0762798022428328,gpt,runtime_only_postrun,linear,1,384259585,394,124,54
175,0.6449194830871998,0.5730545088539581,0.31877777573274,1.0861082052508846,gpt,runtime_only_postrun,linear,2,56731231,387,124,54
176,0.6990868532330925,0.5649107360566058,0.6578632092132449,1.142943358479493,gpt,runtime_only_postrun,linear,3,1374203058,386,124,54
168,0.631161419161428,0.5958942211504452,0.7696189726721181,1.150998757437375,gpt,runtime_only_postrun,linear,4,784857332,394,124,54
177,0.6712384766409538,0.547705045096144,0.04631197724673994,1.0039046956487812,gpt,runtime_only_postrun,linear,5,1003451250,385,124,54
172,0.6186622637285082,0.5733487777691724,0.2558684140877221,1.0430961149483307,gpt,runtime_only_postrun,linear,6,171429433,390,124,54
166,0.6081491757273126,0.5638872307445245,-0.08830665008954308,0.9764098069897476,gpt,runtime_only_postrun,linear,7,795643823,396,124,54
170,0.6082712686768048,0.5794669787194475,-0.20050763819301295,0.9426698176581587,gpt,runtime_only_postrun,linear,8,1381800716,392,124,54
172,0.5752976911151977,0.5935793665515297,-0.201615902649632,0.9468069494898043,gpt,runtime_only_postrun,linear,9,762179171,390,124,54
167,0.6436170576155711,0.5713901494783648,0.09309621776796667,1.006989472606812,gpt,runtime_only_postrun,linear,10,1784690067,395,124,54
164,0.6450044933677186,0.5695169765278374,-0.25485932873354683,0.959990527185942,gpt,runtime_only_postrun,linear,11,1697625005,398,124,54
163,0.5679069716725611,0.5875275021065463,-0.016323875829149664,0.9946094010607829,gpt,runtime_only_postrun,linear,12,1512746413,399,124,54
172,0.6056358844569699,0.5866425963696105,0.3129736833773764,1.0624199070163562,gpt,runtime_only_postrun,linear,13,1943781587,390,124,54
177,0.6678577234893088,0.5607808263863681,0.16676791689777723,1.0332081523407364,gpt,runtime_only_postrun,linear,14,1548783626,385,124,54
171,0.6186789147626106,0.5680684661873212,0.037046358041435884,1.01173156907131,gpt,runtime_only_postrun,linear,15,380863078,391,124,54
181,0.6790488863569719,0.5501235148189862,0.10363880387159076,1.029692235904409,gpt,runtime_only_postrun,linear,16,1843517862,381,124,54
169,0.6234738831454348,0.5742716725861058,-0.023862519102555334,1.0124264406193764,gpt,runtime_only_postrun,linear,17,1401844688,393,124,54
175,0.6795957521266469,0.5617899138285842,0.020605739242877643,1.0083864624704277,gpt,runtime_only_postrun,linear,18,211455622,387,124,54
174,0.6805382957557407,0.5475094586908076,0.0870909547446569,1.0236782869116294,gpt,runtime_only_postrun,linear,19,640600314,388,124,54
173,0.8953619192928695,0.2959357201720528,-0.2399438946596068,0.9484006759202368,gpt,device_seconds_postrun,linear,0,1829338324,389,124,54
168,0.9060712539116129,0.3133295250925433,0.06698678455211282,1.0270308238684867,gpt,device_seconds_postrun,linear,1,384259585,394,124,54
175,0.8995801963174748,0.3047489347657751,0.009652795311212778,1.019029829994484,gpt,device_seconds_postrun,linear,2,56731231,387,124,54
176,0.897553156737255,0.3296161920435197,0.22526081309464543,1.0537231556090398,gpt,device_seconds_postrun,linear,3,1374203058,386,124,54
168,0.8966767457407497,0.3153915407046029,0.331322895298394,1.0589238855669996,gpt,device_seconds_postrun,linear,4,784857332,394,124,54
177,0.9098258299005074,0.28684502790698224,-0.06855993242941556,0.9904139845272285,gpt,device_seconds_postrun,linear,5,1003451250,385,124,54
172,0.8859990359297809,0.3134860798258691,0.09359270389969938,1.020220535221886,gpt,device_seconds_postrun,linear,6,171429433,390,124,54
166,0.903887958595086,0.27926774522654557,-0.053453164814810696,0.9732665322736445,gpt,device_seconds_postrun,linear,7,795643823,396,124,54
170,0.8836974829825509,0.3157406773910594,0.007991436889054097,0.9893849476472176,gpt,device_seconds_postrun,linear,8,1381800716,392,124,54
172,0.8821834893852768,0.31263641571049855,-0.06865510026963746,0.9733644637023326,gpt,device_seconds_postrun,linear,9,762179171,390,124,54
167,0.8926295146320073,0.31362938948699076,0.16444935777095362,1.0180289853783624,gpt,device_seconds_postrun,linear,10,1784690067,395,124,54
164,0.8804523242218604,0.3304957011545096,-0.12309419022441424,0.9859243718248633,gpt,device_seconds_postrun,linear,11,1697625005,398,124,54
163,0.8532791727245924,0.3423619210824306,-0.08876363091321371,0.9828016565512366,gpt,device_seconds_postrun,linear,12,1512746413,399,124,54
172,0.8917493285529153,0.3073549404539909,0.11782354305319262,1.0227571547589536,gpt,device_seconds_postrun,linear,13,1943781587,390,124,54
177,0.8899026656916862,0.3228638931285938,0.11203507338599354,1.028138004200393,gpt,device_seconds_postrun,linear,14,1548783626,385,124,54
171,0.8859781356011477,0.31063425158935337,-0.015819461757674815,1.0000591775790115,gpt,device_seconds_postrun,linear,15,380863078,391,124,54
181,0.9008080468873395,0.30582922661598394,-0.004414118375382159,1.0134195691748356,gpt,device_seconds_postrun,linear,16,1843517862,381,124,54
169,0.8835346867211082,0.3193876662528788,-0.11677190659966886,0.9898076324828394,gpt,device_seconds_postrun,linear,17,1401844688,393,124,54
175,0.9095009359885183,0.2985704680215265,-0.0012960016961512597,1.0030902366759773,gpt,device_seconds_postrun,linear,18,211455622,387,124,54
174,0.8954753570971509,0.31317823380861737,-0.037785672593649074,1.006077098167217,gpt,device_seconds_postrun,linear,19,640600314,388,124,54
173,0.9298041811688067,0.24238633298904894,-0.041955910678110636,0.9999201808468791,gpt,configuration_only_prerun,linear,0,1829338324,389,124,54
168,0.926642047366453,0.2769017236183189,0.11652704595105533,1.0236489843489653,gpt,configuration_only_prerun,linear,1,384259585,394,124,54
175,0.9346014929718824,0.2459327857749988,-0.0013174893486274947,1.0051697134519653,gpt,configuration_only_prerun,linear,2,56731231,387,124,54
176,0.9256962376447417,0.28071437300284696,-0.22291704213178545,0.9366502152845492,gpt,configuration_only_prerun,linear,3,1374203058,386,124,54
168,0.9387791509369036,0.24277316311347044,0.17494445385621543,1.0408924168393403,gpt,configuration_only_prerun,linear,4,784857332,394,124,54
177,0.931889792405245,0.2492943015086866,-0.033287335415570066,0.9972795502761435,gpt,configuration_only_prerun,linear,5,1003451250,385,124,54
172,0.9230549556396604,0.25754571357090794,-0.19895675143012875,0.9635708765693944,gpt,configuration_only_prerun,linear,6,171429433,390,124,54
166,0.9226270995631243,0.25056840957695264,0.24289893594221565,1.0546551596708005,gpt,configuration_only_prerun,linear,7,795643823,396,124,54
170,0.9349622892027406,0.236112295093807,0.09960943242354854,1.0222294644726524,gpt,configuration_only_prerun,linear,8,1381800716,392,124,54
172,0.9219515714997408,0.2544594396523011,0.1860434981859526,1.04554621307806,gpt,configuration_only_prerun,linear,9,762179171,390,124,54
167,0.9402435702183649,0.23397346975151187,-0.02895820027877465,0.9849781466299032,gpt,configuration_only_prerun,linear,10,1784690067,395,124,54
164,0.9223334720135725,0.2663864877231394,0.13231782381990617,1.0363051881456375,gpt,configuration_only_prerun,linear,11,1697625005,398,124,54
163,0.926967115728761,0.2415454145563797,-0.2526500602344532,0.9528518108897035,gpt,configuration_only_prerun,linear,12,1512746413,399,124,54
172,0.9310649203500022,0.24527034380693996,-0.19207249913108068,0.962978061883913,gpt,configuration_only_prerun,linear,13,1943781587,390,124,54
177,0.9007046069932871,0.30661657407032594,-0.5698484122645722,0.8680053488416044,gpt,configuration_only_prerun,linear,14,1548783626,385,124,54
171,0.9331007903320605,0.23793907307673845,-0.2867433132637434,0.9385018314442427,gpt,configuration_only_prerun,linear,15,380863078,391,124,54
181,0.9332644341926977,0.25085308079403246,-0.2386556560350587,0.9421514475831909,gpt,configuration_only_prerun,linear,16,1843517862,381,124,54
169,0.9332882211914859,0.24172474004772004,-0.16509059449148222,0.9700341157122445,gpt,configuration_only_prerun,linear,17,1401844688,393,124,54
175,0.9334030371322612,0.2561250269001983,-0.06160570980173117,0.979970093576533,gpt,configuration_only_prerun,linear,18,211455622,387,124,54
174,0.9203996655900548,0.27330002437401035,-0.438845793581034,0.9038573479559039,gpt,configuration_only_prerun,linear,19,640600314,388,124,54
173,0.9707640851581085,0.15642668804668403,0.032614858705469166,1.0111689281888556,gpt,random_forest_full_postrun,rf,0,1829338324,389,124,54
168,0.9740021025285573,0.16484325116813506,0.3410332507327555,1.0744968442449552,gpt,random_forest_full_postrun,rf,1,384259585,394,124,54
175,0.9727444261350265,0.1587669776603872,0.28878180274739673,1.0605528842095082,gpt,random_forest_full_postrun,rf,2,56731231,387,124,54
176,0.9738864117774566,0.16641502062721344,0.3483104845135453,1.0754249096346136,gpt,random_forest_full_postrun,rf,3,1374203058,386,124,54
168,0.9800909807309077,0.13844457296586754,0.2356983994724015,1.0543748026970905,gpt,random_forest_full_postrun,rf,4,784857332,394,124,54
177,0.9746236356087792,0.15216716529589236,0.21327278461395127,1.049057463813631,gpt,random_forest_full_postrun,rf,5,1003451250,385,124,54
172,0.9705708979197785,0.1592767937284704,0.17868639454674784,1.0471810256310887,gpt,random_forest_full_postrun,rf,6,171429433,390,124,54
166,0.9764313506340521,0.13829269033720812,0.22734828326797502,1.046398642531212,gpt,random_forest_full_postrun,rf,7,795643823,396,124,54
170,0.9748301354390878,0.146884652034175,0.1709041082814908,1.0373184074002755,gpt,random_forest_full_postrun,rf,8,1381800716,392,124,54
172,0.9685452281130431,0.16153987964501487,0.2487867736201684,1.0483074218988118,gpt,random_forest_full_postrun,rf,9,762179171,390,124,54
167,0.9710207192412912,0.16293639217756647,0.29045762121565905,1.0635454119674268,gpt,random_forest_full_postrun,rf,10,1784690067,395,124,54
164,0.9700915096862284,0.1653074749807101,0.14749824578178689,1.0347709765721045,gpt,random_forest_full_postrun,rf,11,1697625005,398,124,54
163,0.9661425178039874,0.16446250484662173,0.021818615889153126,1.007363464859194,gpt,random_forest_full_postrun,rf,12,1512746413,399,124,54
172,0.9765935351818693,0.14291993552393364,-0.04313122288822123,0.9967743325860444,gpt,random_forest_full_postrun,rf,13,1943781587,390,124,54
177,0.9692742727169874,0.17056195410705693,0.13996966808862601,1.038315812032703,gpt,random_forest_full_postrun,rf,14,1548783626,385,124,54
171,0.9771113974838033,0.1391761794590354,0.10768123628569867,1.0242228057865486,gpt,random_forest_full_postrun,rf,15,380863078,391,124,54
181,0.9740828217077219,0.15632722684280093,0.39412520657534034,1.0815646715736604,gpt,random_forest_full_postrun,rf,16,1843517862,381,124,54
169,0.9741097241107675,0.15058724245761018,0.1211277780300928,1.026013026769348,gpt,random_forest_full_postrun,rf,17,1401844688,393,124,54
175,0.9774805877688435,0.14893724997931,0.2786473900610486,1.059786748154369,gpt,random_forest_full_postrun,rf,18,211455622,387,124,54
174,0.9680216538164355,0.17322486204552873,0.20138963406200536,1.0532329814545613,gpt,random_forest_full_postrun,rf,19,640600314,388,124,54
173,0.9798654948276805,0.12981443473181303,-0.09278641437629473,0.9778527767819398,gpt,hist_gradient_boosting_full_postrun,hgb,0,1829338324,389,124,54
168,0.9796901942878404,0.14569845366935325,-0.04244552581099661,0.9913530238176229,gpt,hist_gradient_boosting_full_postrun,hgb,1,384259585,394,124,54
175,0.9798003558935323,0.13667981148172376,0.06368746429178757,1.0123271356131562,gpt,hist_gradient_boosting_full_postrun,hgb,2,56731231,387,124,54
176,0.9747019898785623,0.1637956743514733,-0.005844946165334937,0.9993948194974456,gpt,hist_gradient_boosting_full_postrun,hgb,3,1374203058,386,124,54
168,0.9856137112118963,0.11768615923341612,-0.00881396732834429,1.0034365583555611,gpt,hist_gradient_boosting_full_postrun,hgb,4,784857332,394,124,54
177,0.9853883329337921,0.11546653498251278,-0.02968361615903528,0.9965481415610155,gpt,hist_gradient_boosting_full_postrun,hgb,5,1003451250,385,124,54
172,0.9841832915076165,0.11676751940752866,0.13020814874999834,1.0288732827858174,gpt,hist_gradient_boosting_full_postrun,hgb,6,171429433,390,124,54
166,0.9830495127990734,0.1172797335138651,-0.007724253803665792,0.9975280074235778,gpt,hist_gradient_boosting_full_postrun,hgb,7,795643823,396,124,54
170,0.9843010257086023,0.11600364045743011,0.015465920022155267,1.0042024220827115,gpt,hist_gradient_boosting_full_postrun,hgb,8,1381800716,392,124,54
172,0.9799699533705915,0.1289072860685697,0.16820504706088885,1.0298573307706744,gpt,hist_gradient_boosting_full_postrun,hgb,9,762179171,390,124,54
167,0.9824283460077308,0.12687633236200088,0.18608758161656427,1.0382924209677573,gpt,hist_gradient_boosting_full_postrun,hgb,10,1784690067,395,124,54
164,0.9846561292015877,0.11840300176215927,0.07439040532583416,1.015392257304926,gpt,hist_gradient_boosting_full_postrun,hgb,11,1697625005,398,124,54
163,0.965437333815002,0.16616639180026785,-0.21342963139995022,0.9529205256731632,gpt,hist_gradient_boosting_full_postrun,hgb,12,1512746413,399,124,54
172,0.981700161425527,0.1263713218849125,-0.14526680824000252,0.9743167588165573,gpt,hist_gradient_boosting_full_postrun,hgb,13,1943781587,390,124,54
177,0.9745760958962142,0.15515014941428856,-0.08055390902369336,0.986469622178045,gpt,hist_gradient_boosting_full_postrun,hgb,14,1548783626,385,124,54
171,0.9747885779418499,0.1460676167262216,-0.10776693917769642,0.9743654871661632,gpt,hist_gradient_boosting_full_postrun,hgb,15,380863078,391,124,54
181,0.987905866422224,0.10678939992862907,0.06453144871813757,1.0112020386198661,gpt,hist_gradient_boosting_full_postrun,hgb,16,1843517862,381,124,54
169,0.97793672016172,0.13901282788381664,-0.09452533297524639,0.9794793850753621,gpt,hist_gradient_boosting_full_postrun,hgb,17,1401844688,393,124,54
175,0.9860541461963294,0.11720532924511913,0.11294694429252952,1.024406509799374,gpt,hist_gradient_boosting_full_postrun,hgb,18,211455622,387,124,54
174,0.9854205521303904,0.11696414835820479,0.03062966019452811,1.0106092135889393,gpt,hist_gradient_boosting_full_postrun,hgb,19,640600314,388,124,54
173,0.9517205279181015,0.20101745139544233,-0.13099936473781615,0.9815291953341827,gpt,random_forest_configuration_prerun,rf,0,1829338324,389,124,54
168,0.9557502549779634,0.21505891200689187,0.37162066052556025,1.0801164323176793,gpt,random_forest_configuration_prerun,rf,1,384259585,394,124,54
175,0.9577004028459485,0.19778831375571068,0.3155247639840742,1.064591439359642,gpt,random_forest_configuration_prerun,rf,2,56731231,387,124,54
176,0.9612624667530137,0.202686689033481,0.3679404326619481,1.0782266513053143,gpt,random_forest_configuration_prerun,rf,3,1374203058,386,124,54
168,0.9597875975725013,0.19675737172713204,0.1928576924077582,1.0451586857317618,gpt,random_forest_configuration_prerun,rf,4,784857332,394,124,54
177,0.9550278583691727,0.20257135549780816,0.25472615422813644,1.0554200610842144,gpt,random_forest_configuration_prerun,rf,5,1003451250,385,124,54
172,0.9602214946879233,0.18517750535947639,0.126159951345384,1.0361476046782983,gpt,random_forest_configuration_prerun,rf,6,171429433,390,124,54
166,0.9543782680992494,0.1924056237705548,0.29288528807316483,1.0597208892737093,gpt,random_forest_configuration_prerun,rf,7,795643823,396,124,54
170,0.9548228417615322,0.19678656004594947,0.04958665278393946,1.0131667604611865,gpt,random_forest_configuration_prerun,rf,8,1381800716,392,124,54
172,0.9509361689301036,0.20175170478889523,0.1632689382075039,1.0332726660419846,gpt,random_forest_configuration_prerun,rf,9,762179171,390,124,54
167,0.9544472539708839,0.2042826936067775,0.04953604821027088,1.014894028923579,gpt,random_forest_configuration_prerun,rf,10,1784690067,395,124,54
164,0.9536123892146352,0.20587150937506002,0.03943514743689509,1.016084164383002,gpt,random_forest_configuration_prerun,rf,11,1697625005,398,124,54
163,0.9504401690733036,0.1989777332896338,-0.01776576424791938,1.005680334153672,gpt,random_forest_configuration_prerun,rf,12,1512746413,399,124,54
172,0.9682329387094364,0.16649968624837977,-0.03315484991775349,0.9977833069203748,gpt,random_forest_configuration_prerun,rf,13,1943781587,390,124,54
177,0.9657000270971057,0.18020961786948322,0.20001374199058383,1.0511858655804063,gpt,random_forest_configuration_prerun,rf,14,1548783626,385,124,54
171,0.9667052886793772,0.1678583302443297,0.11730337325124134,1.027143839972722,gpt,random_forest_configuration_prerun,rf,15,380863078,391,124,54
181,0.9641336059450277,0.18390122554598654,0.4550948279342908,1.0925491832417942,gpt,random_forest_configuration_prerun,rf,16,1843517862,381,124,54
169,0.9597016923853487,0.18787251330459054,0.15284302383572262,1.0362117808066804,gpt,random_forest_configuration_prerun,rf,17,1401844688,393,124,54
175,0.9621036431189038,0.19320730200208783,0.3955609517906323,1.0795679259469446,gpt,random_forest_configuration_prerun,rf,18,211455622,387,124,54
174,0.9574995425348085,0.19970044225416148,0.21780337116926815,1.0542027818318542,gpt,random_forest_configuration_prerun,rf,19,640600314,388,124,54
173,0.9806689463152304,0.1271979961644161,-0.12083924096795061,0.9773169383810739,gpt,hist_gradient_boosting_configuration_prerun,hgb,0,1829338324,389,124,54
168,0.9796425082292637,0.1458693984741012,0.05149991329817835,1.0125514143299217,gpt,hist_gradient_boosting_configuration_prerun,hgb,1,384259585,394,124,54
175,0.9814735821953049,0.1308965617789799,0.1542238746771603,1.030799296089367,gpt,hist_gradient_boosting_configuration_prerun,hgb,2,56731231,387,124,54
176,0.9761867045871504,0.15891650206674712,0.07613088783283496,1.015606939183297,gpt,hist_gradient_boosting_configuration_prerun,hgb,3,1374203058,386,124,54
168,0.9780989148844299,0.1452057515937551,0.03861119577445247,1.0128170677129305,gpt,hist_gradient_boosting_configuration_prerun,hgb,4,784857332,394,124,54
177,0.9791269087592044,0.13800652963098875,0.044005774895192154,1.010332121853714,gpt,hist_gradient_boosting_configuration_prerun,hgb,5,1003451250,385,124,54
172,0.981539431119288,0.12614979207257296,0.13586970854044014,1.031732785372883,gpt,hist_gradient_boosting_configuration_prerun,hgb,6,171429433,390,124,54
166,0.9792562586014899,0.12974045676730178,0.09057575936721578,1.0188746366719161,gpt,hist_gradient_boosting_configuration_prerun,hgb,7,795643823,396,124,54
170,0.9785514547411108,0.13559226025672402,-0.017816184382318776,0.9982704934507428,gpt,hist_gradient_boosting_configuration_prerun,hgb,8,1381800716,392,124,54
172,0.9774381369021233,0.13681192851899246,0.10394588651113255,1.0191721252865809,gpt,hist_gradient_boosting_configuration_prerun,hgb,9,762179171,390,124,54
167,0.9774069325108369,0.14386723412769267,0.020774315532491913,1.0046134159675952,gpt,hist_gradient_boosting_configuration_prerun,hgb,10,1784690067,395,124,54
164,0.9765277832537057,0.14644424177138918,0.07463706870084909,1.016433540985519,gpt,hist_gradient_boosting_configuration_prerun,hgb,11,1697625005,398,124,54
163,0.9716299081459808,0.1505462500195486,-0.2167065543519659,0.9564332520179896,gpt,hist_gradient_boosting_configuration_prerun,hgb,12,1512746413,399,124,54
172,0.984820105178978,0.11509574812671183,-0.061535444400416035,0.9900162750247861,gpt,hist_gradient_boosting_configuration_prerun,hgb,13,1943781587,390,124,54
177,0.9808825669442065,0.1345382785012013,0.014816033012312853,1.0063739142201926,gpt,hist_gradient_boosting_configuration_prerun,hgb,14,1548783626,385,124,54
171,0.9813154935576966,0.12574655244728564,-0.1134936365045566,0.9763772469902401,gpt,hist_gradient_boosting_configuration_prerun,hgb,15,380863078,391,124,54
181,0.9849570396679386,0.11909880961685741,0.03279543093703539,1.0062284787094842,gpt,hist_gradient_boosting_configuration_prerun,hgb,16,1843517862,381,124,54
169,0.9807618878699617,0.1298078830264921,-0.023403004873821517,0.9966385338762361,gpt,hist_gradient_boosting_configuration_prerun,hgb,17,1401844688,393,124,54
175,0.9821371458190822,0.13264785502228527,0.11948222178586737,1.0219748522172265,gpt,hist_gradient_boosting_configuration_prerun,hgb,18,211455622,387,124,54
174,0.9843906567046989,0.12102484646585622,0.011252608428388216,1.0055073475566012,gpt,hist_gradient_boosting_configuration_prerun,hgb,19,640600314,388,124,54
202,0.1633775082587472,0.8497067635881211,0.5237225132013188,1.1473857438061519,pooled,tokens_only,linear,0,1829338324,453,172,74
192,0.13830502112908327,0.8674290758904566,-0.5307387376417342,0.8955565226328517,pooled,tokens_only,linear,1,384259585,463,172,74
203,0.16480055599691923,0.8746410906897214,0.7071407603771099,1.1214153827295503,pooled,tokens_only,linear,2,56731231,452,172,74
195,0.11840957463476098,0.8717266691370179,-0.7962865544867506,0.8364773076077638,pooled,tokens_only,linear,3,1374203058,460,172,74
202,0.19015888912176138,0.8144348660965818,1.1726695450353048,1.2593844420197566,pooled,tokens_only,linear,4,784857332,453,172,74
216,0.10236404896187146,0.907298335656616,2.2430644691995667,1.5699976822004074,pooled,tokens_only,linear,5,1003451250,439,172,74
179,-0.014216785830886813,0.88487351401562,-2.4141423734752245,0.47714797279378285,pooled,tokens_only,linear,6,171429433,476,172,74
208,0.11305733102966631,0.8638285703361379,-0.6195608027713232,0.8798306058607173,pooled,tokens_only,linear,7,795643823,447,172,74
209,0.17093291334125227,0.8194241023758022,0.22732235723377336,1.0453159476546146,pooled,tokens_only,linear,8,1381800716,446,172,74
198,0.17130006961181277,0.8669268424430044,2.1056826285964996,1.4130575910875935,pooled,tokens_only,linear,9,762179171,457,172,74
194,0.0950099169415155,0.880269934902386,-1.155249019165942,0.7370588820646158,pooled,tokens_only,linear,10,1784690067,461,172,74
180,0.16488650694378182,0.8484197735698287,0.034879919775136166,0.9974009423566632,pooled,tokens_only,linear,11,1697625005,475,172,74
189,0.039147754012975766,0.8378815853666385,-1.8457886082064074,0.6290064409690858,pooled,tokens_only,linear,12,1512746413,466,172,74
207,0.1793373371709568,0.8081797001150539,0.12649812485976636,1.0034117502319588,pooled,tokens_only,linear,13,1943781587,448,172,74
212,0.08891023506433327,0.9396806595083163,2.3767245043734246,1.607995936388967,pooled,tokens_only,linear,14,1548783626,443,172,74
210,0.20974623867040565,0.815332784993305,1.2926405726510728,1.273402059628265,pooled,tokens_only,linear,15,380863078,445,172,74
205,0.22299307922778844,0.833851465234921,1.7242774646004064,1.3623330090643946,pooled,tokens_only,linear,16,1843517862,450,172,74
186,0.1554644124949638,0.8585606465217179,0.6068628459605423,1.091591214412555,pooled,tokens_only,linear,17,1401844688,469,172,74
182,0.08580052569957897,0.892460965430737,-1.3253839086610526,0.7061474271240715,pooled,tokens_only,linear,18,211455622,473,172,74
191,0.08992430179401045,0.9112062899497904,-1.0220464517094299,0.806918627910729,pooled,tokens_only,linear,19,640600314,464,172,74
202,0.6510123051596659,0.5487940123424645,-0.1525852363362955,0.9811415220748908,pooled,total_flops_only,linear,0,1829338324,453,172,74
192,0.6693599437696021,0.5373223770590652,0.0909643598393047,1.0055446427471397,pooled,total_flops_only,linear,1,384259585,463,172,74
203,0.667704907043849,0.5516920712024569,0.19587145820733415,1.04543827830453,pooled,total_flops_only,linear,2,56731231,452,172,74
195,0.6666092500059255,0.5360726783255145,-0.07552602082144454,0.9891979850352536,pooled,total_flops_only,linear,3,1374203058,460,172,74
202,0.6206059710275739,0.5574445753755625,0.39353347253117166,1.0729791213824575,pooled,total_flops_only,linear,4,784857332,453,172,74
216,0.6692728604442093,0.5507251533217732,-0.46832695944450836,0.8973670461743907,pooled,total_flops_only,linear,5,1003451250,439,172,74
179,0.6155202985629452,0.5448193291118438,-0.36081634999268186,0.9273432322872222,pooled,total_flops_only,linear,6,171429433,476,172,74
208,0.6573856625893719,0.5368865894356333,-0.12826756370516543,0.9797368444601082,pooled,total_flops_only,linear,7,795643823,447,172,74
209,0.637770176442325,0.5416341004581428,0.02102903230156066,1.018608525824837,pooled,total_flops_only,linear,8,1381800716,446,172,74
198,0.6433266624212592,0.5687470038151383,-0.0871174815895941,0.9615635541769543,pooled,total_flops_only,linear,9,762179171,457,172,74
194,0.6833873193278946,0.5206646723699101,0.09513086877750415,1.0267238020400113,pooled,total_flops_only,linear,10,1784690067,461,172,74
180,0.6470289798335649,0.551578788371947,0.19788666804176605,1.0428884255646398,pooled,total_flops_only,linear,11,1697625005,475,172,74
189,0.5862690148352848,0.5498109242210605,-0.4048181646759458,0.9294511256413142,pooled,total_flops_only,linear,12,1512746413,466,172,74
207,0.6569225369608265,0.5225425918354275,-0.048858976151760256,1.001154392833668,pooled,total_flops_only,linear,13,1943781587,448,172,74
212,0.7104601101209065,0.5297291924698859,-0.36617134039232785,0.921249449518461,pooled,total_flops_only,linear,14,1548783626,443,172,74
210,0.6519974543408744,0.5410567637510564,0.5898387978423779,1.1320338322683612,pooled,total_flops_only,linear,15,380863078,445,172,74
205,0.6768989527460003,0.5377066846228703,-0.24884806395732997,0.9529706000413176,pooled,total_flops_only,linear,16,1843517862,450,172,74
186,0.6610037831797637,0.5439505577151134,0.39716557566314964,1.0849710270145814,pooled,total_flops_only,linear,17,1401844688,469,172,74
182,0.6755970917383044,0.5316320021355431,0.0453190136607762,1.0032628409875621,pooled,total_flops_only,linear,18,211455622,473,172,74
191,0.6726832202727777,0.5464646647971131,-0.07947823406778923,0.9735523933505744,pooled,total_flops_only,linear,19,640600314,464,172,74
202,0.6334802477015845,0.5624099550841117,-0.06666501351517881,1.0020966993101594,pooled,compute_only,linear,0,1829338324,453,172,74
192,0.6462449635106233,0.5557871610572136,0.022206185373547713,0.9909820187739335,pooled,compute_only,linear,1,384259585,463,172,74
203,0.6491292183534663,0.5669025109263566,0.17385588474472488,1.0410621415423609,pooled,compute_only,linear,2,56731231,452,172,74
195,0.6446638708724286,0.5534349525988205,-0.015102334129365753,1.0001470534177634,pooled,compute_only,linear,3,1374203058,460,172,74
202,0.6118986428694657,0.5638051369801038,0.44750080269320713,1.0877673063024316,pooled,compute_only,linear,4,784857332,453,172,74
216,0.6624735648769798,0.5563574288582965,-0.3424380348350764,0.9290167991680331,pooled,compute_only,linear,5,1003451250,439,172,74
179,0.580538856050004,0.5690647274921343,-0.47212810570742286,0.8985243955158048,pooled,compute_only,linear,6,171429433,476,172,74
208,0.64661994578857,0.5452564430607809,-0.04660080436699327,1.000296541440664,pooled,compute_only,linear,7,795643823,447,172,74
209,0.624232362396853,0.5516626535827565,-0.013342405794685923,1.0117901042177977,pooled,compute_only,linear,8,1381800716,446,172,74
198,0.6362287406986356,0.5743782560652505,-0.02891214665410665,0.9745617894041476,pooled,compute_only,linear,9,762179171,457,172,74
194,0.6584146392887793,0.5408085933993532,0.13272351493420131,1.0323878876864174,pooled,compute_only,linear,10,1784690067,461,172,74
180,0.6345473358120335,0.5612464377939971,0.25786046967328663,1.0567656271623243,pooled,compute_only,linear,11,1697625005,475,172,74
189,0.5548419459310681,0.5703106196815317,-0.4881343393993165,0.91150930202937,pooled,compute_only,linear,12,1512746413,466,172,74
207,0.6304275337995189,0.5423447046179304,-0.09461867131627992,0.9887173716725337,pooled,compute_only,linear,13,1943781587,448,172,74
212,0.70431271102666,0.5353231589797044,-0.2661591140887528,0.9471130892613724,pooled,compute_only,linear,14,1548783626,443,172,74
210,0.6273471100363801,0.5598914904496454,0.4538371875190056,1.1011911650726887,pooled,compute_only,linear,15,380863078,445,172,74
205,0.6631501056467669,0.5490279579610476,-0.17322676837462933,0.9702340537424939,pooled,compute_only,linear,16,1843517862,450,172,74
186,0.6333273929561944,0.5657196106603242,0.25801102004273113,1.051410723229613,pooled,compute_only,linear,17,1401844688,469,172,74
182,0.646909151313102,0.5546410089973306,-0.0528036230259582,0.9809895729003871,pooled,compute_only,linear,18,211455622,473,172,74
191,0.6506209946904304,0.5645811216735093,-0.11364193617188893,0.9647752941716814,pooled,compute_only,linear,19,640600314,464,172,74
202,0.6377950333810521,0.5590897210989373,-0.031613479382013865,1.01118613684436,pooled,compute_memory,linear,0,1829338324,453,172,74
192,0.6393488783708925,0.5611782596578467,-0.011178649310344851,0.9828897236118496,pooled,compute_memory,linear,1,384259585,463,172,74
203,0.6534854360738356,0.5633723454162236,0.19858498253377738,1.0471316521029135,pooled,compute_memory,linear,2,56731231,452,172,74
195,0.6461312228089904,0.5522910723563391,0.01957582615405371,1.0072316730280537,pooled,compute_memory,linear,3,1374203058,460,172,74
202,0.6167822729499153,0.5602466174973678,0.45673039032798385,1.0891531210847498,pooled,compute_memory,linear,4,784857332,453,172,74
216,0.6672452741057031,0.552410737057737,-0.2935864221717044,0.9411664472879312,pooled,compute_memory,linear,5,1003451250,439,172,74
179,0.5514324018943091,0.5884773457390782,-0.6447770922969793,0.8564668589193253,pooled,compute_memory,linear,6,171429433,476,172,74
208,0.6500825352535516,0.5425785232483122,-0.06969452417829956,0.9951055929356385,pooled,compute_memory,linear,7,795643823,447,172,74
209,0.6288225670761469,0.5482828717448477,-0.031720586060788765,1.0078936874033555,pooled,compute_memory,linear,8,1381800716,446,172,74
198,0.6406443186162103,0.5708816145700161,0.012419094677761812,0.9834399028722176,pooled,compute_memory,linear,9,762179171,457,172,74
194,0.6555979419615743,0.5430337571823668,0.1320977279464285,1.0308192619182504,pooled,compute_memory,linear,10,1784690067,461,172,74
180,0.6396488976860487,0.5573152909640229,0.2947774224097691,1.064928320726401,pooled,compute_memory,linear,11,1697625005,475,172,74
189,0.5482802354484373,0.5744984846663441,-0.5685400983982172,0.8939836966200189,pooled,compute_memory,linear,12,1512746413,466,172,74
207,0.617427314544808,0.5518011227848388,-0.2125077178012043,0.9615629921709746,pooled,compute_memory,linear,13,1943781587,448,172,74
212,0.7074259650179812,0.5324975267694573,-0.24078124389630043,0.9533972880417785,pooled,compute_memory,linear,14,1548783626,443,172,74
210,0.6267692864008774,0.5603253972204929,0.340621869629294,1.0764669943258274,pooled,compute_memory,linear,15,380863078,445,172,74
205,0.666172906894837,0.5465589911723618,-0.1348571522440147,0.9798685887927822,pooled,compute_memory,linear,16,1843517862,450,172,74
186,0.6313513382560164,0.5672419371104436,0.24302104707469302,1.047226464710472,pooled,compute_memory,linear,17,1401844688,469,172,74
182,0.639932977031226,0.560093355213069,-0.15787886157873166,0.9567073127762066,pooled,compute_memory,linear,18,211455622,473,172,74
191,0.6471746895882031,0.5673588274107684,-0.13247251935634316,0.957673749296791,pooled,compute_memory,linear,19,640600314,464,172,74
202,0.8218248339542242,0.3921280352243854,0.0011341561833356922,1.0283177486035817,pooled,compute_efficiency,linear,0,1829338324,453,172,74
192,0.8081335746420933,0.4093140821254419,0.11925837559837985,1.0112339914484676,pooled,compute_efficiency,linear,1,384259585,463,172,74
203,0.8377716329621899,0.38547673934290955,0.2408273195845881,1.0590389327066732,pooled,compute_efficiency,linear,2,56731231,452,172,74
195,0.8111361483520461,0.40347935837181004,0.11415728037954166,1.0310250878935376,pooled,compute_efficiency,linear,3,1374203058,460,172,74
202,0.8246025525108236,0.379025197119112,0.23529919431427213,1.0409778789621118,pooled,compute_efficiency,linear,4,784857332,453,172,74
216,0.8343288659599267,0.38978347013090325,-0.05792263605708438,1.0014101972885552,pooled,compute_efficiency,linear,5,1003451250,439,172,74
179,0.7131304236302167,0.4706066340174026,-0.5543885746130677,0.8736284244532387,pooled,compute_efficiency,linear,6,171429433,476,172,74
208,0.8098958654456069,0.39992225340729143,-0.19133634835218713,0.9652020695962792,pooled,compute_efficiency,linear,7,795643823,447,172,74
209,0.8187084099401312,0.38317990545111563,-0.11839140703568786,0.9861668978338326,pooled,compute_efficiency,linear,8,1381800716,446,172,74
198,0.825628701768395,0.3976685991473452,0.3015750354397477,1.0446873375979016,pooled,compute_efficiency,linear,9,762179171,457,172,74
194,0.8096161228482571,0.40374675274587885,0.0929268227860815,1.018566212929445,pooled,compute_efficiency,linear,10,1784690067,461,172,74
180,0.8302049761412423,0.3825608384417769,0.25588660956993337,1.0542221559105969,pooled,compute_efficiency,linear,11,1697625005,475,172,74
189,0.7404867545033794,0.435445799458555,-0.46944282589823755,0.9126543574686156,pooled,compute_efficiency,linear,12,1512746413,466,172,74
207,0.7904991250240793,0.40833679964444247,-0.22852740999769608,0.9574463140147635,pooled,compute_efficiency,linear,13,1943781587,448,172,74
212,0.857594461971173,0.3715037003219515,0.15196914079141463,1.0551650221197983,pooled,compute_efficiency,linear,14,1548783626,443,172,74
210,0.8014816959901426,0.4086503716512868,-0.02603712941207692,0.9994095052081643,pooled,compute_efficiency,linear,15,380863078,445,172,74
205,0.8232401598657502,0.3977114118785714,-0.09636629256003788,0.9920130939382641,pooled,compute_efficiency,linear,16,1843517862,450,172,74
186,0.8018614252278938,0.4158593955515424,0.27728808925113463,1.052841620168162,pooled,compute_efficiency,linear,17,1401844688,469,172,74
182,0.7942756017489037,0.42336177827010935,-0.19909342030629076,0.9431650870019576,pooled,compute_efficiency,linear,18,211455622,473,172,74
191,0.7971382286428896,0.43020757875966115,-0.11540151547650075,0.964093916001705,pooled,compute_efficiency,linear,19,640600314,464,172,74
202,0.8849235314968389,0.3151356747923427,-0.27043517248830257,0.9560669732124751,pooled,memory_efficiency,linear,0,1829338324,453,172,74
192,0.9130827970011809,0.2754926809701275,0.18013909707742692,1.0291472194538325,pooled,memory_efficiency,linear,1,384259585,463,172,74
203,0.9066810471685312,0.29236118047299214,0.09782997180342975,1.0222713608696552,pooled,memory_efficiency,linear,2,56731231,452,172,74
195,0.8982931050523552,0.2960888806983262,0.0016318511036754711,1.0112323893456399,pooled,memory_efficiency,linear,3,1374203058,460,172,74
202,0.9005023691713273,0.285471539877325,0.12966136980146273,1.0257785482299142,pooled,memory_efficiency,linear,4,784857332,453,172,74
216,0.9054799511364623,0.29441637686299116,-0.2893948131099508,0.9340866941180339,pooled,memory_efficiency,linear,5,1003451250,439,172,74
179,0.8595014758936406,0.32934545919812985,-0.20686014354534574,0.9632294146462798,pooled,memory_efficiency,linear,6,171429433,476,172,74
208,0.8773186240931069,0.3212692124525945,-0.12460147054619083,0.9788592718072983,pooled,memory_efficiency,linear,7,795643823,447,172,74
209,0.8982343146439171,0.2870876945906581,0.04636037196768584,1.0190682866137035,pooled,memory_efficiency,linear,8,1381800716,446,172,74
198,0.8866238347254918,0.32065992068146515,0.008332814520924178,0.9819890646823263,pooled,memory_efficiency,linear,9,762179171,457,172,74
194,0.9003881462807867,0.2920447947478697,0.015269478760636893,1.00657331752941,pooled,memory_efficiency,linear,10,1784690067,461,172,74
180,0.8946735525329272,0.30130528508142423,0.010106173930670594,0.9984766581304649,pooled,memory_efficiency,linear,11,1697625005,475,172,74
189,0.8547852794363102,0.32573142759410106,-0.2607751001244998,0.9568733278439735,pooled,memory_efficiency,linear,12,1512746413,466,172,74
207,0.9086485367622993,0.2696394012924407,-0.03696942931388262,1.003046671961377,pooled,memory_efficiency,linear,13,1943781587,448,172,74
212,0.9159651664250912,0.28538383947387447,-0.07333866617348372,0.9912270167066856,pooled,memory_efficiency,linear,14,1548783626,443,172,74
210,0.9069188864180764,0.2798223536868927,0.20778678967880654,1.052234333474622,pooled,memory_efficiency,linear,15,380863078,445,172,74
205,0.8985547696508422,0.30129510018571604,-0.24776699672001062,0.95180424587599,pooled,memory_efficiency,linear,16,1843517862,450,172,74
186,0.8946637885180716,0.3032151158144987,0.24754723098042453,1.0495209175342026,pooled,memory_efficiency,linear,17,1401844688,469,172,74
182,0.8941238306287604,0.30371612928953967,0.033801379295672146,0.997643445246618,pooled,memory_efficiency,linear,18,211455622,473,172,74
191,0.8806935049230583,0.32992102578500426,-0.10893660151175702,0.983531183605558,pooled,memory_efficiency,linear,19,640600314,464,172,74
202,0.9149623550402051,0.27090057033939596,-0.2104288493471641,0.9673512285458158,pooled,full_interpretable,linear,0,1829338324,453,172,74
192,0.9325649361213929,0.24266105471403746,0.06093392165536009,1.0062585170132305,pooled,full_interpretable,linear,1,384259585,463,172,74
203,0.927148939943743,0.25831683814544654,0.16761001445212254,1.0351991935531881,pooled,full_interpretable,linear,2,56731231,452,172,74
195,0.9186997923895761,0.2647236411207742,0.03333396508090358,1.0151480679808393,pooled,full_interpretable,linear,3,1374203058,460,172,74
202,0.9188011255858617,0.2578881889863741,0.05471821288566835,1.0141419575118318,pooled,full_interpretable,linear,4,784857332,453,172,74
216,0.920062246864368,0.2707546747334199,-0.36487374494553354,0.9217540986548053,pooled,full_interpretable,linear,5,1003451250,439,172,74
179,0.9003553421847512,0.27735934883005825,-0.18223062313453933,0.9714665772389832,pooled,full_interpretable,linear,6,171429433,476,172,74
208,0.9140550424469778,0.2688994973175675,-0.004102126814630708,1.00626662553959,pooled,full_interpretable,linear,7,795643823,447,172,74
209,0.9246372702286786,0.24705418063237466,0.025088720900638805,1.0130521132099404,pooled,full_interpretable,linear,8,1381800716,446,172,74
198,0.9136821491673185,0.27979123692226715,-0.047041795664274064,0.9681805035469614,pooled,full_interpretable,linear,9,762179171,457,172,74
194,0.9132773025383993,0.27249613570611203,0.11787590934976375,1.0241756479442463,pooled,full_interpretable,linear,10,1784690067,461,172,74
180,0.9270342770677871,0.2507826436944298,0.12842094510018132,1.0270134971348281,pooled,full_interpretable,linear,11,1697625005,475,172,74
189,0.8937140455984497,0.27867132290862,-0.23256658100450148,0.9625725552537994,pooled,full_interpretable,linear,12,1512746413,466,172,74
207,0.9331700336339817,0.23062756908533927,-0.025433994500308095,1.003958328151315,pooled,full_interpretable,linear,13,1943781587,448,172,74
212,0.936882554462253,0.2473286411069007,-0.18881589946991856,0.9650704813200736,pooled,full_interpretable,linear,14,1548783626,443,172,74
210,0.9251629198929936,0.25090541675039635,0.18220877188523144,1.0438258709017183,pooled,full_interpretable,linear,15,380863078,445,172,74
205,0.931959142573191,0.24675226144601886,-0.1383106683599259,0.9731002771610348,pooled,full_interpretable,linear,16,1843517862,450,172,74
186,0.9254255473358611,0.25512736164710537,0.1756437565747336,1.0317949001932802,pooled,full_interpretable,linear,17,1401844688,469,172,74
182,0.9276508215363108,0.2510646385414619,0.11531626750217205,1.01976917683101,pooled,full_interpretable,linear,18,211455622,473,172,74
191,0.9169217102653693,0.275309833605173,-0.027269800898470586,1.000161950883582,pooled,full_interpretable,linear,19,640600314,464,172,74
202,0.9522983192755634,0.2028949080321714,-0.0629206918451231,0.9918358649711453,pooled,full_plus_hardware,linear,0,1829338324,453,172,74
192,0.9561987520865661,0.19556918964534795,-0.09129723463899793,0.983172943378065,pooled,full_plus_hardware,linear,1,384259585,463,172,74
203,0.9606921312777035,0.18974682902719364,0.04645949553285154,1.0056841122097302,pooled,full_plus_hardware,linear,2,56731231,452,172,74
195,0.9528260719240593,0.2016498580529189,-0.08355349945315599,0.9879067039076549,pooled,full_plus_hardware,linear,3,1374203058,460,172,74
202,0.9477825025949463,0.20680663813193448,0.14930040140603862,1.0485599406208164,pooled,full_plus_hardware,linear,4,784857332,453,172,74
216,0.9503710756379846,0.21333761050116967,-0.29282107171311894,0.9325562451511091,pooled,full_plus_hardware,linear,5,1003451250,439,172,74
179,0.9398148280303089,0.2155562163699331,-0.26713631137388055,0.9457932453850443,pooled,full_plus_hardware,linear,6,171429433,476,172,74
208,0.948495438780842,0.20816256729760574,0.05408417268361944,1.0176891377321597,pooled,full_plus_hardware,linear,7,795643823,447,172,74
209,0.9585992810633884,0.18311243519791348,0.14323241629124464,1.0340325389380094,pooled,full_plus_hardware,linear,8,1381800716,446,172,74
198,0.9541860090858374,0.2038369261711984,-0.05259383036304484,0.976736300278712,pooled,full_plus_hardware,linear,9,762179171,457,172,74
194,0.9510634947130261,0.20469650842202697,0.0029010126875028065,0.9982979516839829,pooled,full_plus_hardware,linear,10,1784690067,461,172,74
180,0.9474225426380342,0.21288145083177767,0.09273209806289419,1.0225387920234978,pooled,full_plus_hardware,linear,11,1697625005,475,172,74
189,0.9403365302557916,0.20878947107061177,0.01884837952518826,1.0153690747580646,pooled,full_plus_hardware,linear,12,1512746413,466,172,74
207,0.9639729303844567,0.1693324022049211,0.07796849154093036,1.0181350540637466,pooled,full_plus_hardware,linear,13,1943781587,448,172,74
212,0.9596856728839042,0.19766483400888324,-0.2537497987233596,0.9413761262377035,pooled,full_plus_hardware,linear,14,1548783626,443,172,74
210,0.965428565749222,0.17053374079252612,0.053660579055205736,1.0153361365082711,pooled,full_plus_hardware,linear,15,380863078,445,172,74
205,0.9541308260632924,0.20259872698431677,-0.06223234120666509,0.9798380238119305,pooled,full_plus_hardware,linear,16,1843517862,450,172,74
186,0.9597178283834599,0.187507411407174,0.0638000682626148,1.0120790969302411,pooled,full_plus_hardware,linear,17,1401844688,469,172,74
182,0.9556625391927946,0.19654144972141208,-0.10115400369661218,0.9741344453046972,pooled,full_plus_hardware,linear,18,211455622,473,172,74
191,0.9543804923522736,0.2040108414426679,-0.12670658224432604,0.9784529298007895,pooled,full_plus_hardware,linear,19,640600314,464,172,74
202,0.952750953889781,0.201929992807479,-0.05271218274303578,0.9937319787897371,pooled,full_plus_hardware_gpu_count,linear,0,1829338324,453,172,74
192,0.9546852796138773,0.1989192653183109,-0.12442585121668907,0.9766034208634821,pooled,full_plus_hardware_gpu_count,linear,1,384259585,463,172,74
203,0.9616723660512043,0.18736599919507446,0.04646887223613454,1.005945350647583,pooled,full_plus_hardware_gpu_count,linear,2,56731231,452,172,74
195,0.953092710471765,0.20107916339267773,-0.07589465401518887,0.9896512119429858,pooled,full_plus_hardware_gpu_count,linear,3,1374203058,460,172,74
202,0.948090508883232,0.20619580884162078,0.1231672438348462,1.0434155152731914,pooled,full_plus_hardware_gpu_count,linear,4,784857332,453,172,74
216,0.9506231359521969,0.212795160731363,-0.2900035556697116,0.933233114224841,pooled,full_plus_hardware_gpu_count,linear,5,1003451250,439,172,74
179,0.9389594472789263,0.21708260661781867,-0.2636047219046384,0.9465307393214603,pooled,full_plus_hardware_gpu_count,linear,6,171429433,476,172,74
208,0.9494706551467236,0.20618241553953523,0.06545071705816739,1.0202395294907527,pooled,full_plus_hardware_gpu_count,linear,7,795643823,447,172,74
209,0.9593739475479621,0.18139119809528184,0.13744896446272878,1.0328998481446874,pooled,full_plus_hardware_gpu_count,linear,8,1381800716,446,172,74
198,0.955143357069351,0.20169595236288476,-0.06912189893611448,0.9730580767711692,pooled,full_plus_hardware_gpu_count,linear,9,762179171,457,172,74
194,0.9517819138955806,0.2031884152115851,0.016304789751591938,1.0012564641852313,pooled,full_plus_hardware_gpu_count,linear,10,1784690067,461,172,74
180,0.9487128617322621,0.21025303079591567,0.08724864875557033,1.0212840305995452,pooled,full_plus_hardware_gpu_count,linear,11,1697625005,475,172,74
189,0.9414572735890294,0.206819180556487,0.02106241249718088,1.0154504070535473,pooled,full_plus_hardware_gpu_count,linear,12,1512746413,466,172,74
207,0.9641188360655712,0.16898916550487156,0.10209509349550107,1.0234098746484777,pooled,full_plus_hardware_gpu_count,linear,13,1943781587,448,172,74
212,0.9607434426688355,0.19505442616907143,-0.24002037620638797,0.9445678482523338,pooled,full_plus_hardware_gpu_count,linear,14,1548783626,443,172,74
210,0.9648010341239249,0.1720745221841939,0.037551784463701485,1.0119013833224,pooled,full_plus_hardware_gpu_count,linear,15,380863078,445,172,74
205,0.9552844164705907,0.20003486801241188,-0.04429186354482807,0.9835696898445137,pooled,full_plus_hardware_gpu_count,linear,16,1843517862,450,172,74
186,0.960680352805481,0.18525366419443073,0.056272944283562935,1.010213359825002,pooled,full_plus_hardware_gpu_count,linear,17,1401844688,469,172,74
182,0.9561892770646677,0.19537048570984986,-0.09905180572617232,0.9745152194145281,pooled,full_plus_hardware_gpu_count,linear,18,211455622,473,172,74
191,0.9555921266078256,0.2012833900397478,-0.13079674520449242,0.9777211727203196,pooled,full_plus_hardware_gpu_count,linear,19,640600314,464,172,74
202,0.58629992476553,0.5975126540681069,0.593074314476614,1.1136853698072962,pooled,runtime_only_postrun,linear,0,1829338324,453,172,74
192,0.6357874009494837,0.5639423072745514,-0.2107506820369972,0.9766131376303271,pooled,runtime_only_postrun,linear,1,384259585,463,172,74
203,0.6006534173361562,0.6047971898666179,-0.13334035283354642,0.9599878966523328,pooled,runtime_only_postrun,linear,2,56731231,452,172,74
195,0.6356117754431294,0.5604399263935222,0.0938222383541159,1.0171897942447492,pooled,runtime_only_postrun,linear,3,1374203058,460,172,74
202,0.5793297387474681,0.5869854732412667,0.1931999413724711,1.0556292578148696,pooled,runtime_only_postrun,linear,4,784857332,453,172,74
216,0.6005387324114784,0.6052535328076595,0.3317787940099508,1.0916786599580985,pooled,runtime_only_postrun,linear,5,1003451250,439,172,74
179,0.5858505175200749,0.565450198002091,-0.4742328898166017,0.8891050863474618,pooled,runtime_only_postrun,linear,6,171429433,476,172,74
208,0.5712938988039631,0.600564451269163,0.09403071393169667,1.0201825416783594,pooled,runtime_only_postrun,linear,7,795643823,447,172,74
209,0.5435343308817314,0.6080201283989276,-0.09211820189032417,0.965411779460294,pooled,runtime_only_postrun,linear,8,1381800716,446,172,74
198,0.6415861776000917,0.5701329931003634,-0.08921305787123693,0.9850034460270144,pooled,runtime_only_postrun,linear,9,762179171,457,172,74
194,0.5965492936828357,0.5877453461371038,-0.2196565418068046,0.9488990638989999,pooled,runtime_only_postrun,linear,10,1784690067,461,172,74
180,0.5664962325838708,0.611271952974947,-0.17408156559179003,0.9726506230033536,pooled,runtime_only_postrun,linear,11,1697625005,475,172,74
189,0.5195414755252542,0.5924917296064094,-0.3974384028497145,0.9223149056500761,pooled,runtime_only_postrun,linear,12,1512746413,466,172,74
207,0.5208287488880241,0.617548366050642,0.3250957144549122,1.0408109593110493,pooled,runtime_only_postrun,linear,13,1943781587,448,172,74
212,0.6361525302221573,0.5938262395348523,0.5270918080406876,1.1182622882119095,pooled,runtime_only_postrun,linear,14,1548783626,443,172,74
210,0.6251448270453339,0.5615434609103703,0.05122070446975344,1.002279189342125,pooled,runtime_only_postrun,linear,15,380863078,445,172,74
205,0.5700883231810623,0.6202487151054965,0.4830514834350175,1.0821659140188866,pooled,runtime_only_postrun,linear,16,1843517862,450,172,74
186,0.6386891669922025,0.5615681807984032,-0.22909554560104717,0.9426745879087147,pooled,runtime_only_postrun,linear,17,1401844688,469,172,74
182,0.5931016105966129,0.5954039778017949,-0.31034186470558456,0.9467666981510479,pooled,runtime_only_postrun,linear,18,211455622,473,172,74
191,0.6600748694037133,0.5568902145808765,0.01964377631074864,1.0179652526650895,pooled,runtime_only_postrun,linear,19,640600314,464,172,74
202,0.8871016566822645,0.31213904102618045,0.03172945363844452,1.0073910097678476,pooled,device_seconds_postrun,linear,0,1829338324,453,172,74
192,0.8829534079908677,0.31969554239518216,-0.11021114175954198,0.9911767404074269,pooled,device_seconds_postrun,linear,1,384259585,463,172,74
203,0.875167193298521,0.3381420225299235,-0.013448699436728665,0.9867500741009143,pooled,device_seconds_postrun,linear,2,56731231,452,172,74
195,0.8847254154592822,0.3152199408327248,-0.12938818728786444,0.974512137171871,pooled,device_seconds_postrun,linear,3,1374203058,460,172,74
202,0.8866166171483398,0.3047411856737346,0.06360260216384928,1.0172284833015361,pooled,device_seconds_postrun,linear,4,784857332,453,172,74
216,0.8739389918993486,0.3400089766314677,0.045668361004963784,1.0330219962994533,pooled,device_seconds_postrun,linear,5,1003451250,439,172,74
179,0.8789504513005815,0.305701370897699,-0.2594658160914207,0.9426422597863252,pooled,device_seconds_postrun,linear,6,171429433,476,172,74
208,0.8747302282228863,0.32464067504044736,-0.0031258198852168154,0.9986766515397645,pooled,device_seconds_postrun,linear,7,795643823,447,172,74
209,0.8592304424610179,0.3376511783453205,0.03247488146248068,0.9926792092248814,pooled,device_seconds_postrun,linear,8,1381800716,446,172,74
198,0.8816443454646672,0.32762595862740157,0.06809542441166071,1.0097511709279614,pooled,device_seconds_postrun,linear,9,762179171,457,172,74
194,0.8755719406623471,0.32640223416021535,-0.11058246005233692,0.9717474559998248,pooled,device_seconds_postrun,linear,10,1784690067,461,172,74
180,0.8712892857834698,0.3330775653828204,0.0016099320954021665,1.0028288069493934,pooled,device_seconds_postrun,linear,11,1697625005,475,172,74
189,0.8635156430507337,0.31578811429159037,-0.17524129565895086,0.968669720431322,pooled,device_seconds_postrun,linear,12,1512746413,466,172,74
207,0.8620986430360326,0.331291177083668,0.06075306659585107,0.9964590225285366,pooled,device_seconds_postrun,linear,13,1943781587,448,172,74
212,0.8811573391639568,0.3393797206306235,0.15051940801401872,1.0447008828605968,pooled,device_seconds_postrun,linear,14,1548783626,443,172,74
210,0.8952302237580378,0.2968722665969919,-0.09614946006849186,0.9763681404863865,pooled,device_seconds_postrun,linear,15,380863078,445,172,74
205,0.876523642205376,0.33240546703845586,0.14324478148591682,1.0213976840291348,pooled,device_seconds_postrun,linear,16,1843517862,450,172,74
186,0.8868979393074303,0.3141935458100228,-0.12104822403010433,0.9651093786851399,pooled,device_seconds_postrun,linear,17,1401844688,469,172,74
182,0.8851049686670416,0.316387538964319,-0.02459651784611616,1.0009802973811057,pooled,device_seconds_postrun,linear,18,211455622,473,172,74
191,0.873738929354901,0.3394006611813887,-0.061124490302984016,1.0015470017648436,pooled,device_seconds_postrun,linear,19,640600314,464,172,74
202,0.9292841367233602,0.24703741314722005,0.004697758969716467,1.007927687117091,pooled,configuration_only_prerun,linear,0,1829338324,453,172,74
192,0.9192846488775053,0.2654821123174776,-0.05902373076327597,0.9890998045113356,pooled,configuration_only_prerun,linear,1,384259585,463,172,74
203,0.9240250690904082,0.2637970504306531,0.06257433901029556,1.0067869798185856,pooled,configuration_only_prerun,linear,2,56731231,452,172,74
195,0.9112051443290687,0.27665645211684803,-0.21451262060070073,0.9570064666089318,pooled,configuration_only_prerun,linear,3,1374203058,460,172,74
202,0.9083690659820962,0.273953910811241,0.3766289267925423,1.096543422546947,pooled,configuration_only_prerun,linear,4,784857332,453,172,74
216,0.9206877535040806,0.26969327728582576,-0.2924743424185856,0.9339479789454825,pooled,configuration_only_prerun,linear,5,1003451250,439,172,74
179,0.8879514790356191,0.2941161437065963,-0.40478319893751696,0.9125594239158753,pooled,configuration_only_prerun,linear,6,171429433,476,172,74
208,0.9162217623907807,0.2654883080148144,0.0047973641498453325,1.0086955437398872,pooled,configuration_only_prerun,linear,7,795643823,447,172,74
209,0.9193794490787898,0.2555269891189263,0.15971248596027635,1.038305840079213,pooled,configuration_only_prerun,linear,8,1381800716,446,172,74
198,0.9171904749155594,0.27404630191279616,0.07650494027491149,1.007107303982333,pooled,configuration_only_prerun,linear,9,762179171,457,172,74
194,0.912137486912663,0.27428102858140635,-0.12971125778275253,0.9682685411639707,pooled,configuration_only_prerun,linear,10,1784690067,461,172,74
180,0.9015528117357494,0.2912994669060693,0.15036774750247683,1.0351293980257674,pooled,configuration_only_prerun,linear,11,1697625005,475,172,74
189,0.9002720155014552,0.2699372766019971,0.05704301830817036,1.0264295484566948,pooled,configuration_only_prerun,linear,12,1512746413,466,172,74
207,0.9273281123000499,0.24049653346765143,-0.059650043515779946,0.9882326499811965,pooled,configuration_only_prerun,linear,13,1943781587,448,172,74
212,0.9174550780518436,0.28284264180335195,-0.4345670017526125,0.8980746180309123,pooled,configuration_only_prerun,linear,14,1548783626,443,172,74
210,0.9318131068351829,0.2394980995363779,0.15856019435657007,1.0380876871908606,pooled,configuration_only_prerun,linear,15,380863078,445,172,74
205,0.9180369145713906,0.27082291109244166,-0.16100686008385431,0.9593549623959087,pooled,configuration_only_prerun,linear,16,1843517862,450,172,74
186,0.9178427074232369,0.26778426859850746,0.08938334206704429,1.0183346662133206,pooled,configuration_only_prerun,linear,17,1401844688,469,172,74
182,0.9215788344429049,0.2613878477301519,-0.13201625514184703,0.9669620926967227,pooled,configuration_only_prerun,linear,18,211455622,473,172,74
191,0.9138288499330334,0.2803876590987397,-0.12847642299693215,0.9723621857736761,pooled,configuration_only_prerun,linear,19,640600314,464,172,74
202,0.9678892162458559,0.16646761606312774,0.22526668336737907,1.0533426224663465,pooled,random_forest_full_postrun,rf,0,1829338324,453,172,74
192,0.9639300477511653,0.17747205492901577,0.27786914258688733,1.0546367106516783,pooled,random_forest_full_postrun,rf,1,384259585,463,172,74
203,0.9724338220559533,0.15889969222889536,0.37761183530869613,1.0816633695665805,pooled,random_forest_full_postrun,rf,2,56731231,452,172,74
195,0.9652439098198936,0.17308616599825588,0.24614589049851893,1.0604591113577924,pooled,random_forest_full_postrun,rf,3,1374203058,460,172,74
202,0.9633259878635878,0.17331480386319817,0.21383454243094316,1.0497323027204366,pooled,random_forest_full_postrun,rf,4,784857332,453,172,74
216,0.9596077431539007,0.19246379936244917,0.4892337465837729,1.1061919889871425,pooled,random_forest_full_postrun,rf,5,1003451250,439,172,74
179,0.9592729497506993,0.1773198181354326,0.1269248261192245,1.0329398499838867,pooled,random_forest_full_postrun,rf,6,171429433,476,172,74
208,0.9554846403340618,0.1935239558690974,0.4318015220739756,1.0970845494730532,pooled,random_forest_full_postrun,rf,7,795643823,447,172,74
209,0.9646467490272499,0.16921099337255388,0.21998734742636877,1.0491624954395335,pooled,random_forest_full_postrun,rf,8,1381800716,446,172,74
198,0.9532705713969194,0.20586334928492384,0.45209866241740576,1.0919657467138213,pooled,random_forest_full_postrun,rf,9,762179171,457,172,74
194,0.9656272317508099,0.17155414428659926,0.27167292786396435,1.058569540915537,pooled,random_forest_full_postrun,rf,10,1784690067,461,172,74
180,0.9642923515729347,0.1754359756683538,0.23477562132225435,1.0485044254192244,pooled,random_forest_full_postrun,rf,11,1697625005,475,172,74
189,0.9535785248461573,0.18416784634392352,0.12400176326830774,1.0312875368542687,pooled,random_forest_full_postrun,rf,12,1512746413,466,172,74
207,0.967999456754922,0.159589485865071,0.2132601997971293,1.0478201869541421,pooled,random_forest_full_postrun,rf,13,1943781587,448,172,74
212,0.9557194256348618,0.2071602026208559,0.43152325094707167,1.1022121549953785,pooled,random_forest_full_postrun,rf,14,1548783626,443,172,74
210,0.9706090988307629,0.15723820280666523,0.2894353483348496,1.0641312077431033,pooled,random_forest_full_postrun,rf,15,380863078,445,172,74
205,0.9627392295575836,0.18260058644376514,0.3532525237532469,1.0780585977787553,pooled,random_forest_full_postrun,rf,16,1843517862,450,172,74
186,0.9669869774061407,0.16974799183972034,0.31926108507519635,1.0668689603724753,pooled,random_forest_full_postrun,rf,17,1401844688,469,172,74
182,0.9616669269788829,0.1827492337098168,0.3731341217622594,1.080732589151543,pooled,random_forest_full_postrun,rf,18,211455622,473,172,74
191,0.9582741095058276,0.1951105518033875,0.29900575679452085,1.0755916290386547,pooled,random_forest_full_postrun,rf,19,640600314,464,172,74
202,0.9785803842025026,0.13595968369822303,0.05686256536265889,1.0125391149910221,pooled,hist_gradient_boosting_full_postrun,hgb,0,1829338324,453,172,74
192,0.9743538456561391,0.149647105168442,-0.07551040989162844,0.9828116583524763,pooled,hist_gradient_boosting_full_postrun,hgb,1,384259585,463,172,74
203,0.9843160113045588,0.11985689940925288,0.0431411988045818,1.0124119679260422,pooled,hist_gradient_boosting_full_postrun,hgb,2,56731231,452,172,74
195,0.9723235232157508,0.15445511749125504,-0.02855077276510186,0.997350850684233,pooled,hist_gradient_boosting_full_postrun,hgb,3,1374203058,460,172,74
202,0.9730307163524431,0.14862475554526186,-0.037009332005085396,0.9948258430583456,pooled,hist_gradient_boosting_full_postrun,hgb,4,784857332,453,172,74
216,0.9719828384391865,0.16029207923330097,0.16151682680660037,1.0330977453239658,pooled,hist_gradient_boosting_full_postrun,hgb,5,1003451250,439,172,74
179,0.9708799569048507,0.14993803179662663,-0.01710185843312295,0.9933717358541746,pooled,hist_gradient_boosting_full_postrun,hgb,6,171429433,476,172,74
208,0.9690858864599278,0.1612717090966079,0.05546187523672785,1.0119459006739235,pooled,hist_gradient_boosting_full_postrun,hgb,7,795643823,447,172,74
209,0.9829664167263468,0.11745375504529376,0.004541758450934077,1.0056075934232334,pooled,hist_gradient_boosting_full_postrun,hgb,8,1381800716,446,172,74
198,0.9772780767998136,0.14355103983654668,0.11869046845501405,1.0244106463400213,pooled,hist_gradient_boosting_full_postrun,hgb,9,762179171,457,172,74
194,0.9751791906918925,0.14578133666476295,0.027594628090227086,0.99933830234816,pooled,hist_gradient_boosting_full_postrun,hgb,10,1784690067,461,172,74
180,0.9806143535065118,0.12926417414914315,0.06268095518320668,1.0149043363190682,pooled,hist_gradient_boosting_full_postrun,hgb,11,1697625005,475,172,74
189,0.976747413567927,0.13034367890211862,0.006763307208478409,1.0037971300398758,pooled,hist_gradient_boosting_full_postrun,hgb,12,1512746413,466,172,74
207,0.9768187926826357,0.13582935099756535,-0.0007061814301691115,1.0009276724154843,pooled,hist_gradient_boosting_full_postrun,hgb,13,1943781587,448,172,74
212,0.9803341951396408,0.1380560893256871,0.04048740537095861,1.0128336544218972,pooled,hist_gradient_boosting_full_postrun,hgb,14,1548783626,443,172,74
210,0.9822429757434278,0.12221843380987227,-0.02224024646412494,0.9951735385275832,pooled,hist_gradient_boosting_full_postrun,hgb,15,380863078,445,172,74
205,0.9740131492952611,0.1524941130811518,0.0067386224534205525,0.9997074345325749,pooled,hist_gradient_boosting_full_postrun,hgb,16,1843517862,450,172,74
186,0.9811451628294983,0.12828426602188953,0.012451122316993884,1.00174381362899,pooled,hist_gradient_boosting_full_postrun,hgb,17,1401844688,469,172,74
182,0.9736591447436255,0.15148990118525577,0.084637614963554,1.0165067024611982,pooled,hist_gradient_boosting_full_postrun,hgb,18,211455622,473,172,74
191,0.9794454606238286,0.13694047330419304,0.13297143280895024,1.0288495509333209,pooled,hist_gradient_boosting_full_postrun,hgb,19,640600314,464,172,74
202,0.9534163166503952,0.20050315911922603,0.1813126558855007,1.043349836861463,pooled,random_forest_configuration_prerun,rf,0,1829338324,453,172,74
192,0.9516676118041363,0.20543589184968622,0.2388631431945053,1.0459285151466873,pooled,random_forest_configuration_prerun,rf,1,384259585,463,172,74
203,0.9570252575387608,0.1983998866789928,0.2819871471123301,1.0596978736157914,pooled,random_forest_configuration_prerun,rf,2,56731231,452,172,74
195,0.9550998115431601,0.19673017681081992,0.14990939057742686,1.038788489640857,pooled,random_forest_configuration_prerun,rf,3,1374203058,460,172,74
202,0.9472280415875473,0.20790170624087662,0.196676260312885,1.0457833126313778,pooled,random_forest_configuration_prerun,rf,4,784857332,453,172,74
216,0.9431694225775418,0.2282921769667451,0.4604766588881434,1.093647851146529,pooled,random_forest_configuration_prerun,rf,5,1003451250,439,172,74
179,0.9413316352055959,0.2128226226826255,0.13646000662391936,1.0333680207569855,pooled,random_forest_configuration_prerun,rf,6,171429433,476,172,74
208,0.9469191630509883,0.21132392607506956,0.37474109570971215,1.0851788862823761,pooled,random_forest_configuration_prerun,rf,7,795643823,447,172,74
209,0.9483741049198237,0.20447852047962503,0.17697377415379892,1.0414639691219787,pooled,random_forest_configuration_prerun,rf,8,1381800716,446,172,74
198,0.9423294242781756,0.22869725000441612,0.3984097709341937,1.0804603320346906,pooled,random_forest_configuration_prerun,rf,9,762179171,457,172,74
194,0.9559053848599237,0.1943062352022076,0.1395119857416208,1.0343568294634147,pooled,random_forest_configuration_prerun,rf,10,1784690067,461,172,74
180,0.9440867395473805,0.21953079006165804,0.14953360870098384,1.0293841403718627,pooled,random_forest_configuration_prerun,rf,11,1697625005,475,172,74
189,0.9394450884855904,0.2103434669758893,0.14553669860225,1.0351999720883065,pooled,random_forest_configuration_prerun,rf,12,1512746413,466,172,74
207,0.9565425743206359,0.18597629785117328,0.11314862708858972,1.028506383120294,pooled,random_forest_configuration_prerun,rf,13,1943781587,448,172,74
212,0.9532468884158124,0.21286534568064863,0.41945946666730344,1.095856651197681,pooled,random_forest_configuration_prerun,rf,14,1548783626,443,172,74
210,0.9554534508792413,0.19357918328715215,0.2716030095308569,1.0610130393499586,pooled,random_forest_configuration_prerun,rf,15,380863078,445,172,74
205,0.9476530760637116,0.21643218098792383,0.2466110962761818,1.053921221730076,pooled,random_forest_configuration_prerun,rf,16,1843517862,450,172,74
186,0.949893359308055,0.20912677697230792,0.25465389209882733,1.0546648341856109,pooled,random_forest_configuration_prerun,rf,17,1401844688,469,172,74
182,0.9462032959387627,0.21649435697015226,0.31405238664883856,1.0695584168343915,pooled,random_forest_configuration_prerun,rf,18,211455622,473,172,74
191,0.9463586098524237,0.22122182071040233,0.22343862998920921,1.0591737242861916,pooled,random_forest_configuration_prerun,rf,19,640600314,464,172,74
202,0.9750947445312564,0.1466053461485284,0.06393548435194157,1.0140773835558465,pooled,hist_gradient_boosting_configuration_prerun,hgb,0,1829338324,453,172,74
192,0.970001388776069,0.161848161009705,-0.015181578073592095,0.9963831989004005,pooled,hist_gradient_boosting_configuration_prerun,hgb,1,384259585,463,172,74
203,0.9731275871359899,0.15688741600047323,-0.03140875821397173,0.9948335976014931,pooled,hist_gradient_boosting_configuration_prerun,hgb,2,56731231,452,172,74
195,0.9718325362230845,0.15581912907285542,-0.014236662140210271,1.0023825334227288,pooled,hist_gradient_boosting_configuration_prerun,hgb,3,1374203058,460,172,74
202,0.9683124450211719,0.1611019558278917,-0.020383579088572502,0.998180138724484,pooled,hist_gradient_boosting_configuration_prerun,hgb,4,784857332,453,172,74
216,0.961616447750125,0.1876171685361174,0.19125022179507087,1.0370886422983185,pooled,hist_gradient_boosting_configuration_prerun,hgb,5,1003451250,439,172,74
179,0.971336323035646,0.1487584858996478,-0.06508126733266024,0.9884188574013715,pooled,hist_gradient_boosting_configuration_prerun,hgb,6,171429433,476,172,74
208,0.9693083302327063,0.16069044297686289,0.020198886085188005,1.0036113868736394,pooled,hist_gradient_boosting_configuration_prerun,hgb,7,795643823,447,172,74
209,0.9775321763140773,0.13489454899661887,0.07528620996083567,1.0192451862925975,pooled,hist_gradient_boosting_configuration_prerun,hgb,8,1381800716,446,172,74
198,0.9718138134380524,0.1598828790156374,0.14942865554337179,1.029040901466611,pooled,hist_gradient_boosting_configuration_prerun,hgb,9,762179171,457,172,74
194,0.9708601418826089,0.15795656302625669,0.05002165593341566,1.0094711799192972,pooled,hist_gradient_boosting_configuration_prerun,hgb,10,1784690067,461,172,74
180,0.9726576270538642,0.15351687906603761,0.01686920207002813,1.0053525062909072,pooled,hist_gradient_boosting_configuration_prerun,hgb,11,1697625005,475,172,74
189,0.9719972048208205,0.14303918694857645,0.013261393266208427,1.0067627708082352,pooled,hist_gradient_boosting_configuration_prerun,hgb,12,1512746413,466,172,74
207,0.9701830508257383,0.15404840378284607,-0.04785979931849012,0.9923215817893452,pooled,hist_gradient_boosting_configuration_prerun,hgb,13,1943781587,448,172,74
212,0.9616630907394575,0.1927561542045888,0.011373352050738791,1.0059286433812156,pooled,hist_gradient_boosting_configuration_prerun,hgb,14,1548783626,443,172,74
210,0.9806815560073435,0.1274787192845683,0.05296370670518426,1.0114727475461343,pooled,hist_gradient_boosting_configuration_prerun,hgb,15,380863078,445,172,74
205,0.9716660161682042,0.15923189864894133,-0.028187645742858532,0.9922163883355232,pooled,hist_gradient_boosting_configuration_prerun,hgb,16,1843517862,450,172,74
186,0.9710492803771186,0.15896140119976265,0.044154775257812105,1.0100102481818851,pooled,hist_gradient_boosting_configuration_prerun,hgb,17,1401844688,469,172,74
182,0.9669860987238181,0.16959661133714987,0.07499357142680876,1.0163222467445985,pooled,hist_gradient_boosting_configuration_prerun,hgb,18,211455622,473,172,74
191,0.9657375645357329,0.17680195602327856,0.08884920975697476,1.0213513936144687,pooled,hist_gradient_boosting_configuration_prerun,hgb,19,640600314,464,172,74
